Census year,CLUE small area,ANZSIC indusrty,Business size,Total establishments,Total jobs
2002,Carlton,Accommodation and Food Services,Medium business,15,466
2002,Carlton,Accommodation and Food Services,Small business,165,1210
2002,Carlton,Administrative and Support Services,Medium business,4,110
2002,Carlton,Administrative and Support Services,Small business,36,208
2002,Carlton,Arts and Recreation Services,Non employing,15,0
2002,Carlton,Construction,Medium business,4,278
2002,Carlton,Construction,Small business,9,68
2002,Carlton,Education and Training,Medium business,15,1087
2002,Carlton,Financial and Insurance Services,Medium business,8,450
2002,Carlton,Health Care and Social Assistance,Large business,4,2483
2002,Carlton,Information Media and Telecommunications,Large business,1,
2002,Carlton,Information Media and Telecommunications,Medium business,7,414
2002,Carlton,Manufacturing,Small business,30,180
2002,Carlton,Other Services,Medium business,18,856
2002,Carlton,Other Services,Small business,122,602
2002,Carlton,Public Administration and Safety,Small business,7,29
2002,Carlton,"Rental, Hiring and Real Estate Services",Small business,14,88
2002,Carlton,Retail Trade,Large business,1,
2002,Carlton,Retail Trade,Medium business,7,487
2002,Carlton,"Transport, Postal and Warehousing",Small business,8,58
2002,Docklands,Accommodation and Food Services,Large business,2,
2002,Docklands,Administrative and Support Services,Large business,1,
2002,Docklands,Administrative and Support Services,Medium business,1,
2002,Docklands,"Agriculture, Forestry and Fishing",Small business,1,
2002,Docklands,Arts and Recreation Services,Medium business,1,
2002,Docklands,Arts and Recreation Services,Non employing,2,
2002,Docklands,Construction,Small business,3,23
2002,Docklands,Education and Training,Small business,1,
2002,Docklands,"Electricity, Gas, Water and Waste Services",Non employing,5,0
2002,Docklands,Health Care and Social Assistance,Small business,3,18
2002,Docklands,Information Media and Telecommunications,Large business,1,
2002,Docklands,Information Media and Telecommunications,Small business,2,
2002,Docklands,Manufacturing,Small business,3,12
2002,Docklands,Other Services,Small business,12,40
2002,Docklands,Public Administration and Safety,Medium business,3,341
2002,Docklands,Retail Trade,Medium business,1,
2002,Docklands,"Transport, Postal and Warehousing",Large business,1,
2002,Docklands,"Transport, Postal and Warehousing",Non employing,5,0
2002,Docklands,"Transport, Postal and Warehousing",Small business,22,149
2002,East Melbourne,Arts and Recreation Services,Large business,1,
2002,East Melbourne,Arts and Recreation Services,Non employing,16,0
2002,East Melbourne,Construction,Small business,4,31
2002,East Melbourne,Education and Training,Medium business,7,472
2002,East Melbourne,"Electricity, Gas, Water and Waste Services",Large business,1,
2002,East Melbourne,Health Care and Social Assistance,Large business,5,4904
2002,East Melbourne,Health Care and Social Assistance,Non employing,1,
2002,East Melbourne,Information Media and Telecommunications,Medium business,1,
2002,East Melbourne,Information Media and Telecommunications,Small business,9,49
2002,East Melbourne,Other Services,Medium business,5,412
2002,East Melbourne,Other Services,Small business,31,154
2002,East Melbourne,"Professional, Scientific and Technical Services",Medium business,19,701
2002,East Melbourne,Public Administration and Safety,Large business,8,3593
2002,East Melbourne,Public Administration and Safety,Medium business,5,329
2002,East Melbourne,"Rental, Hiring and Real Estate Services",Small business,4,38
2002,East Melbourne,Retail Trade,Small business,15,59
2002,Kensington,Education and Training,Small business,1,
2002,Kensington,"Electricity, Gas, Water and Waste Services",Non employing,4,0
2002,Kensington,Financial and Insurance Services,Small business,2,
2002,Kensington,Health Care and Social Assistance,Medium business,1,
2002,Kensington,Health Care and Social Assistance,Small business,7,22
2002,Kensington,Manufacturing,Small business,14,119
2002,Kensington,"Professional, Scientific and Technical Services",Small business,6,29
2002,Kensington,"Rental, Hiring and Real Estate Services",Medium business,1,
2002,Melbourne (CBD),Accommodation and Food Services,Large business,4,1730
2002,Melbourne (CBD),Administrative and Support Services,Medium business,78,3771
2002,Melbourne (CBD),Administrative and Support Services,Non employing,4,0
2002,Melbourne (CBD),Construction,Small business,57,334
2002,Melbourne (CBD),Education and Training,Large business,5,2632
2002,Melbourne (CBD),Education and Training,Medium business,36,1999
2002,Melbourne (CBD),"Electricity, Gas, Water and Waste Services",Large business,4,1495
2002,Melbourne (CBD),"Electricity, Gas, Water and Waste Services",Medium business,6,538
2002,Melbourne (CBD),"Electricity, Gas, Water and Waste Services",Non employing,33,0
2002,Melbourne (CBD),Financial and Insurance Services,Medium business,147,8768
2002,Melbourne (CBD),Health Care and Social Assistance,Small business,312,1318
2002,Melbourne (CBD),Information Media and Telecommunications,Medium business,49,3066
2002,Melbourne (CBD),Information Media and Telecommunications,Non employing,5,0
2002,Melbourne (CBD),Other Services,Non employing,57,0
2002,Melbourne (CBD),Other Services,Small business,501,2132
2002,Melbourne (CBD),"Professional, Scientific and Technical Services",Medium business,228,11826
2002,Melbourne (CBD),"Rental, Hiring and Real Estate Services",Medium business,22,1021
2002,Melbourne (CBD),Retail Trade,Large business,7,4160
2002,Melbourne (CBD),Retail Trade,Small business,1237,5695
2002,Melbourne (Remainder),Accommodation and Food Services,Medium business,6,261
2002,Melbourne (Remainder),Administrative and Support Services,Small business,23,147
2002,Melbourne (Remainder),Arts and Recreation Services,Non employing,22,0
2002,Melbourne (Remainder),Arts and Recreation Services,Small business,9,72
2002,Melbourne (Remainder),Education and Training,Large business,2,
2002,Melbourne (Remainder),Financial and Insurance Services,Small business,25,140
2002,Melbourne (Remainder),Information Media and Telecommunications,Small business,5,27
2002,Melbourne (Remainder),Manufacturing,Small business,5,24
2002,Melbourne (Remainder),Mining,Small business,2,
2002,Melbourne (Remainder),Other Services,Medium business,2,
2002,Melbourne (Remainder),Public Administration and Safety,Medium business,2,
2002,Melbourne (Remainder),"Rental, Hiring and Real Estate Services",Small business,5,28
2002,Melbourne (Remainder),Retail Trade,Large business,1,
2002,Melbourne (Remainder),Retail Trade,Small business,15,66
2002,Melbourne (Remainder),"Transport, Postal and Warehousing",Small business,6,38
2002,North Melbourne,Administrative and Support Services,Medium business,7,345
2002,North Melbourne,Construction,Non employing,1,
2002,North Melbourne,Education and Training,Small business,8,38
2002,North Melbourne,"Electricity, Gas, Water and Waste Services",Non employing,21,0
2002,North Melbourne,Health Care and Social Assistance,Medium business,3,306
2002,North Melbourne,Manufacturing,Medium business,8,350
2002,North Melbourne,Manufacturing,Small business,56,307
2002,North Melbourne,Other Services,Medium business,4,193
2002,North Melbourne,Public Administration and Safety,Small business,2,
2002,North Melbourne,"Rental, Hiring and Real Estate Services",Small business,14,116
2002,North Melbourne,Retail Trade,Small business,87,358
2002,North Melbourne,"Transport, Postal and Warehousing",Non employing,2,
2002,North Melbourne,"Transport, Postal and Warehousing",Small business,35,181
2002,Parkville,Accommodation and Food Services,Non employing,10,0
2002,Parkville,Accommodation and Food Services,Small business,31,252
2002,Parkville,Administrative and Support Services,Small business,3,15
2002,Parkville,"Electricity, Gas, Water and Waste Services",Medium business,1,
2002,Parkville,"Electricity, Gas, Water and Waste Services",Non employing,6,0
2002,Parkville,Manufacturing,Large business,1,
2002,Parkville,Other Services,Medium business,3,77
2002,Parkville,Other Services,Non employing,1,
2002,Parkville,Other Services,Small business,17,103
2002,Parkville,"Professional, Scientific and Technical Services",Medium business,2,
2002,Parkville,Public Administration and Safety,Medium business,1,
2002,Parkville,Public Administration and Safety,Small business,2,
2002,Parkville,Retail Trade,Small business,16,65
2002,Parkville,"Transport, Postal and Warehousing",Small business,3,9
2002,Parkville,Wholesale Trade,Small business,3,18
2002,Port Melbourne,Administrative and Support Services,Small business,5,44
2002,Port Melbourne,Arts and Recreation Services,Non employing,5,0
2002,Port Melbourne,Education and Training,Medium business,1,
2002,Port Melbourne,Financial and Insurance Services,Small business,2,
2002,Port Melbourne,Information Media and Telecommunications,Non employing,1,
2002,Port Melbourne,Manufacturing,Large business,6,4951
2002,Port Melbourne,Manufacturing,Medium business,12,680
2002,Port Melbourne,Manufacturing,Small business,19,179
2002,Port Melbourne,"Professional, Scientific and Technical Services",Medium business,8,603
2002,Port Melbourne,Public Administration and Safety,Large business,1,
2002,Port Melbourne,Public Administration and Safety,Small business,1,
2002,Port Melbourne,"Rental, Hiring and Real Estate Services",Medium business,1,
2002,Port Melbourne,Retail Trade,Medium business,3,98
2002,Port Melbourne,"Transport, Postal and Warehousing",Large business,2,
2002,Port Melbourne,Wholesale Trade,Large business,3,852
2002,South Yarra,Accommodation and Food Services,Medium business,3,71
2002,South Yarra,Accommodation and Food Services,Small business,11,66
2002,South Yarra,Administrative and Support Services,Small business,1,
2002,South Yarra,Arts and Recreation Services,Non employing,3,0
2002,South Yarra,Arts and Recreation Services,Small business,1,
2002,South Yarra,Education and Training,Large business,1,
2002,South Yarra,Education and Training,Medium business,2,
2002,South Yarra,Education and Training,Small business,6,29
2002,South Yarra,Health Care and Social Assistance,Small business,5,19
2002,South Yarra,Information Media and Telecommunications,Small business,1,
2002,South Yarra,Other Services,Non employing,3,0
2002,South Yarra,Other Services,Small business,8,34
2002,South Yarra,Public Administration and Safety,Small business,2,
2002,Southbank,Accommodation and Food Services,Medium business,39,1642
2002,Southbank,Administrative and Support Services,Medium business,4,101
2002,Southbank,Construction,Medium business,4,148
2002,Southbank,Financial and Insurance Services,Medium business,7,433
2002,Southbank,Information Media and Telecommunications,Medium business,22,1616
2002,Southbank,Information Media and Telecommunications,Non employing,1,
2002,Southbank,Manufacturing,Large business,4,2018
2002,Southbank,Mining,Large business,2,
2002,Southbank,Other Services,Non employing,8,0
2002,Southbank,"Professional, Scientific and Technical Services",Large business,2,
2002,Southbank,Public Administration and Safety,Medium business,7,309
2002,Southbank,"Rental, Hiring and Real Estate Services",Small business,13,77
2002,Southbank,Retail Trade,Medium business,8,358
2002,Southbank,Wholesale Trade,Small business,19,109
2002,West Melbourne (Industrial),Accommodation and Food Services,Small business,10,36
2002,West Melbourne (Industrial),Arts and Recreation Services,Non employing,5,0
2002,West Melbourne (Industrial),"Electricity, Gas, Water and Waste Services",Medium business,1,
2002,West Melbourne (Industrial),"Electricity, Gas, Water and Waste Services",Non employing,7,0
2002,West Melbourne (Industrial),Other Services,Small business,8,47
2002,West Melbourne (Industrial),"Professional, Scientific and Technical Services",Small business,6,35
2002,West Melbourne (Industrial),Retail Trade,Small business,8,37
2002,West Melbourne (Industrial),"Transport, Postal and Warehousing",Large business,3,1088
2002,West Melbourne (Residential),Accommodation and Food Services,Medium business,1,
2002,West Melbourne (Residential),Accommodation and Food Services,Non employing,1,
2002,West Melbourne (Residential),Accommodation and Food Services,Small business,42,292
2002,West Melbourne (Residential),Administrative and Support Services,Small business,19,99
2002,West Melbourne (Residential),Construction,Medium business,2,
2002,West Melbourne (Residential),Construction,Small business,9,50
2002,West Melbourne (Residential),Financial and Insurance Services,Large business,1,
2002,West Melbourne (Residential),Health Care and Social Assistance,Medium business,4,159
2002,West Melbourne (Residential),Mining,Small business,1,
2002,West Melbourne (Residential),Public Administration and Safety,Small business,4,18
2002,West Melbourne (Residential),"Rental, Hiring and Real Estate Services",Medium business,1,
2002,West Melbourne (Residential),"Rental, Hiring and Real Estate Services",Small business,3,17
2002,West Melbourne (Residential),Retail Trade,Medium business,4,266
2002,West Melbourne (Residential),Retail Trade,Small business,43,201
2002,West Melbourne (Residential),"Transport, Postal and Warehousing",Non employing,2,
2003,Carlton,Accommodation and Food Services,Non employing,5,0
2003,Carlton,Administrative and Support Services,Medium business,4,164
2003,Carlton,Administrative and Support Services,Small business,33,217
2003,Carlton,Arts and Recreation Services,Large business,1,
2003,Carlton,Arts and Recreation Services,Medium business,2,
2003,Carlton,Education and Training,Non employing,6,0
2003,Carlton,Health Care and Social Assistance,Small business,78,443
2003,Carlton,Information Media and Telecommunications,Non employing,1,
2003,Carlton,Other Services,Non employing,13,0
2003,Carlton,"Professional, Scientific and Technical Services",Medium business,17,740
2003,Carlton,Public Administration and Safety,Medium business,8,446
2003,Carlton,Retail Trade,Large business,1,
2003,Carlton,"Transport, Postal and Warehousing",Non employing,4,0
2003,Carlton,"Transport, Postal and Warehousing",Small business,7,30
2003,Carlton,Wholesale Trade,Small business,23,99
2003,Docklands,Accommodation and Food Services,Medium business,9,505
2003,Docklands,Arts and Recreation Services,Medium business,2,
2003,Docklands,Arts and Recreation Services,Small business,3,14
2003,Docklands,Financial and Insurance Services,Non employing,1,
2003,Docklands,Other Services,Non employing,3,0
2003,Docklands,"Professional, Scientific and Technical Services",Non employing,1,
2003,Docklands,Public Administration and Safety,Large business,3,2931
2003,Docklands,"Rental, Hiring and Real Estate Services",Small business,2,
2003,Docklands,Retail Trade,Medium business,1,
2003,Docklands,Retail Trade,Non employing,1,
2003,Docklands,Retail Trade,Small business,14,58
2003,Docklands,"Transport, Postal and Warehousing",Small business,11,51
2003,East Melbourne,Accommodation and Food Services,Medium business,4,174
2003,East Melbourne,Accommodation and Food Services,Small business,43,258
2003,East Melbourne,"Agriculture, Forestry and Fishing",Small business,1,
2003,East Melbourne,Arts and Recreation Services,Large business,1,
2003,East Melbourne,Arts and Recreation Services,Non employing,14,0
2003,East Melbourne,Education and Training,Small business,6,62
2003,East Melbourne,Financial and Insurance Services,Large business,2,
2003,East Melbourne,Financial and Insurance Services,Medium business,6,464
2003,East Melbourne,Financial and Insurance Services,Small business,7,49
2003,East Melbourne,Health Care and Social Assistance,Large business,6,5089
2003,East Melbourne,Health Care and Social Assistance,Non employing,1,
2003,East Melbourne,Health Care and Social Assistance,Small business,85,461
2003,East Melbourne,Information Media and Telecommunications,Large business,1,
2003,East Melbourne,Manufacturing,Large business,1,
2003,East Melbourne,Manufacturing,Small business,5,40
2003,East Melbourne,Other Services,Non employing,4,0
2003,East Melbourne,Public Administration and Safety,Large business,8,3209
2003,East Melbourne,Public Administration and Safety,Medium business,6,363
2003,East Melbourne,Public Administration and Safety,Small business,3,22
2003,East Melbourne,Retail Trade,Non employing,1,
2003,Kensington,Accommodation and Food Services,Medium business,1,
2003,Kensington,Arts and Recreation Services,Medium business,7,315
2003,Kensington,Arts and Recreation Services,Non employing,39,0
2003,Kensington,Health Care and Social Assistance,Non employing,1,
2003,Kensington,Health Care and Social Assistance,Small business,7,22
2003,Kensington,Public Administration and Safety,Small business,2,
2003,Kensington,"Rental, Hiring and Real Estate Services",Medium business,1,
2003,Kensington,"Transport, Postal and Warehousing",Medium business,1,
2003,Kensington,"Transport, Postal and Warehousing",Small business,3,14
2003,Melbourne (CBD),Accommodation and Food Services,Large business,4,1730
2003,Melbourne (CBD),Accommodation and Food Services,Medium business,124,5752
2003,Melbourne (CBD),Administrative and Support Services,Non employing,4,0
2003,Melbourne (CBD),"Agriculture, Forestry and Fishing",Small business,6,30
2003,Melbourne (CBD),Arts and Recreation Services,Medium business,16,1032
2003,Melbourne (CBD),Construction,Medium business,10,616
2003,Melbourne (CBD),Education and Training,Small business,98,713
2003,Melbourne (CBD),"Electricity, Gas, Water and Waste Services",Small business,10,94
2003,Melbourne (CBD),Financial and Insurance Services,Medium business,147,8768
2003,Melbourne (CBD),Other Services,Medium business,44,2042
2003,Melbourne (CBD),Other Services,Non employing,57,0
2003,Melbourne (CBD),Public Administration and Safety,Large business,25,13185
2003,Melbourne (CBD),Public Administration and Safety,Non employing,1,
2003,Melbourne (CBD),Retail Trade,Medium business,60,2725
2003,Melbourne (CBD),Retail Trade,Small business,1237,5695
2003,Melbourne (CBD),"Transport, Postal and Warehousing",Non employing,13,0
2003,Melbourne (CBD),"Transport, Postal and Warehousing",Small business,85,582
2003,Melbourne (Remainder),Accommodation and Food Services,Medium business,6,261
2003,Melbourne (Remainder),Arts and Recreation Services,Non employing,22,0
2003,Melbourne (Remainder),Construction,Medium business,2,
2003,Melbourne (Remainder),Construction,Small business,3,24
2003,Melbourne (Remainder),Financial and Insurance Services,Large business,4,1533
2003,Melbourne (Remainder),Financial and Insurance Services,Medium business,10,461
2003,Melbourne (Remainder),Health Care and Social Assistance,Medium business,3,195
2003,Melbourne (Remainder),Health Care and Social Assistance,Small business,49,224
2003,Melbourne (Remainder),Manufacturing,Small business,5,24
2003,Melbourne (Remainder),Mining,Large business,1,
2003,Melbourne (Remainder),Other Services,Medium business,2,
2003,Melbourne (Remainder),Other Services,Small business,19,64
2003,Melbourne (Remainder),"Professional, Scientific and Technical Services",Non employing,1,
2003,Melbourne (Remainder),Retail Trade,Large business,1,
2003,Melbourne (Remainder),"Transport, Postal and Warehousing",Medium business,1,
2003,Melbourne (Remainder),Wholesale Trade,Small business,5,23
2003,North Melbourne,Accommodation and Food Services,Small business,81,478
2003,North Melbourne,Arts and Recreation Services,Non employing,9,0
2003,North Melbourne,Construction,Small business,15,99
2003,North Melbourne,Education and Training,Non employing,1,
2003,North Melbourne,Health Care and Social Assistance,Large business,1,
2003,North Melbourne,Manufacturing,Medium business,8,238
2003,North Melbourne,Manufacturing,Small business,68,349
2003,North Melbourne,Public Administration and Safety,Medium business,3,112
2003,North Melbourne,Public Administration and Safety,Small business,1,
2003,North Melbourne,"Rental, Hiring and Real Estate Services",Medium business,2,
2003,North Melbourne,Retail Trade,Small business,90,355
2003,North Melbourne,Wholesale Trade,Non employing,2,
2003,North Melbourne,Wholesale Trade,Small business,57,317
2003,Parkville,Accommodation and Food Services,Non employing,2,
2003,Parkville,Administrative and Support Services,Small business,3,13
2003,Parkville,Arts and Recreation Services,Large business,1,
2003,Parkville,Arts and Recreation Services,Non employing,13,0
2003,Parkville,Education and Training,Medium business,6,499
2003,Parkville,Education and Training,Small business,4,34
2003,Parkville,Financial and Insurance Services,Medium business,1,
2003,Parkville,Information Media and Telecommunications,Small business,1,
2003,Parkville,Manufacturing,Large business,1,
2003,Parkville,Manufacturing,Medium business,1,
2003,Parkville,Manufacturing,Small business,2,
2003,Parkville,Other Services,Small business,19,114
2003,Parkville,Public Administration and Safety,Large business,1,
2003,Parkville,"Transport, Postal and Warehousing",Non employing,1,
2003,Parkville,"Transport, Postal and Warehousing",Small business,3,12
2003,Parkville,Wholesale Trade,Small business,2,
2003,Port Melbourne,Accommodation and Food Services,Small business,2,
2003,Port Melbourne,Administrative and Support Services,Medium business,1,
2003,Port Melbourne,Administrative and Support Services,Small business,5,44
2003,Port Melbourne,Construction,Medium business,4,185
2003,Port Melbourne,Education and Training,Medium business,1,
2003,Port Melbourne,Education and Training,Small business,1,
2003,Port Melbourne,"Electricity, Gas, Water and Waste Services",Non employing,5,0
2003,Port Melbourne,Information Media and Telecommunications,Non employing,1,
2003,Port Melbourne,Manufacturing,Medium business,12,680
2003,Port Melbourne,Mining,Small business,1,
2003,Port Melbourne,Public Administration and Safety,Large business,1,
2003,Port Melbourne,"Transport, Postal and Warehousing",Non employing,4,0
2003,Port Melbourne,Wholesale Trade,Large business,3,852
2003,Port Melbourne,Wholesale Trade,Small business,21,162
2003,South Yarra,Administrative and Support Services,Small business,1,
2003,South Yarra,Arts and Recreation Services,Non employing,3,0
2003,South Yarra,Arts and Recreation Services,Small business,1,
2003,South Yarra,Education and Training,Large business,1,
2003,South Yarra,Education and Training,Medium business,2,
2003,South Yarra,Education and Training,Non employing,3,0
2003,South Yarra,"Electricity, Gas, Water and Waste Services",Non employing,6,0
2003,South Yarra,Health Care and Social Assistance,Small business,5,19
2003,South Yarra,Information Media and Telecommunications,Small business,1,
2003,South Yarra,Other Services,Non employing,3,0
2003,South Yarra,"Professional, Scientific and Technical Services",Small business,2,
2003,South Yarra,Retail Trade,Small business,10,47
2003,Southbank,Accommodation and Food Services,Small business,51,449
2003,Southbank,Administrative and Support Services,Large business,3,969
2003,Southbank,Arts and Recreation Services,Non employing,6,0
2003,Southbank,Construction,Medium business,4,148
2003,Southbank,"Electricity, Gas, Water and Waste Services",Medium business,3,190
2003,Southbank,"Electricity, Gas, Water and Waste Services",Non employing,18,0
2003,Southbank,Financial and Insurance Services,Small business,15,105
2003,Southbank,Health Care and Social Assistance,Small business,9,30
2003,Southbank,Information Media and Telecommunications,Large business,5,2757
2003,Southbank,Manufacturing,Large business,4,2018
2003,Southbank,Mining,Medium business,1,
2003,Southbank,Other Services,Small business,38,182
2003,Southbank,"Professional, Scientific and Technical Services",Large business,2,
2003,Southbank,Public Administration and Safety,Large business,2,
2003,Southbank,"Rental, Hiring and Real Estate Services",Large business,2,
2003,Southbank,Wholesale Trade,Medium business,2,
2003,West Melbourne (Industrial),Administrative and Support Services,Medium business,1,
2003,West Melbourne (Industrial),"Agriculture, Forestry and Fishing",Small business,1,
2003,West Melbourne (Industrial),Construction,Small business,4,20
2003,West Melbourne (Industrial),Manufacturing,Small business,14,165
2003,West Melbourne (Industrial),Wholesale Trade,Small business,187,1206
2003,West Melbourne (Residential),Accommodation and Food Services,Medium business,1,
2003,West Melbourne (Residential),Accommodation and Food Services,Small business,46,271
2003,West Melbourne (Residential),Administrative and Support Services,Medium business,5,251
2003,West Melbourne (Residential),Administrative and Support Services,Small business,19,132
2003,West Melbourne (Residential),Arts and Recreation Services,Medium business,3,109
2003,West Melbourne (Residential),Construction,Medium business,3,170
2003,West Melbourne (Residential),"Electricity, Gas, Water and Waste Services",Non employing,7,0
2003,West Melbourne (Residential),Financial and Insurance Services,Medium business,3,102
2003,West Melbourne (Residential),Financial and Insurance Services,Small business,14,51
2003,West Melbourne (Residential),Information Media and Telecommunications,Small business,14,83
2003,West Melbourne (Residential),Manufacturing,Non employing,1,
2003,West Melbourne (Residential),Manufacturing,Small business,30,172
2003,West Melbourne (Residential),Mining,Small business,1,
2003,West Melbourne (Residential),Other Services,Medium business,2,
2003,West Melbourne (Residential),"Professional, Scientific and Technical Services",Non employing,2,
2003,West Melbourne (Residential),Public Administration and Safety,Medium business,3,84
2003,West Melbourne (Residential),Public Administration and Safety,Small business,4,17
2003,West Melbourne (Residential),"Rental, Hiring and Real Estate Services",Medium business,1,
2003,West Melbourne (Residential),"Rental, Hiring and Real Estate Services",Small business,6,26
2003,West Melbourne (Residential),Retail Trade,Small business,47,167
2003,West Melbourne (Residential),Wholesale Trade,Small business,39,202
2004,Carlton,Accommodation and Food Services,Non employing,5,0
2004,Carlton,Accommodation and Food Services,Small business,180,1297
2004,Carlton,Administrative and Support Services,Non employing,1,
2004,Carlton,Administrative and Support Services,Small business,33,217
2004,Carlton,Arts and Recreation Services,Non employing,17,0
2004,Carlton,Education and Training,Large business,4,1097
2004,Carlton,Education and Training,Medium business,15,1123
2004,Carlton,Health Care and Social Assistance,Large business,3,2791
2004,Carlton,Health Care and Social Assistance,Medium business,15,726
2004,Carlton,Information Media and Telecommunications,Large business,1,
2004,Carlton,Other Services,Large business,1,
2004,Carlton,Other Services,Small business,134,658
2004,Carlton,"Professional, Scientific and Technical Services",Large business,1,
2004,Carlton,"Professional, Scientific and Technical Services",Medium business,17,740
2004,Carlton,"Professional, Scientific and Technical Services",Non employing,5,0
2004,Carlton,Public Administration and Safety,Small business,9,37
2004,Carlton,"Rental, Hiring and Real Estate Services",Medium business,1,
2004,Carlton,"Rental, Hiring and Real Estate Services",Small business,21,141
2004,Carlton,Retail Trade,Small business,156,678
2004,Docklands,Administrative and Support Services,Medium business,1,
2004,Docklands,Arts and Recreation Services,Large business,1,
2004,Docklands,Arts and Recreation Services,Non employing,3,0
2004,Docklands,Education and Training,Small business,2,
2004,Docklands,Financial and Insurance Services,Non employing,1,
2004,Docklands,Financial and Insurance Services,Small business,1,
2004,Docklands,Health Care and Social Assistance,Small business,6,32
2004,Docklands,Manufacturing,Medium business,1,
2004,Docklands,Other Services,Small business,10,34
2004,Docklands,Public Administration and Safety,Medium business,4,345
2004,Docklands,Retail Trade,Medium business,1,
2004,Docklands,Retail Trade,Non employing,1,
2004,Docklands,Retail Trade,Small business,14,58
2004,Docklands,"Transport, Postal and Warehousing",Medium business,5,334
2004,Docklands,"Transport, Postal and Warehousing",Small business,11,51
2004,Docklands,Wholesale Trade,Small business,3,26
2004,East Melbourne,Accommodation and Food Services,Medium business,4,174
2004,East Melbourne,Administrative and Support Services,Medium business,4,128
2004,East Melbourne,Arts and Recreation Services,Non employing,14,0
2004,East Melbourne,"Electricity, Gas, Water and Waste Services",Large business,1,
2004,East Melbourne,"Electricity, Gas, Water and Waste Services",Medium business,2,
2004,East Melbourne,Information Media and Telecommunications,Non employing,1,
2004,East Melbourne,Information Media and Telecommunications,Small business,6,39
2004,East Melbourne,Manufacturing,Small business,5,40
2004,East Melbourne,Other Services,Medium business,4,213
2004,East Melbourne,Other Services,Non employing,4,0
2004,East Melbourne,"Professional, Scientific and Technical Services",Non employing,1,
2004,East Melbourne,Public Administration and Safety,Medium business,6,363
2004,East Melbourne,"Rental, Hiring and Real Estate Services",Small business,7,63
2004,East Melbourne,Wholesale Trade,Small business,6,66
2004,Kensington,Accommodation and Food Services,Small business,10,59
2004,Kensington,Arts and Recreation Services,Large business,1,
2004,Kensington,Arts and Recreation Services,Medium business,8,371
2004,Kensington,Construction,Small business,1,
2004,Kensington,Education and Training,Small business,1,
2004,Kensington,Financial and Insurance Services,Small business,2,
2004,Kensington,Other Services,Non employing,1,
2004,Kensington,Other Services,Small business,11,57
2004,Kensington,Retail Trade,Small business,7,40
2004,Kensington,"Transport, Postal and Warehousing",Non employing,1,
2004,Kensington,Wholesale Trade,Non employing,2,
2004,Kensington,Wholesale Trade,Small business,16,125
2004,Melbourne (CBD),Accommodation and Food Services,Large business,3,1245
2004,Melbourne (CBD),Accommodation and Food Services,Medium business,153,6926
2004,Melbourne (CBD),Administrative and Support Services,Small business,420,2384
2004,Melbourne (CBD),Arts and Recreation Services,Small business,84,339
2004,Melbourne (CBD),Education and Training,Large business,7,3145
2004,Melbourne (CBD),Education and Training,Medium business,42,2414
2004,Melbourne (CBD),Education and Training,Non employing,4,0
2004,Melbourne (CBD),"Electricity, Gas, Water and Waste Services",Medium business,6,348
2004,Melbourne (CBD),"Electricity, Gas, Water and Waste Services",Non employing,34,0
2004,Melbourne (CBD),Health Care and Social Assistance,Medium business,16,676
2004,Melbourne (CBD),Health Care and Social Assistance,Small business,313,1417
2004,Melbourne (CBD),Manufacturing,Non employing,2,
2004,Melbourne (CBD),Manufacturing,Small business,278,902
2004,Melbourne (CBD),Mining,Large business,2,
2004,Melbourne (CBD),Mining,Medium business,3,157
2004,Melbourne (CBD),Mining,Small business,22,137
2004,Melbourne (CBD),Other Services,Small business,510,2260
2004,Melbourne (CBD),"Professional, Scientific and Technical Services",Large business,35,17387
2004,Melbourne (CBD),"Professional, Scientific and Technical Services",Medium business,221,11791
2004,Melbourne (CBD),"Professional, Scientific and Technical Services",Non employing,4,0
2004,Melbourne (CBD),"Professional, Scientific and Technical Services",Small business,1131,6633
2004,Melbourne (CBD),Public Administration and Safety,Medium business,74,5471
2004,Melbourne (CBD),Public Administration and Safety,Small business,63,546
2004,Melbourne (CBD),"Rental, Hiring and Real Estate Services",Medium business,21,1074
2004,Melbourne (CBD),"Transport, Postal and Warehousing",Non employing,14,0
2004,Melbourne (CBD),Wholesale Trade,Medium business,7,299
2004,Melbourne (Remainder),Accommodation and Food Services,Non employing,1,
2004,Melbourne (Remainder),Accommodation and Food Services,Small business,21,118
2004,Melbourne (Remainder),Administrative and Support Services,Small business,21,118
2004,Melbourne (Remainder),"Agriculture, Forestry and Fishing",Small business,1,
2004,Melbourne (Remainder),Arts and Recreation Services,Medium business,1,
2004,Melbourne (Remainder),Construction,Medium business,1,
2004,Melbourne (Remainder),Construction,Small business,5,40
2004,Melbourne (Remainder),Education and Training,Medium business,3,161
2004,Melbourne (Remainder),Financial and Insurance Services,Large business,3,1394
2004,Melbourne (Remainder),Financial and Insurance Services,Small business,18,108
2004,Melbourne (Remainder),Manufacturing,Small business,5,30
2004,Melbourne (Remainder),Other Services,Medium business,4,176
2004,Melbourne (Remainder),Public Administration and Safety,Medium business,3,192
2004,Melbourne (Remainder),"Rental, Hiring and Real Estate Services",Small business,7,41
2004,Melbourne (Remainder),Retail Trade,Non employing,1,
2004,Melbourne (Remainder),"Transport, Postal and Warehousing",Large business,1,
2004,Melbourne (Remainder),"Transport, Postal and Warehousing",Medium business,1,
2004,Melbourne (Remainder),Wholesale Trade,Small business,3,12
2004,North Melbourne,"Agriculture, Forestry and Fishing",Small business,1,
2004,North Melbourne,Arts and Recreation Services,Small business,15,63
2004,North Melbourne,Education and Training,Small business,9,53
2004,North Melbourne,Manufacturing,Medium business,8,238
2004,North Melbourne,Manufacturing,Non employing,2,
2004,North Melbourne,Mining,Small business,1,
2004,North Melbourne,Other Services,Small business,112,526
2004,North Melbourne,"Professional, Scientific and Technical Services",Medium business,15,618
2004,North Melbourne,"Rental, Hiring and Real Estate Services",Small business,17,109
2004,North Melbourne,Retail Trade,Small business,90,355
2004,North Melbourne,Wholesale Trade,Small business,57,317
2004,Parkville,Accommodation and Food Services,Medium business,11,421
2004,Parkville,Accommodation and Food Services,Small business,37,270
2004,Parkville,Arts and Recreation Services,Non employing,13,0
2004,Parkville,Arts and Recreation Services,Small business,5,35
2004,Parkville,Health Care and Social Assistance,Medium business,2,
2004,Parkville,Manufacturing,Small business,2,
2004,Parkville,Other Services,Medium business,2,
2004,Parkville,"Professional, Scientific and Technical Services",Large business,1,
2004,Parkville,"Professional, Scientific and Technical Services",Medium business,3,316
2004,Parkville,"Professional, Scientific and Technical Services",Small business,9,65
2004,Parkville,Public Administration and Safety,Large business,1,
2004,Parkville,Retail Trade,Small business,17,83
2004,Port Melbourne,Administrative and Support Services,Small business,9,66
2004,Port Melbourne,Arts and Recreation Services,Non employing,5,0
2004,Port Melbourne,Education and Training,Large business,1,
2004,Port Melbourne,Information Media and Telecommunications,Non employing,1,
2004,Port Melbourne,"Professional, Scientific and Technical Services",Medium business,11,584
2004,Port Melbourne,Public Administration and Safety,Medium business,1,
2004,Port Melbourne,"Rental, Hiring and Real Estate Services",Medium business,1,
2004,Port Melbourne,"Rental, Hiring and Real Estate Services",Small business,3,13
2004,Port Melbourne,Retail Trade,Medium business,2,
2004,Port Melbourne,Retail Trade,Small business,11,84
2004,Port Melbourne,"Transport, Postal and Warehousing",Medium business,4,256
2004,Port Melbourne,"Transport, Postal and Warehousing",Non employing,3,0
2004,Port Melbourne,"Transport, Postal and Warehousing",Small business,13,115
2004,South Yarra,Accommodation and Food Services,Non employing,1,
2004,South Yarra,Education and Training,Non employing,3,0
2004,South Yarra,Health Care and Social Assistance,Small business,4,29
2004,South Yarra,Information Media and Telecommunications,Small business,1,
2004,South Yarra,"Professional, Scientific and Technical Services",Small business,3,9
2004,Southbank,Accommodation and Food Services,Large business,1,
2004,Southbank,Accommodation and Food Services,Small business,58,490
2004,Southbank,"Agriculture, Forestry and Fishing",Medium business,2,
2004,Southbank,Arts and Recreation Services,Large business,5,9796
2004,Southbank,Arts and Recreation Services,Non employing,8,0
2004,Southbank,Education and Training,Large business,2,
2004,Southbank,"Electricity, Gas, Water and Waste Services",Non employing,18,0
2004,Southbank,"Electricity, Gas, Water and Waste Services",Small business,1,
2004,Southbank,Financial and Insurance Services,Medium business,7,382
2004,Southbank,Information Media and Telecommunications,Large business,4,3114
2004,Southbank,Mining,Small business,3,19
2004,Southbank,Other Services,Medium business,4,116
2004,Southbank,Other Services,Non employing,5,0
2004,Southbank,Other Services,Small business,41,197
2004,Southbank,"Professional, Scientific and Technical Services",Small business,52,414
2004,Southbank,Public Administration and Safety,Medium business,6,238
2004,Southbank,"Rental, Hiring and Real Estate Services",Large business,1,
2004,Southbank,"Rental, Hiring and Real Estate Services",Medium business,2,
2004,Southbank,"Transport, Postal and Warehousing",Non employing,1,
2004,West Melbourne (Industrial),Administrative and Support Services,Small business,4,24
2004,West Melbourne (Industrial),Arts and Recreation Services,Non employing,6,0
2004,West Melbourne (Industrial),Arts and Recreation Services,Small business,1,
2004,West Melbourne (Industrial),Construction,Non employing,1,
2004,West Melbourne (Industrial),"Electricity, Gas, Water and Waste Services",Small business,2,
2004,West Melbourne (Industrial),"Professional, Scientific and Technical Services",Small business,3,19
2004,West Melbourne (Industrial),"Rental, Hiring and Real Estate Services",Small business,14,58
2004,West Melbourne (Industrial),Retail Trade,Medium business,1,
2004,West Melbourne (Industrial),Retail Trade,Small business,6,34
2004,West Melbourne (Industrial),Wholesale Trade,Medium business,31,1113
2004,West Melbourne (Residential),Accommodation and Food Services,Small business,46,271
2004,West Melbourne (Residential),Administrative and Support Services,Medium business,5,251
2004,West Melbourne (Residential),Administrative and Support Services,Non employing,1,
2004,West Melbourne (Residential),Arts and Recreation Services,Large business,1,
2004,West Melbourne (Residential),Arts and Recreation Services,Non employing,7,0
2004,West Melbourne (Residential),"Electricity, Gas, Water and Waste Services",Small business,1,
2004,West Melbourne (Residential),Financial and Insurance Services,Medium business,3,102
2004,West Melbourne (Residential),Financial and Insurance Services,Small business,14,51
2004,West Melbourne (Residential),Information Media and Telecommunications,Medium business,4,157
2004,West Melbourne (Residential),Manufacturing,Small business,30,172
2004,West Melbourne (Residential),Mining,Small business,1,
2004,West Melbourne (Residential),Other Services,Non employing,6,0
2004,West Melbourne (Residential),"Professional, Scientific and Technical Services",Non employing,2,
2004,West Melbourne (Residential),"Professional, Scientific and Technical Services",Small business,80,412
2004,West Melbourne (Residential),Public Administration and Safety,Small business,4,17
2004,West Melbourne (Residential),"Rental, Hiring and Real Estate Services",Medium business,1,
2004,West Melbourne (Residential),"Rental, Hiring and Real Estate Services",Small business,6,26
2004,West Melbourne (Residential),Retail Trade,Medium business,4,224
2004,West Melbourne (Residential),"Transport, Postal and Warehousing",Non employing,1,
2004,West Melbourne (Residential),Wholesale Trade,Medium business,6,210
2005,Carlton,Accommodation and Food Services,Non employing,7,0
2005,Carlton,Administrative and Support Services,Medium business,4,105
2005,Carlton,Administrative and Support Services,Small business,31,178
2005,Carlton,Construction,Medium business,5,196
2005,Carlton,Construction,Small business,6,35
2005,Carlton,Education and Training,Non employing,4,0
2005,Carlton,Education and Training,Small business,37,278
2005,Carlton,Financial and Insurance Services,Medium business,7,352
2005,Carlton,Health Care and Social Assistance,Large business,3,3052
2005,Carlton,Information Media and Telecommunications,Small business,16,107
2005,Carlton,Other Services,Non employing,12,0
2005,Carlton,Public Administration and Safety,Small business,9,31
2005,Carlton,"Rental, Hiring and Real Estate Services",Small business,20,103
2005,Carlton,Retail Trade,Medium business,8,378
2005,Carlton,Retail Trade,Non employing,3,0
2005,Carlton,"Transport, Postal and Warehousing",Non employing,3,0
2005,Carlton,"Transport, Postal and Warehousing",Small business,7,39
2005,Docklands,Accommodation and Food Services,Medium business,14,700
2005,Docklands,Administrative and Support Services,Medium business,3,283
2005,Docklands,Construction,Non employing,1,
2005,Docklands,"Electricity, Gas, Water and Waste Services",Non employing,6,0
2005,Docklands,Financial and Insurance Services,Medium business,1,
2005,Docklands,"Professional, Scientific and Technical Services",Small business,34,161
2005,Docklands,Public Administration and Safety,Large business,2,
2005,Docklands,"Rental, Hiring and Real Estate Services",Small business,13,72
2005,Docklands,"Transport, Postal and Warehousing",Large business,1,
2005,East Melbourne,Arts and Recreation Services,Large business,1,
2005,East Melbourne,Construction,Small business,3,23
2005,East Melbourne,Education and Training,Medium business,10,681
2005,East Melbourne,Financial and Insurance Services,Medium business,5,445
2005,East Melbourne,Financial and Insurance Services,Small business,5,34
2005,East Melbourne,Manufacturing,Small business,4,8
2005,East Melbourne,Other Services,Non employing,6,0
2005,East Melbourne,Public Administration and Safety,Large business,6,3076
2005,East Melbourne,Public Administration and Safety,Non employing,2,
2005,East Melbourne,Retail Trade,Non employing,2,
2005,East Melbourne,Retail Trade,Small business,16,69
2005,East Melbourne,Wholesale Trade,Medium business,2,
2005,Kensington,Accommodation and Food Services,Small business,10,59
2005,Kensington,Administrative and Support Services,Small business,2,
2005,Kensington,Arts and Recreation Services,Large business,1,
2005,Kensington,Arts and Recreation Services,Non employing,40,0
2005,Kensington,Arts and Recreation Services,Small business,11,83
2005,Kensington,Health Care and Social Assistance,Medium business,2,
2005,Kensington,Manufacturing,Medium business,9,373
2005,Kensington,Manufacturing,Non employing,1,
2005,Kensington,Other Services,Non employing,1,
2005,Kensington,Public Administration and Safety,Non employing,1,
2005,Kensington,Wholesale Trade,Small business,16,125
2005,Melbourne (CBD),Accommodation and Food Services,Large business,5,1669
2005,Melbourne (CBD),Accommodation and Food Services,Medium business,166,7186
2005,Melbourne (CBD),"Agriculture, Forestry and Fishing",Medium business,2,
2005,Melbourne (CBD),"Agriculture, Forestry and Fishing",Small business,7,13
2005,Melbourne (CBD),Arts and Recreation Services,Medium business,19,1271
2005,Melbourne (CBD),Arts and Recreation Services,Non employing,10,0
2005,Melbourne (CBD),Arts and Recreation Services,Small business,71,367
2005,Melbourne (CBD),Construction,Large business,1,
2005,Melbourne (CBD),Education and Training,Non employing,4,0
2005,Melbourne (CBD),Education and Training,Small business,122,821
2005,Melbourne (CBD),"Electricity, Gas, Water and Waste Services",Medium business,6,364
2005,Melbourne (CBD),"Electricity, Gas, Water and Waste Services",Non employing,33,0
2005,Melbourne (CBD),Financial and Insurance Services,Medium business,139,7582
2005,Melbourne (CBD),Health Care and Social Assistance,Small business,331,1634
2005,Melbourne (CBD),Information Media and Telecommunications,Medium business,46,2769
2005,Melbourne (CBD),"Professional, Scientific and Technical Services",Non employing,4,0
2005,Melbourne (CBD),"Professional, Scientific and Technical Services",Small business,1211,7184
2005,Melbourne (CBD),Public Administration and Safety,Non employing,2,
2005,Melbourne (CBD),"Rental, Hiring and Real Estate Services",Medium business,21,1048
2005,Melbourne (CBD),"Rental, Hiring and Real Estate Services",Non employing,9,0
2005,Melbourne (CBD),Retail Trade,Small business,1468,7063
2005,Melbourne (CBD),"Transport, Postal and Warehousing",Large business,5,3178
2005,Melbourne (CBD),"Transport, Postal and Warehousing",Small business,76,549
2005,Melbourne (CBD),Wholesale Trade,Large business,2,
2005,Melbourne (CBD),Wholesale Trade,Non employing,1,
2005,Melbourne (CBD),Wholesale Trade,Small business,128,517
2005,Melbourne (Remainder),Arts and Recreation Services,Medium business,1,
2005,Melbourne (Remainder),Arts and Recreation Services,Non employing,21,0
2005,Melbourne (Remainder),Arts and Recreation Services,Small business,13,91
2005,Melbourne (Remainder),Construction,Medium business,1,
2005,Melbourne (Remainder),Education and Training,Large business,2,
2005,Melbourne (Remainder),"Electricity, Gas, Water and Waste Services",Non employing,3,0
2005,Melbourne (Remainder),Financial and Insurance Services,Large business,3,1394
2005,Melbourne (Remainder),Financial and Insurance Services,Medium business,10,456
2005,Melbourne (Remainder),Health Care and Social Assistance,Small business,43,186
2005,Melbourne (Remainder),Information Media and Telecommunications,Medium business,5,180
2005,Melbourne (Remainder),Mining,Medium business,1,
2005,Melbourne (Remainder),Other Services,Medium business,4,176
2005,Melbourne (Remainder),"Professional, Scientific and Technical Services",Medium business,20,1305
2005,Melbourne (Remainder),Public Administration and Safety,Medium business,3,192
2005,Melbourne (Remainder),"Rental, Hiring and Real Estate Services",Small business,7,41
2005,North Melbourne,Accommodation and Food Services,Medium business,4,99
2005,North Melbourne,Accommodation and Food Services,Small business,90,487
2005,North Melbourne,Arts and Recreation Services,Non employing,12,0
2005,North Melbourne,"Electricity, Gas, Water and Waste Services",Medium business,1,
2005,North Melbourne,Financial and Insurance Services,Medium business,2,
2005,North Melbourne,Health Care and Social Assistance,Non employing,1,
2005,North Melbourne,Information Media and Telecommunications,Small business,35,192
2005,North Melbourne,Manufacturing,Medium business,6,201
2005,North Melbourne,"Professional, Scientific and Technical Services",Medium business,12,602
2005,North Melbourne,Public Administration and Safety,Medium business,3,142
2005,North Melbourne,"Rental, Hiring and Real Estate Services",Medium business,2,
2005,North Melbourne,"Rental, Hiring and Real Estate Services",Non employing,1,
2005,North Melbourne,"Rental, Hiring and Real Estate Services",Small business,21,115
2005,North Melbourne,Retail Trade,Medium business,2,
2005,North Melbourne,Retail Trade,Non employing,2,
2005,North Melbourne,Wholesale Trade,Medium business,6,196
2005,North Melbourne,Wholesale Trade,Small business,50,287
2005,Parkville,Accommodation and Food Services,Non employing,1,
2005,Parkville,Education and Training,Large business,2,
2005,Parkville,Financial and Insurance Services,Small business,5,44
2005,Parkville,Health Care and Social Assistance,Large business,5,9757
2005,Parkville,Information Media and Telecommunications,Small business,1,
2005,Parkville,Manufacturing,Small business,1,
2005,Parkville,Other Services,Non employing,3,0
2005,Parkville,"Professional, Scientific and Technical Services",Large business,1,
2005,Parkville,"Professional, Scientific and Technical Services",Medium business,3,330
2005,Parkville,Public Administration and Safety,Large business,1,
2005,Parkville,Public Administration and Safety,Small business,3,28
2019,Melbourne (CBD),Mining,Large business,2,
2019,Melbourne (CBD),Mining,Medium business,5,172
2019,Melbourne (CBD),Other Services,Medium business,53,2457
2019,Melbourne (CBD),Public Administration and Safety,Medium business,89,7276
2019,Melbourne (CBD),"Transport, Postal and Warehousing",Large business,5,4688
2019,Melbourne (CBD),Wholesale Trade,Small business,104,484
2019,Melbourne (Remainder),Accommodation and Food Services,Large business,5,2276
2019,Melbourne (Remainder),Accommodation and Food Services,Non employing,1,
2019,Melbourne (Remainder),Administrative and Support Services,Large business,1,
2019,Melbourne (Remainder),Administrative and Support Services,Non employing,1,
2019,Melbourne (Remainder),Administrative and Support Services,Small business,8,59
2019,Melbourne (Remainder),Construction,Medium business,3,140
2019,Melbourne (Remainder),Education and Training,Large business,4,1527
2019,Melbourne (Remainder),"Electricity, Gas, Water and Waste Services",Medium business,1,
2019,Melbourne (Remainder),Financial and Insurance Services,Medium business,6,299
2019,Melbourne (Remainder),Health Care and Social Assistance,Medium business,10,653
2019,Melbourne (Remainder),Health Care and Social Assistance,Small business,56,252
2019,Melbourne (Remainder),Manufacturing,Small business,4,8
2019,Melbourne (Remainder),Other Services,Non employing,8,0
2019,Melbourne (Remainder),Other Services,Small business,12,64
2019,Melbourne (Remainder),"Rental, Hiring and Real Estate Services",Medium business,1,
2019,Melbourne (Remainder),"Transport, Postal and Warehousing",Non employing,2,
2019,Melbourne (Remainder),"Transport, Postal and Warehousing",Small business,6,49
2019,Melbourne (Remainder),Wholesale Trade,Large business,1,
2019,Melbourne (Remainder),Wholesale Trade,Medium business,2,
2019,North Melbourne,Accommodation and Food Services,Medium business,8,251
2019,North Melbourne,Administrative and Support Services,Medium business,5,265
2019,North Melbourne,"Agriculture, Forestry and Fishing",Small business,1,
2019,North Melbourne,Arts and Recreation Services,Medium business,1,
2019,North Melbourne,Arts and Recreation Services,Non employing,12,0
2019,North Melbourne,Construction,Medium business,9,438
2019,North Melbourne,Construction,Small business,34,244
2019,North Melbourne,Education and Training,Medium business,10,533
2019,North Melbourne,Education and Training,Non employing,1,
2019,North Melbourne,Financial and Insurance Services,Medium business,3,88
2019,North Melbourne,Health Care and Social Assistance,Small business,91,472
2019,North Melbourne,Information Media and Telecommunications,Non employing,2,
2019,North Melbourne,Manufacturing,Non employing,2,
2019,North Melbourne,Manufacturing,Small business,34,180
2019,North Melbourne,Other Services,Medium business,6,351
2019,North Melbourne,"Professional, Scientific and Technical Services",Large business,2,
2019,North Melbourne,Public Administration and Safety,Medium business,4,217
2019,North Melbourne,Public Administration and Safety,Non employing,1,
2019,North Melbourne,Retail Trade,Medium business,5,226
2019,North Melbourne,Wholesale Trade,Small business,46,259
2019,Parkville,Accommodation and Food Services,Large business,1,
2019,Parkville,Accommodation and Food Services,Medium business,16,956
2019,Parkville,Accommodation and Food Services,Small business,68,461
2019,Parkville,Arts and Recreation Services,Medium business,2,
2019,Parkville,Education and Training,Non employing,4,0
2019,Parkville,Financial and Insurance Services,Small business,7,38
2019,Parkville,Health Care and Social Assistance,Small business,70,320
2019,Parkville,"Professional, Scientific and Technical Services",Medium business,8,374
2019,Parkville,"Rental, Hiring and Real Estate Services",Medium business,1,
2019,Parkville,"Rental, Hiring and Real Estate Services",Non employing,1,
2019,Parkville,Retail Trade,Small business,22,105
2019,Parkville,"Transport, Postal and Warehousing",Non employing,2,
2019,Port Melbourne,Accommodation and Food Services,Medium business,5,220
2019,Port Melbourne,Administrative and Support Services,Medium business,5,335
2019,Port Melbourne,Administrative and Support Services,Non employing,1,
2019,Port Melbourne,Administrative and Support Services,Small business,21,187
2019,Port Melbourne,"Agriculture, Forestry and Fishing",Small business,1,
2019,Port Melbourne,Arts and Recreation Services,Medium business,1,
2019,Port Melbourne,Construction,Medium business,19,678
2019,Port Melbourne,Education and Training,Medium business,1,
2019,Port Melbourne,Health Care and Social Assistance,Medium business,1,
2019,Port Melbourne,Information Media and Telecommunications,Non employing,2,
2019,Port Melbourne,Other Services,Medium business,5,137
2019,Port Melbourne,Other Services,Small business,13,66
2019,Port Melbourne,"Professional, Scientific and Technical Services",Medium business,16,876
2019,Port Melbourne,"Professional, Scientific and Technical Services",Small business,58,387
2019,Port Melbourne,Public Administration and Safety,Large business,1,
2019,Port Melbourne,"Rental, Hiring and Real Estate Services",Medium business,3,76
2019,Port Melbourne,Retail Trade,Medium business,7,319
2019,Port Melbourne,Retail Trade,Small business,23,151
2019,Port Melbourne,"Transport, Postal and Warehousing",Non employing,4,0
2019,Port Melbourne,Wholesale Trade,Medium business,16,871
2019,Port Melbourne,Wholesale Trade,Non employing,3,0
2019,South Yarra,Accommodation and Food Services,Small business,8,91
2019,South Yarra,Arts and Recreation Services,Small business,2,
2019,South Yarra,Education and Training,Large business,1,
2019,South Yarra,Other Services,Small business,7,33
2019,Southbank,Accommodation and Food Services,Medium business,83,4029
2019,Southbank,Administrative and Support Services,Small business,15,133
2019,Southbank,"Agriculture, Forestry and Fishing",Small business,1,
2019,Southbank,Arts and Recreation Services,Medium business,19,1279
2019,Southbank,Arts and Recreation Services,Non employing,11,0
2019,Southbank,Construction,Large business,1,
2019,Southbank,Construction,Non employing,5,0
2019,Southbank,"Electricity, Gas, Water and Waste Services",Large business,1,
2019,Southbank,Health Care and Social Assistance,Small business,24,169
2019,Southbank,Manufacturing,Large business,4,3393
2019,Southbank,Manufacturing,Medium business,6,585
2019,Southbank,Mining,Large business,2,
2019,Southbank,Mining,Small business,2,
2019,Southbank,Other Services,Medium business,2,
2019,Southbank,Other Services,Non employing,16,0
2019,Southbank,Other Services,Small business,17,76
2019,Southbank,"Professional, Scientific and Technical Services",Small business,41,365
2019,Southbank,Public Administration and Safety,Large business,2,
2019,Southbank,Public Administration and Safety,Medium business,6,395
2019,Southbank,Public Administration and Safety,Small business,2,
2019,Southbank,"Rental, Hiring and Real Estate Services",Medium business,4,288
2019,Southbank,"Transport, Postal and Warehousing",Medium business,4,206
2019,Southbank,"Transport, Postal and Warehousing",Small business,4,31
2019,West Melbourne (Industrial),Arts and Recreation Services,Medium business,1,
2019,West Melbourne (Industrial),Arts and Recreation Services,Small business,3,14
2019,West Melbourne (Industrial),Construction,Non employing,1,
2019,West Melbourne (Industrial),"Electricity, Gas, Water and Waste Services",Medium business,1,
2019,West Melbourne (Industrial),Information Media and Telecommunications,Non employing,2,
2019,West Melbourne (Industrial),Manufacturing,Medium business,3,83
2019,West Melbourne (Industrial),Other Services,Small business,4,21
2019,West Melbourne (Industrial),Public Administration and Safety,Medium business,1,
2019,West Melbourne (Industrial),"Transport, Postal and Warehousing",Large business,4,1554
2019,West Melbourne (Industrial),"Transport, Postal and Warehousing",Non employing,14,0
2019,West Melbourne (Residential),Accommodation and Food Services,Small business,57,282
2019,West Melbourne (Residential),Arts and Recreation Services,Small business,5,30
2019,West Melbourne (Residential),Financial and Insurance Services,Medium business,2,
2019,West Melbourne (Residential),Financial and Insurance Services,Small business,9,46
2019,West Melbourne (Residential),Information Media and Telecommunications,Medium business,5,138
2019,West Melbourne (Residential),Manufacturing,Medium business,3,83
2019,West Melbourne (Residential),"Professional, Scientific and Technical Services",Medium business,11,702
2019,West Melbourne (Residential),"Professional, Scientific and Technical Services",Non employing,2,
2019,West Melbourne (Residential),Public Administration and Safety,Medium business,1,
2019,West Melbourne (Residential),Public Administration and Safety,Non employing,1,
2019,West Melbourne (Residential),Public Administration and Safety,Small business,2,
2019,West Melbourne (Residential),"Rental, Hiring and Real Estate Services",Small business,8,62
2019,West Melbourne (Residential),Retail Trade,Non employing,1,
2019,West Melbourne (Residential),"Transport, Postal and Warehousing",Non employing,1,
2019,West Melbourne (Residential),Wholesale Trade,Small business,22,121
2020,Carlton,Accommodation and Food Services,Small business,246,1407
2020,Carlton,Administrative and Support Services,Small business,16,69
2020,Carlton,Arts and Recreation Services,Medium business,5,263
2020,Carlton,Arts and Recreation Services,Small business,19,90
2020,Carlton,Education and Training,Medium business,33,2258
2020,Carlton,Financial and Insurance Services,Medium business,4,171
2020,Carlton,Health Care and Social Assistance,Large business,4,1407
2020,Carlton,Health Care and Social Assistance,Medium business,16,907
2020,Carlton,Health Care and Social Assistance,Non employing,1,
2020,Carlton,Health Care and Social Assistance,Small business,75,417
2020,Carlton,Manufacturing,Medium business,2,
2020,Carlton,Other Services,Medium business,19,1010
2020,Carlton,Other Services,Small business,85,366
2020,Carlton,"Professional, Scientific and Technical Services",Large business,1,
2020,Carlton,Public Administration and Safety,Large business,3,934
2020,Carlton,Public Administration and Safety,Small business,6,39
2020,Carlton,"Rental, Hiring and Real Estate Services",Medium business,1,
2020,Carlton,Retail Trade,Medium business,4,192
2020,Carlton,Retail Trade,Non employing,3,0
2020,Docklands,Accommodation and Food Services,Large business,1,
2020,Docklands,Accommodation and Food Services,Small business,282,2069
2020,Docklands,Arts and Recreation Services,Large business,3,1377
2020,Docklands,Arts and Recreation Services,Non employing,26,0
2020,Docklands,Construction,Large business,1,
2020,Docklands,Construction,Small business,16,73
2020,Docklands,Education and Training,Medium business,4,434
2020,Docklands,Education and Training,Small business,19,145
2020,Docklands,"Electricity, Gas, Water and Waste Services",Medium business,1,
2020,Docklands,Health Care and Social Assistance,Small business,34,178
2020,Docklands,Other Services,Non employing,21,0
2020,Docklands,"Professional, Scientific and Technical Services",Large business,14,9249
2020,Docklands,"Professional, Scientific and Technical Services",Medium business,20,1201
2020,Docklands,"Professional, Scientific and Technical Services",Small business,138,879
2020,Docklands,Public Administration and Safety,Large business,6,7092
2020,Docklands,Public Administration and Safety,Medium business,11,1265
2020,Docklands,"Rental, Hiring and Real Estate Services",Medium business,6,336
2020,Docklands,"Transport, Postal and Warehousing",Large business,4,2083
2020,Docklands,"Transport, Postal and Warehousing",Non employing,6,0
2020,Docklands,Wholesale Trade,Large business,1,
2020,Docklands,Wholesale Trade,Non employing,1,
2020,East Melbourne,Accommodation and Food Services,Non employing,7,0
2020,East Melbourne,Administrative and Support Services,Medium business,1,
2020,East Melbourne,Arts and Recreation Services,Medium business,7,292
2020,East Melbourne,Education and Training,Small business,3,40
2020,East Melbourne,"Electricity, Gas, Water and Waste Services",Non employing,7,0
2020,East Melbourne,Financial and Insurance Services,Medium business,4,272
2020,East Melbourne,Health Care and Social Assistance,Medium business,33,1595
2020,East Melbourne,Information Media and Telecommunications,Medium business,1,
2020,East Melbourne,Other Services,Non employing,8,0
2020,East Melbourne,Other Services,Small business,30,179
2020,East Melbourne,Public Administration and Safety,Large business,6,4048
2020,East Melbourne,Public Administration and Safety,Non employing,1,
2020,East Melbourne,Retail Trade,Non employing,1,
2020,East Melbourne,Retail Trade,Small business,12,75
2020,East Melbourne,Wholesale Trade,Small business,1,
2020,Kensington,Accommodation and Food Services,Medium business,3,79
2020,Kensington,Administrative and Support Services,Small business,7,29
2020,Kensington,Arts and Recreation Services,Medium business,12,691
2020,Kensington,Education and Training,Medium business,5,175
2020,Kensington,Education and Training,Small business,4,20
2020,Kensington,Information Media and Telecommunications,Non employing,3,0
2020,Kensington,Other Services,Small business,35,166
2020,Kensington,"Professional, Scientific and Technical Services",Medium business,10,430
2020,Kensington,"Professional, Scientific and Technical Services",Small business,25,152
2020,Kensington,Public Administration and Safety,Small business,3,13
2020,Kensington,"Rental, Hiring and Real Estate Services",Medium business,1,
2020,Kensington,"Rental, Hiring and Real Estate Services",Non employing,1,
2020,Kensington,Retail Trade,Small business,26,149
2020,Melbourne (CBD),Accommodation and Food Services,Large business,4,1392
2020,Melbourne (CBD),Accommodation and Food Services,Non employing,32,0
2020,Melbourne (CBD),Administrative and Support Services,Non employing,3,0
2020,Melbourne (CBD),Administrative and Support Services,Small business,227,1676
2020,Melbourne (CBD),"Agriculture, Forestry and Fishing",Medium business,1,
2020,Melbourne (CBD),"Agriculture, Forestry and Fishing",Small business,6,20
2020,Melbourne (CBD),Arts and Recreation Services,Large business,2,
2020,Melbourne (CBD),Arts and Recreation Services,Non employing,18,0
2020,Melbourne (CBD),Arts and Recreation Services,Small business,97,514
2020,Melbourne (CBD),Education and Training,Large business,6,1691
2020,Melbourne (CBD),Education and Training,Medium business,106,6366
2020,Melbourne (CBD),"Electricity, Gas, Water and Waste Services",Non employing,32,0
2020,Melbourne (CBD),Financial and Insurance Services,Small business,443,2976
2020,Melbourne (CBD),Health Care and Social Assistance,Medium business,43,2000
2020,Melbourne (CBD),Health Care and Social Assistance,Small business,306,1935
2020,Melbourne (CBD),Manufacturing,Non employing,2,
2020,Melbourne (CBD),Other Services,Large business,1,
2020,Melbourne (CBD),Other Services,Non employing,77,0
2020,Melbourne (CBD),"Professional, Scientific and Technical Services",Medium business,448,23288
2020,Melbourne (CBD),Public Administration and Safety,Small business,58,487
2020,Melbourne (CBD),"Rental, Hiring and Real Estate Services",Small business,162,1085
2020,Melbourne (CBD),"Transport, Postal and Warehousing",Non employing,7,0
2020,Melbourne (CBD),Wholesale Trade,Medium business,3,69
2020,Melbourne (Remainder),Accommodation and Food Services,Non employing,1,
2020,Melbourne (Remainder),Administrative and Support Services,Large business,1,
2020,Melbourne (Remainder),Administrative and Support Services,Small business,7,51
2020,Melbourne (Remainder),Arts and Recreation Services,Large business,3,3339
2020,Melbourne (Remainder),Arts and Recreation Services,Medium business,11,1082
2020,Melbourne (Remainder),Construction,Medium business,3,140
2020,Melbourne (Remainder),Construction,Small business,5,37
2020,Melbourne (Remainder),Education and Training,Medium business,1,
2020,Melbourne (Remainder),Education and Training,Small business,4,29
2020,Melbourne (Remainder),"Electricity, Gas, Water and Waste Services",Medium business,1,
2020,Melbourne (Remainder),"Electricity, Gas, Water and Waste Services",Non employing,2,
2020,Melbourne (Remainder),Financial and Insurance Services,Medium business,6,299
2020,Melbourne (Remainder),Information Media and Telecommunications,Medium business,1,
2020,Melbourne (Remainder),Manufacturing,Large business,1,
2020,Melbourne (Remainder),"Professional, Scientific and Technical Services",Medium business,10,602
2020,Melbourne (Remainder),Retail Trade,Medium business,1,
2020,Melbourne (Remainder),"Transport, Postal and Warehousing",Small business,6,49
2020,Melbourne (Remainder),Wholesale Trade,Large business,1,
2020,Melbourne (Remainder),Wholesale Trade,Small business,4,27
2020,North Melbourne,Administrative and Support Services,Small business,27,170
2020,North Melbourne,Arts and Recreation Services,Non employing,12,0
2020,North Melbourne,Arts and Recreation Services,Small business,30,126
2020,North Melbourne,Financial and Insurance Services,Non employing,2,
2020,North Melbourne,Other Services,Medium business,6,419
2020,North Melbourne,"Professional, Scientific and Technical Services",Small business,114,660
2020,North Melbourne,Retail Trade,Non employing,1,
2020,North Melbourne,Wholesale Trade,Small business,37,186
2020,Parkville,Accommodation and Food Services,Medium business,16,1078
2020,Parkville,Accommodation and Food Services,Non employing,9,0
2020,Parkville,Arts and Recreation Services,Medium business,2,
2020,Parkville,Arts and Recreation Services,Small business,10,75
2020,Parkville,Education and Training,Non employing,1,
2020,Parkville,Health Care and Social Assistance,Large business,8,19653
2020,Parkville,Manufacturing,Large business,1,
2020,Parkville,Other Services,Non employing,7,0
2020,Parkville,"Professional, Scientific and Technical Services",Large business,1,
2020,Parkville,Public Administration and Safety,Large business,1,
2020,Parkville,"Rental, Hiring and Real Estate Services",Medium business,1,
2020,Parkville,"Transport, Postal and Warehousing",Small business,2,
2020,Port Melbourne,Administrative and Support Services,Non employing,1,
2020,Port Melbourne,Administrative and Support Services,Small business,21,178
2020,Port Melbourne,"Electricity, Gas, Water and Waste Services",Non employing,6,0
2020,Port Melbourne,"Electricity, Gas, Water and Waste Services",Small business,3,26
2020,Port Melbourne,Health Care and Social Assistance,Non employing,1,
2020,Port Melbourne,Information Media and Telecommunications,Non employing,2,
2020,Port Melbourne,Manufacturing,Large business,6,2534
2020,Port Melbourne,Manufacturing,Medium business,22,1300
2020,Port Melbourne,Manufacturing,Small business,58,412
2020,Port Melbourne,Other Services,Medium business,5,132
2020,Port Melbourne,"Professional, Scientific and Technical Services",Small business,54,359
2020,Port Melbourne,Public Administration and Safety,Large business,1,
2020,Port Melbourne,Public Administration and Safety,Non employing,2,
2020,Port Melbourne,Wholesale Trade,Non employing,3,0
2020,Port Melbourne,Wholesale Trade,Small business,43,331
2020,South Yarra,Accommodation and Food Services,Small business,7,72
2020,South Yarra,Health Care and Social Assistance,Medium business,1,
2020,Southbank,Administrative and Support Services,Large business,1,
2020,Southbank,Construction,Large business,1,
2020,Southbank,Construction,Non employing,6,0
2020,Southbank,Education and Training,Small business,7,51
2020,Southbank,"Electricity, Gas, Water and Waste Services",Medium business,4,404
2020,Southbank,Financial and Insurance Services,Small business,19,131
2020,Southbank,Health Care and Social Assistance,Medium business,7,540
2020,Southbank,Information Media and Telecommunications,Medium business,12,938
2020,Southbank,Information Media and Telecommunications,Small business,5,39
2020,Southbank,Manufacturing,Medium business,6,585
2020,Southbank,Manufacturing,Small business,4,43
2020,Southbank,Mining,Small business,1,
2020,Southbank,Other Services,Medium business,2,
2020,Southbank,Other Services,Non employing,16,0
2020,Southbank,"Professional, Scientific and Technical Services",Medium business,64,3350
2020,Southbank,Retail Trade,Medium business,15,554
2020,Southbank,"Transport, Postal and Warehousing",Large business,2,
2020,Southbank,"Transport, Postal and Warehousing",Medium business,4,206
2020,Southbank,"Transport, Postal and Warehousing",Non employing,1,
2020,Southbank,Wholesale Trade,Small business,10,47
2020,West Melbourne (Industrial),Arts and Recreation Services,Medium business,1,
2020,West Melbourne (Industrial),Arts and Recreation Services,Small business,1,
2020,West Melbourne (Industrial),"Electricity, Gas, Water and Waste Services",Medium business,1,
2020,West Melbourne (Industrial),"Electricity, Gas, Water and Waste Services",Non employing,5,0
2020,West Melbourne (Industrial),Manufacturing,Medium business,4,199
2020,West Melbourne (Industrial),"Professional, Scientific and Technical Services",Small business,2,
2020,West Melbourne (Industrial),"Rental, Hiring and Real Estate Services",Small business,2,
2020,West Melbourne (Industrial),"Transport, Postal and Warehousing",Non employing,12,0
2020,West Melbourne (Industrial),"Transport, Postal and Warehousing",Small business,15,148
2020,West Melbourne (Residential),Accommodation and Food Services,Medium business,2,
2020,West Melbourne (Residential),Accommodation and Food Services,Small business,55,251
2020,West Melbourne (Residential),Administrative and Support Services,Medium business,3,127
2020,West Melbourne (Residential),Arts and Recreation Services,Non employing,9,0
2020,West Melbourne (Residential),Arts and Recreation Services,Small business,7,29
2020,West Melbourne (Residential),Construction,Medium business,3,84
2020,West Melbourne (Residential),Construction,Small business,6,49
2020,West Melbourne (Residential),Education and Training,Non employing,1,
2020,West Melbourne (Residential),Health Care and Social Assistance,Large business,1,
2020,West Melbourne (Residential),Information Media and Telecommunications,Medium business,3,94
2020,West Melbourne (Residential),Information Media and Telecommunications,Small business,5,47
2020,West Melbourne (Residential),Manufacturing,Medium business,2,
2020,West Melbourne (Residential),Manufacturing,Small business,7,48
2020,West Melbourne (Residential),Other Services,Medium business,3,169
2020,West Melbourne (Residential),Other Services,Small business,34,176
2020,West Melbourne (Residential),"Professional, Scientific and Technical Services",Medium business,12,643
2020,West Melbourne (Residential),Public Administration and Safety,Small business,3,30
2020,West Melbourne (Residential),Wholesale Trade,Medium business,1,
2020,West Melbourne (Residential),Wholesale Trade,Small business,20,116
2021,Carlton,Accommodation and Food Services,Non employing,42,0
2021,Carlton,Accommodation and Food Services,Small business,246,1407
2021,Carlton,Administrative and Support Services,Medium business,1,
2021,Carlton,Administrative and Support Services,Small business,16,69
2021,Carlton,Arts and Recreation Services,Large business,1,
2021,Carlton,Education and Training,Large business,3,862
2021,Carlton,Education and Training,Small business,43,271
2021,Carlton,"Electricity, Gas, Water and Waste Services",Non employing,14,0
2021,Carlton,Financial and Insurance Services,Small business,20,148
2021,Carlton,Health Care and Social Assistance,Large business,4,1407
2021,Carlton,Health Care and Social Assistance,Non employing,1,
2021,Carlton,Information Media and Telecommunications,Small business,7,53
2021,Carlton,Manufacturing,Medium business,2,
2021,Carlton,Manufacturing,Small business,19,115
2021,Carlton,Other Services,Non employing,9,0
2021,Carlton,"Professional, Scientific and Technical Services",Small business,92,564
2021,Carlton,Public Administration and Safety,Medium business,3,250
2021,Carlton,Retail Trade,Medium business,4,192
2021,Carlton,"Transport, Postal and Warehousing",Small business,4,15
2021,Docklands,Administrative and Support Services,Small business,15,96
2021,Docklands,Arts and Recreation Services,Large business,3,1443
2021,Docklands,Construction,Medium business,5,229
2021,Docklands,Construction,Small business,9,39
2021,Docklands,"Electricity, Gas, Water and Waste Services",Large business,4,4486
2021,Docklands,Financial and Insurance Services,Medium business,6,419
2021,Docklands,Health Care and Social Assistance,Medium business,7,269
2021,Docklands,Information Media and Telecommunications,Large business,8,5389
2021,Docklands,Mining,Large business,2,
2021,Docklands,Other Services,Small business,42,180
2021,Docklands,"Professional, Scientific and Technical Services",Large business,17,10691
2021,Docklands,"Professional, Scientific and Technical Services",Small business,120,767
2021,Docklands,Public Administration and Safety,Small business,7,38
2021,Docklands,Retail Trade,Large business,2,
2021,Docklands,Retail Trade,Medium business,10,658
2021,Docklands,Retail Trade,Non employing,2,
2021,Docklands,"Transport, Postal and Warehousing",Non employing,6,0
2021,Docklands,"Transport, Postal and Warehousing",Small business,16,116
2021,Docklands,Wholesale Trade,Medium business,1,
2021,Docklands,Wholesale Trade,Small business,12,63
2021,East Melbourne,Accommodation and Food Services,Non employing,7,0
2021,East Melbourne,Accommodation and Food Services,Small business,51,288
2021,East Melbourne,Arts and Recreation Services,Non employing,21,0
2021,East Melbourne,Construction,Non employing,1,
2021,East Melbourne,Education and Training,Large business,3,702
2021,East Melbourne,Education and Training,Small business,3,40
2021,East Melbourne,"Electricity, Gas, Water and Waste Services",Non employing,7,0
2021,East Melbourne,Health Care and Social Assistance,Small business,178,1009
2021,East Melbourne,Information Media and Telecommunications,Medium business,1,
2021,East Melbourne,Information Media and Telecommunications,Small business,4,48
2021,East Melbourne,Mining,Small business,1,
2021,East Melbourne,Other Services,Large business,1,
2021,East Melbourne,Other Services,Small business,30,179
2021,East Melbourne,"Professional, Scientific and Technical Services",Medium business,11,625
2021,East Melbourne,"Rental, Hiring and Real Estate Services",Medium business,1,
2021,East Melbourne,Retail Trade,Non employing,1,
2021,East Melbourne,Wholesale Trade,Medium business,3,132
2021,Kensington,Accommodation and Food Services,Non employing,2,
2021,Kensington,Arts and Recreation Services,Small business,12,83
2021,Kensington,Construction,Large business,1,
2021,Kensington,Construction,Non employing,2,
2021,Kensington,Financial and Insurance Services,Small business,1,
2021,Kensington,Health Care and Social Assistance,Medium business,6,322
2021,Kensington,Other Services,Non employing,3,0
2021,Kensington,"Professional, Scientific and Technical Services",Large business,1,
2021,Kensington,"Professional, Scientific and Technical Services",Medium business,9,442
2021,Kensington,"Professional, Scientific and Technical Services",Small business,22,142
2021,Kensington,Public Administration and Safety,Small business,2,
2021,Kensington,"Rental, Hiring and Real Estate Services",Medium business,1,
2021,Kensington,"Rental, Hiring and Real Estate Services",Non employing,1,
2021,Kensington,"Rental, Hiring and Real Estate Services",Small business,12,49
2021,Kensington,Retail Trade,Small business,24,127
2021,Kensington,"Transport, Postal and Warehousing",Medium business,1,
2021,Melbourne (CBD),Accommodation and Food Services,Small business,1446,10067
2021,Melbourne (CBD),Administrative and Support Services,Large business,5,1755
2021,Melbourne (CBD),Administrative and Support Services,Medium business,83,4703
2021,Melbourne (CBD),Arts and Recreation Services,Medium business,33,1717
2021,Melbourne (CBD),Arts and Recreation Services,Non employing,17,0
2021,Melbourne (CBD),Arts and Recreation Services,Small business,98,474
2021,Melbourne (CBD),Construction,Non employing,1,
2021,Melbourne (CBD),Education and Training,Large business,5,1620
2021,Melbourne (CBD),"Electricity, Gas, Water and Waste Services",Large business,6,6348
2021,Melbourne (CBD),Financial and Insurance Services,Medium business,173,9991
2021,Melbourne (CBD),Health Care and Social Assistance,Medium business,45,2072
2021,Melbourne (CBD),Health Care and Social Assistance,Small business,304,1884
2021,Melbourne (CBD),Information Media and Telecommunications,Medium business,37,1838
2021,Melbourne (CBD),Information Media and Telecommunications,Small business,39,270
2021,Melbourne (CBD),Manufacturing,Medium business,8,475
2021,Melbourne (CBD),Mining,Medium business,5,207
2021,Melbourne (CBD),Other Services,Large business,1,
2021,Melbourne (CBD),Other Services,Small business,758,3344
2021,Melbourne (CBD),"Professional, Scientific and Technical Services",Large business,43,20135
2021,Melbourne (CBD),"Professional, Scientific and Technical Services",Medium business,439,23688
2021,Melbourne (CBD),Public Administration and Safety,Non employing,5,0
2021,Melbourne (CBD),Public Administration and Safety,Small business,56,487
2021,Melbourne (CBD),"Rental, Hiring and Real Estate Services",Large business,7,3526
2021,Melbourne (CBD),"Rental, Hiring and Real Estate Services",Non employing,8,0
2021,Melbourne (CBD),"Rental, Hiring and Real Estate Services",Small business,158,1039
2021,Melbourne (CBD),Retail Trade,Non employing,9,0
2021,Melbourne (CBD),Retail Trade,Small business,1057,5725
2021,Melbourne (Remainder),Accommodation and Food Services,Small business,37,182
2021,Melbourne (Remainder),Administrative and Support Services,Non employing,1,
2021,Melbourne (Remainder),Arts and Recreation Services,Non employing,24,0
2021,Melbourne (Remainder),Education and Training,Large business,4,1664
2021,Melbourne (Remainder),"Electricity, Gas, Water and Waste Services",Non employing,2,
2021,Melbourne (Remainder),Financial and Insurance Services,Large business,2,
2021,Melbourne (Remainder),Health Care and Social Assistance,Large business,2,
2021,Melbourne (Remainder),Health Care and Social Assistance,Non employing,2,
2021,Melbourne (Remainder),Health Care and Social Assistance,Small business,45,194
2021,Melbourne (Remainder),Information Media and Telecommunications,Medium business,1,
2021,Melbourne (Remainder),Manufacturing,Small business,4,8
2021,Melbourne (Remainder),"Professional, Scientific and Technical Services",Large business,6,3776
2021,Melbourne (Remainder),"Rental, Hiring and Real Estate Services",Medium business,2,
2021,Melbourne (Remainder),Retail Trade,Medium business,1,
2021,Melbourne (Remainder),"Transport, Postal and Warehousing",Non employing,2,
2021,North Melbourne,Accommodation and Food Services,Medium business,5,142
2021,North Melbourne,Administrative and Support Services,Non employing,3,0
2021,North Melbourne,Arts and Recreation Services,Non employing,12,0
2021,North Melbourne,Education and Training,Medium business,12,665
2021,North Melbourne,Education and Training,Non employing,1,
2021,North Melbourne,"Electricity, Gas, Water and Waste Services",Non employing,24,0
2021,North Melbourne,Manufacturing,Small business,26,137
2021,North Melbourne,Other Services,Non employing,12,0
2021,North Melbourne,"Professional, Scientific and Technical Services",Large business,2,
2021,North Melbourne,"Professional, Scientific and Technical Services",Medium business,17,786
2021,North Melbourne,Public Administration and Safety,Non employing,2,
2021,North Melbourne,Retail Trade,Non employing,1,
2021,North Melbourne,Retail Trade,Small business,73,319
2021,North Melbourne,"Transport, Postal and Warehousing",Small business,14,71
2021,Parkville,Accommodation and Food Services,Large business,1,
2021,Parkville,Arts and Recreation Services,Medium business,2,
2021,Parkville,Arts and Recreation Services,Non employing,29,0
2021,Parkville,Education and Training,Non employing,1,
2021,Parkville,Education and Training,Small business,14,120
2021,Parkville,"Electricity, Gas, Water and Waste Services",Non employing,7,0
2021,Parkville,Financial and Insurance Services,Small business,7,37
2021,Parkville,Health Care and Social Assistance,Small business,61,254
2021,Parkville,Manufacturing,Small business,1,
2021,Parkville,"Professional, Scientific and Technical Services",Small business,9,80
2021,Parkville,Public Administration and Safety,Large business,1,
2021,Parkville,Public Administration and Safety,Medium business,2,
2021,Parkville,"Transport, Postal and Warehousing",Non employing,2,
2021,Parkville,"Transport, Postal and Warehousing",Small business,2,
2021,Port Melbourne,Administrative and Support Services,Medium business,5,463
2021,Port Melbourne,Construction,Non employing,1,
2021,Port Melbourne,Education and Training,Small business,6,51
2021,Port Melbourne,Financial and Insurance Services,Medium business,1,
2021,Port Melbourne,Health Care and Social Assistance,Medium business,2,
2021,Port Melbourne,Information Media and Telecommunications,Medium business,7,256
2021,Port Melbourne,Manufacturing,Medium business,21,1273
2021,Port Melbourne,Manufacturing,Non employing,2,
2021,Port Melbourne,Manufacturing,Small business,50,399
2021,Port Melbourne,Other Services,Medium business,5,135
2021,Port Melbourne,Retail Trade,Small business,19,118
2021,Port Melbourne,"Transport, Postal and Warehousing",Non employing,2,
2021,South Yarra,Accommodation and Food Services,Small business,9,87
2021,South Yarra,Administrative and Support Services,Small business,1,
2021,South Yarra,Public Administration and Safety,Medium business,1,
2021,Southbank,Accommodation and Food Services,Medium business,74,3537
2021,Southbank,Administrative and Support Services,Medium business,13,640
2021,Southbank,Arts and Recreation Services,Large business,6,8820
2021,Southbank,Construction,Large business,1,
2021,Southbank,Construction,Medium business,11,515
2021,Southbank,Construction,Small business,11,111
2021,Southbank,"Electricity, Gas, Water and Waste Services",Large business,1,
2021,Southbank,"Electricity, Gas, Water and Waste Services",Non employing,20,0
2021,Southbank,Financial and Insurance Services,Medium business,12,845
2021,Southbank,Health Care and Social Assistance,Small business,20,158
2021,Southbank,Information Media and Telecommunications,Large business,3,1586
2021,Southbank,Information Media and Telecommunications,Medium business,9,836
2021,Southbank,Manufacturing,Medium business,6,585
2021,Southbank,Other Services,Small business,17,69
2021,Southbank,"Professional, Scientific and Technical Services",Medium business,58,3462
2021,Southbank,"Professional, Scientific and Technical Services",Small business,31,296
2021,Southbank,Public Administration and Safety,Large business,2,
2021,Southbank,Public Administration and Safety,Medium business,6,383
2021,Southbank,"Rental, Hiring and Real Estate Services",Small business,19,158
2021,Southbank,"Transport, Postal and Warehousing",Non employing,1,
2021,West Melbourne (Industrial),Arts and Recreation Services,Medium business,1,
2021,West Melbourne (Industrial),Arts and Recreation Services,Non employing,7,0
2021,West Melbourne (Industrial),Arts and Recreation Services,Small business,1,
2021,West Melbourne (Industrial),Construction,Non employing,1,
2021,West Melbourne (Industrial),Construction,Small business,5,29
2021,West Melbourne (Industrial),"Electricity, Gas, Water and Waste Services",Non employing,5,0
2021,West Melbourne (Industrial),Manufacturing,Medium business,4,199
2021,West Melbourne (Industrial),Manufacturing,Small business,1,
2021,West Melbourne (Industrial),"Professional, Scientific and Technical Services",Small business,2,
2021,West Melbourne (Industrial),Public Administration and Safety,Medium business,1,
2021,West Melbourne (Industrial),"Rental, Hiring and Real Estate Services",Small business,2,
2021,West Melbourne (Industrial),Retail Trade,Small business,3,19
2021,West Melbourne (Industrial),"Transport, Postal and Warehousing",Non employing,12,0
2021,West Melbourne (Industrial),Wholesale Trade,Small business,23,146
2021,West Melbourne (Residential),Administrative and Support Services,Small business,6,25
2021,West Melbourne (Residential),Education and Training,Non employing,1,
2021,West Melbourne (Residential),Education and Training,Small business,11,91
2021,West Melbourne (Residential),Financial and Insurance Services,Small business,6,33
2021,West Melbourne (Residential),Health Care and Social Assistance,Small business,17,102
2021,West Melbourne (Residential),Information Media and Telecommunications,Small business,5,47
2021,West Melbourne (Residential),"Professional, Scientific and Technical Services",Medium business,12,643
2021,West Melbourne (Residential),Public Administration and Safety,Large business,1,
2021,West Melbourne (Residential),Public Administration and Safety,Medium business,1,
2021,West Melbourne (Residential),"Rental, Hiring and Real Estate Services",Non employing,1,
2021,West Melbourne (Residential),"Rental, Hiring and Real Estate Services",Small business,6,36
2021,West Melbourne (Residential),Retail Trade,Non employing,1,
2021,West Melbourne (Residential),Retail Trade,Small business,31,106
2021,West Melbourne (Residential),Wholesale Trade,Medium business,1,
2021,West Melbourne (Residential),Wholesale Trade,Non employing,2,
2022,Carlton,Construction,Medium business,1,
2022,Carlton,Construction,Small business,9,52
2022,Carlton,Education and Training,Medium business,26,1950
2022,Carlton,Education and Training,Non employing,9,0
2022,Carlton,"Electricity, Gas, Water and Waste Services",Non employing,14,0
2022,Carlton,Health Care and Social Assistance,Medium business,15,908
2022,Carlton,Health Care and Social Assistance,Small business,69,397
2022,Carlton,Manufacturing,Non employing,3,0
2022,Carlton,Manufacturing,Small business,14,49
2022,Carlton,Public Administration and Safety,Large business,2,
2022,Carlton,"Rental, Hiring and Real Estate Services",Small business,16,71
2022,Carlton,Retail Trade,Non employing,4,0
2022,Carlton,Wholesale Trade,Medium business,2,
2022,Carlton,Wholesale Trade,Small business,9,37
2022,Docklands,Administrative and Support Services,Medium business,5,238
2022,Docklands,Administrative and Support Services,Small business,15,96
2022,Docklands,"Agriculture, Forestry and Fishing",Medium business,1,
2022,Docklands,Arts and Recreation Services,Large business,3,1443
2022,Docklands,Arts and Recreation Services,Non employing,27,0
2022,Docklands,Arts and Recreation Services,Small business,24,151
2022,Docklands,Construction,Large business,1,
2022,Docklands,Construction,Medium business,5,229
2022,Docklands,Education and Training,Large business,1,
2022,Docklands,Education and Training,Medium business,8,610
2022,Docklands,Education and Training,Non employing,1,
2022,Docklands,Education and Training,Small business,14,73
2022,Docklands,"Electricity, Gas, Water and Waste Services",Medium business,1,
2022,Docklands,"Electricity, Gas, Water and Waste Services",Small business,1,
2022,Docklands,Financial and Insurance Services,Large business,15,25583
2022,Docklands,Financial and Insurance Services,Medium business,6,419
2022,Docklands,Information Media and Telecommunications,Large business,8,5389
2022,Docklands,Information Media and Telecommunications,Small business,15,126
2022,Docklands,Manufacturing,Small business,12,71
2022,Docklands,Mining,Large business,2,
2022,Docklands,Other Services,Medium business,4,262
2022,Docklands,"Professional, Scientific and Technical Services",Medium business,17,803
2022,Docklands,Public Administration and Safety,Small business,7,38
2022,Docklands,Retail Trade,Large business,2,
2022,Docklands,Retail Trade,Small business,135,678
2022,Docklands,Wholesale Trade,Large business,1,
2022,Docklands,Wholesale Trade,Medium business,1,
2022,Docklands,Wholesale Trade,Non employing,1,
2022,Docklands,Wholesale Trade,Small business,12,63
2022,East Melbourne,Accommodation and Food Services,Large business,3,3475
2022,East Melbourne,Accommodation and Food Services,Non employing,7,0
2022,East Melbourne,Administrative and Support Services,Small business,3,17
2022,East Melbourne,Arts and Recreation Services,Large business,2,
2022,East Melbourne,Arts and Recreation Services,Small business,10,55
2022,East Melbourne,Education and Training,Medium business,5,427
2022,East Melbourne,Health Care and Social Assistance,Non employing,1,
2022,East Melbourne,Information Media and Telecommunications,Medium business,1,
2022,East Melbourne,Other Services,Small business,26,137
2022,East Melbourne,"Professional, Scientific and Technical Services",Medium business,9,565
2022,East Melbourne,Wholesale Trade,Medium business,2,
2022,Kensington,Accommodation and Food Services,Medium business,5,181
2022,Kensington,Accommodation and Food Services,Small business,47,251
2022,Kensington,Arts and Recreation Services,Large business,1,
2022,Kensington,Construction,Large business,1,
2022,Kensington,Construction,Small business,18,123
2022,Kensington,Education and Training,Small business,5,37
2022,Kensington,"Electricity, Gas, Water and Waste Services",Non employing,8,0
2022,Kensington,Health Care and Social Assistance,Small business,19,149
2022,Kensington,Manufacturing,Medium business,5,269
2022,Kensington,Other Services,Medium business,4,111
2022,Kensington,Other Services,Non employing,3,0
2022,Kensington,Other Services,Small business,35,146
2022,Kensington,"Rental, Hiring and Real Estate Services",Medium business,1,
2022,Kensington,Retail Trade,Medium business,4,332
2022,Kensington,"Transport, Postal and Warehousing",Medium business,1,
2022,Kensington,"Transport, Postal and Warehousing",Non employing,5,0
2022,Kensington,Wholesale Trade,Small business,25,159
2022,Melbourne (CBD),"Agriculture, Forestry and Fishing",Medium business,1,
2022,Melbourne (CBD),Arts and Recreation Services,Medium business,36,1896
2022,Melbourne (CBD),Construction,Large business,5,1245
2022,Melbourne (CBD),Education and Training,Large business,4,1155
2022,Melbourne (CBD),Education and Training,Non employing,5,0
2022,Melbourne (CBD),"Electricity, Gas, Water and Waste Services",Large business,5,4697
2022,Melbourne (CBD),"Electricity, Gas, Water and Waste Services",Small business,15,127
2022,Melbourne (CBD),Financial and Insurance Services,Medium business,177,9958
2022,Melbourne (CBD),Health Care and Social Assistance,Large business,1,
2022,Melbourne (CBD),Health Care and Social Assistance,Medium business,54,2633
2022,Melbourne (CBD),Health Care and Social Assistance,Non employing,4,0
2022,Melbourne (CBD),Information Media and Telecommunications,Small business,39,330
2022,Melbourne (CBD),Mining,Large business,1,
2022,Melbourne (CBD),Mining,Medium business,8,550
2022,Melbourne (CBD),"Professional, Scientific and Technical Services",Small business,928,6839
2022,Melbourne (CBD),Public Administration and Safety,Small business,51,462
2022,Melbourne (CBD),"Rental, Hiring and Real Estate Services",Small business,148,912
2022,Melbourne (CBD),Retail Trade,Large business,4,2044
2022,Melbourne (CBD),Retail Trade,Medium business,83,3610
2022,Melbourne (CBD),Retail Trade,Non employing,10,0
2022,Melbourne (CBD),Retail Trade,Small business,1015,5620
2022,Melbourne (Remainder),Accommodation and Food Services,Large business,5,2276
2022,Melbourne (Remainder),Administrative and Support Services,Medium business,1,
2022,Melbourne (Remainder),Administrative and Support Services,Non employing,1,
2022,Melbourne (Remainder),Arts and Recreation Services,Small business,10,60
2022,Melbourne (Remainder),Construction,Small business,6,27
2022,Melbourne (Remainder),Education and Training,Large business,4,1664
2022,Melbourne (Remainder),Education and Training,Medium business,1,
2022,Melbourne (Remainder),Financial and Insurance Services,Medium business,6,284
2022,Melbourne (Remainder),Financial and Insurance Services,Small business,13,94
2022,Melbourne (Remainder),Health Care and Social Assistance,Medium business,8,589
2022,Melbourne (Remainder),Health Care and Social Assistance,Small business,45,194
2022,Melbourne (Remainder),Manufacturing,Small business,4,8
2022,Melbourne (Remainder),Other Services,Medium business,1,
2022,Melbourne (Remainder),Other Services,Non employing,7,0
2022,Melbourne (Remainder),Other Services,Small business,12,53
2022,Melbourne (Remainder),"Professional, Scientific and Technical Services",Large business,6,3776
2022,Melbourne (Remainder),Public Administration and Safety,Medium business,2,
2022,Melbourne (Remainder),"Transport, Postal and Warehousing",Non employing,2,
2022,Melbourne (Remainder),Wholesale Trade,Large business,1,
2022,Melbourne (Remainder),Wholesale Trade,Medium business,2,
2022,Melbourne (Remainder),Wholesale Trade,Small business,2,
2022,North Melbourne,Accommodation and Food Services,Small business,121,606
2022,North Melbourne,Arts and Recreation Services,Non employing,12,0
2022,North Melbourne,"Electricity, Gas, Water and Waste Services",Non employing,24,0
2022,North Melbourne,Health Care and Social Assistance,Non employing,3,0
2022,North Melbourne,Health Care and Social Assistance,Small business,66,341
2022,North Melbourne,Information Media and Telecommunications,Small business,9,65
2022,North Melbourne,Manufacturing,Non employing,1,
2022,North Melbourne,Other Services,Non employing,15,0
2022,North Melbourne,Public Administration and Safety,Non employing,2,
2022,North Melbourne,"Rental, Hiring and Real Estate Services",Small business,17,100
2022,North Melbourne,Retail Trade,Small business,69,284
2022,North Melbourne,Wholesale Trade,Non employing,2,
2022,North Melbourne,Wholesale Trade,Small business,32,186
2022,Parkville,Accommodation and Food Services,Medium business,17,1296
2022,Parkville,Administrative and Support Services,Medium business,2,
2022,Parkville,Arts and Recreation Services,Non employing,28,0
2022,Parkville,Arts and Recreation Services,Small business,10,71
2022,Parkville,Education and Training,Large business,3,969
2022,Parkville,Education and Training,Medium business,49,3720
2022,Parkville,Financial and Insurance Services,Small business,5,38
2022,Parkville,Health Care and Social Assistance,Large business,7,22637
2022,Parkville,Health Care and Social Assistance,Medium business,12,726
2022,Parkville,Health Care and Social Assistance,Small business,63,316
2022,Parkville,Information Media and Telecommunications,Non employing,2,
2022,Parkville,Other Services,Non employing,6,0
2022,Parkville,"Professional, Scientific and Technical Services",Large business,1,
2022,Parkville,"Professional, Scientific and Technical Services",Medium business,8,432
2022,Parkville,Public Administration and Safety,Large business,1,
2022,Parkville,"Rental, Hiring and Real Estate Services",Medium business,1,
2022,Port Melbourne,Accommodation and Food Services,Medium business,3,118
2022,Port Melbourne,Administrative and Support Services,Medium business,5,463
2022,Port Melbourne,"Agriculture, Forestry and Fishing",Small business,1,
2022,Port Melbourne,Arts and Recreation Services,Non employing,5,0
2022,Port Melbourne,Construction,Non employing,1,
2022,Port Melbourne,Construction,Small business,42,316
2022,Port Melbourne,Education and Training,Non employing,2,
2022,Port Melbourne,"Electricity, Gas, Water and Waste Services",Non employing,6,0
2022,Port Melbourne,"Electricity, Gas, Water and Waste Services",Small business,3,11
2022,Port Melbourne,Financial and Insurance Services,Small business,4,23
2022,Port Melbourne,Health Care and Social Assistance,Medium business,2,
2022,Port Melbourne,Manufacturing,Large business,5,2356
2022,Port Melbourne,Manufacturing,Medium business,21,1273
2022,Port Melbourne,Other Services,Small business,10,75
2022,Port Melbourne,"Professional, Scientific and Technical Services",Non employing,2,
2022,Port Melbourne,Public Administration and Safety,Large business,1,
2022,Port Melbourne,Public Administration and Safety,Medium business,6,263
2022,Port Melbourne,"Rental, Hiring and Real Estate Services",Small business,14,105
2022,Port Melbourne,Retail Trade,Non employing,1,
2022,Port Melbourne,Retail Trade,Small business,19,118
2022,Port Melbourne,Wholesale Trade,Medium business,11,597
2022,South Yarra,Arts and Recreation Services,Non employing,4,0
2022,South Yarra,Arts and Recreation Services,Small business,1,
2022,South Yarra,Education and Training,Medium business,4,180
2022,South Yarra,Manufacturing,Small business,1,
2022,South Yarra,Public Administration and Safety,Medium business,1,
2022,South Yarra,Retail Trade,Small business,4,16
2022,Southbank,Accommodation and Food Services,Medium business,74,3537
2022,Southbank,Accommodation and Food Services,Small business,138,1072
2022,Southbank,Administrative and Support Services,Medium business,13,640
2022,Southbank,"Agriculture, Forestry and Fishing",Small business,1,
2022,Southbank,"Electricity, Gas, Water and Waste Services",Large business,1,
2022,Southbank,Health Care and Social Assistance,Small business,20,158
2022,Southbank,Information Media and Telecommunications,Small business,5,61
2022,Southbank,Manufacturing,Medium business,6,585
2022,Southbank,Mining,Large business,1,
2022,Southbank,Other Services,Large business,1,
2022,Southbank,Other Services,Medium business,2,
2022,Southbank,"Transport, Postal and Warehousing",Large business,2,
2022,Southbank,"Transport, Postal and Warehousing",Medium business,4,199
2022,Southbank,"Transport, Postal and Warehousing",Small business,4,31
2022,Southbank,Wholesale Trade,Medium business,3,222
2022,Southbank,Wholesale Trade,Small business,9,69
2022,West Melbourne (Industrial),Administrative and Support Services,Small business,2,
2022,West Melbourne (Industrial),Arts and Recreation Services,Medium business,1,
2022,West Melbourne (Industrial),Manufacturing,Small business,2,
2022,West Melbourne (Industrial),"Professional, Scientific and Technical Services",Small business,2,
2022,West Melbourne (Industrial),Public Administration and Safety,Medium business,1,
2022,West Melbourne (Industrial),"Transport, Postal and Warehousing",Large business,5,2330
2022,West Melbourne (Residential),Administrative and Support Services,Small business,5,34
2022,West Melbourne (Residential),"Electricity, Gas, Water and Waste Services",Non employing,8,0
2022,West Melbourne (Residential),Financial and Insurance Services,Medium business,2,
2022,West Melbourne (Residential),Information Media and Telecommunications,Small business,5,42
2022,West Melbourne (Residential),Manufacturing,Medium business,2,
2022,West Melbourne (Residential),Other Services,Medium business,3,173
2022,West Melbourne (Residential),"Professional, Scientific and Technical Services",Small business,61,419
2022,West Melbourne (Residential),"Rental, Hiring and Real Estate Services",Non employing,1,
2022,West Melbourne (Residential),"Rental, Hiring and Real Estate Services",Small business,5,31
2022,West Melbourne (Residential),Retail Trade,Medium business,3,78
2022,West Melbourne (Residential),Wholesale Trade,Medium business,1,
2022,West Melbourne (Residential),Wholesale Trade,Non employing,1,
2023,Carlton,Accommodation and Food Services,Medium business,39,1253
2023,Carlton,Accommodation and Food Services,Non employing,37,0
2023,Carlton,Construction,Medium business,2,
2023,Carlton,Education and Training,Medium business,31,1705
2023,Carlton,Education and Training,Small business,38,260
2023,Carlton,"Electricity, Gas, Water and Waste Services",Non employing,14,0
2023,Carlton,"Electricity, Gas, Water and Waste Services",Small business,1,
2023,Carlton,Financial and Insurance Services,Small business,16,108
2023,Carlton,Health Care and Social Assistance,Large business,3,1259
2023,Carlton,Information Media and Telecommunications,Small business,6,59
2023,Carlton,Manufacturing,Medium business,1,
2023,Carlton,Manufacturing,Non employing,4,0
2023,Carlton,Manufacturing,Small business,17,89
2023,Carlton,Other Services,Large business,1,
2023,Carlton,Other Services,Non employing,10,0
2023,Carlton,Other Services,Small business,87,382
2023,Carlton,"Professional, Scientific and Technical Services",Large business,1,
2023,Carlton,Public Administration and Safety,Large business,2,
2023,Carlton,Public Administration and Safety,Medium business,2,
2023,Carlton,Public Administration and Safety,Small business,5,44
2023,Carlton,"Rental, Hiring and Real Estate Services",Medium business,2,
2023,Carlton,"Rental, Hiring and Real Estate Services",Small business,15,72
2023,Carlton,Retail Trade,Non employing,6,0
2023,Carlton,Retail Trade,Small business,98,448
2023,Carlton,Wholesale Trade,Small business,8,41
2023,Docklands,Administrative and Support Services,Non employing,3,0
2023,Docklands,Construction,Medium business,7,228
2023,Docklands,Education and Training,Large business,1,
2023,Docklands,Education and Training,Small business,19,121
2023,Docklands,"Electricity, Gas, Water and Waste Services",Small business,1,
2023,Docklands,Information Media and Telecommunications,Medium business,9,612
2023,Docklands,Manufacturing,Medium business,2,
2023,Docklands,Mining,Large business,2,
2023,Docklands,"Professional, Scientific and Technical Services",Medium business,22,1138
2023,Docklands,Retail Trade,Small business,149,723
2023,Docklands,"Transport, Postal and Warehousing",Non employing,4,0
2023,Docklands,"Transport, Postal and Warehousing",Small business,16,111
2023,Docklands,Wholesale Trade,Large business,3,1222
2023,Docklands,Wholesale Trade,Small business,17,87
2023,East Melbourne,Accommodation and Food Services,Small business,46,257
2023,East Melbourne,Arts and Recreation Services,Large business,3,1785
2023,East Melbourne,Arts and Recreation Services,Medium business,3,112
2023,East Melbourne,Construction,Small business,4,18
2023,East Melbourne,Education and Training,Large business,2,
2023,East Melbourne,Education and Training,Medium business,2,
2023,East Melbourne,Education and Training,Small business,1,
2023,East Melbourne,Financial and Insurance Services,Large business,1,
2023,East Melbourne,Financial and Insurance Services,Medium business,3,234
2023,East Melbourne,Financial and Insurance Services,Small business,6,39
2023,East Melbourne,Information Media and Telecommunications,Medium business,2,
2023,East Melbourne,Manufacturing,Large business,2,
2023,East Melbourne,Other Services,Medium business,13,863
2023,East Melbourne,"Professional, Scientific and Technical Services",Large business,1,
2023,East Melbourne,Public Administration and Safety,Non employing,1,
2023,East Melbourne,"Rental, Hiring and Real Estate Services",Medium business,1,
2023,East Melbourne,Retail Trade,Small business,13,83
2023,Kensington,Accommodation and Food Services,Medium business,4,165
2023,Kensington,Arts and Recreation Services,Medium business,12,525
2023,Kensington,Construction,Medium business,5,150
2023,Kensington,Construction,Non employing,3,0
2023,Kensington,Construction,Small business,19,120
2023,Kensington,Health Care and Social Assistance,Small business,20,145
2023,Kensington,Manufacturing,Medium business,6,368
2023,Kensington,Other Services,Non employing,5,0
2023,Kensington,Other Services,Small business,29,133
2023,Kensington,"Professional, Scientific and Technical Services",Large business,1,
2023,Kensington,"Professional, Scientific and Technical Services",Medium business,11,467
2023,Kensington,Public Administration and Safety,Non employing,1,
2023,Kensington,Public Administration and Safety,Small business,2,
2023,Kensington,Retail Trade,Small business,32,176
2023,Kensington,Wholesale Trade,Medium business,3,94
2023,Melbourne (CBD),Administrative and Support Services,Non employing,3,0
2023,Melbourne (CBD),Administrative and Support Services,Small business,176,1316
2023,Melbourne (CBD),"Agriculture, Forestry and Fishing",Medium business,1,
2023,Melbourne (CBD),"Agriculture, Forestry and Fishing",Non employing,1,
2023,Melbourne (CBD),Arts and Recreation Services,Non employing,19,0
2023,Melbourne (CBD),Construction,Medium business,37,1712
2023,Melbourne (CBD),Education and Training,Non employing,5,0
2023,Melbourne (CBD),Health Care and Social Assistance,Small business,292,1730
2023,Melbourne (CBD),Information Media and Telecommunications,Medium business,33,1919
2023,Melbourne (CBD),Information Media and Telecommunications,Small business,39,330
2023,Melbourne (CBD),Manufacturing,Small business,182,539
2023,Melbourne (CBD),Mining,Small business,16,113
2023,Melbourne (CBD),"Professional, Scientific and Technical Services",Medium business,455,24807
2023,Melbourne (CBD),"Professional, Scientific and Technical Services",Small business,928,6839
2023,Melbourne (CBD),Public Administration and Safety,Large business,43,25660
2023,Melbourne (CBD),"Rental, Hiring and Real Estate Services",Large business,6,3411
2023,Melbourne (CBD),"Rental, Hiring and Real Estate Services",Small business,148,912
2023,Melbourne (CBD),Retail Trade,Large business,4,2044
2023,Melbourne (CBD),Retail Trade,Medium business,83,3610
2023,Melbourne (CBD),Retail Trade,Non employing,10,0
2023,Melbourne (CBD),"Transport, Postal and Warehousing",Small business,40,336
2023,Melbourne (CBD),Wholesale Trade,Small business,86,401
2023,Melbourne (Remainder),Accommodation and Food Services,Large business,5,2276
2023,Melbourne (Remainder),Accommodation and Food Services,Non employing,2,
2023,Melbourne (Remainder),Administrative and Support Services,Non employing,1,
2023,Melbourne (Remainder),Administrative and Support Services,Small business,5,43
2023,Melbourne (Remainder),Arts and Recreation Services,Large business,3,3307
2023,Melbourne (Remainder),Arts and Recreation Services,Non employing,23,0
2023,Melbourne (Remainder),Construction,Medium business,2,
2023,Melbourne (Remainder),Education and Training,Small business,3,15
2023,Melbourne (Remainder),"Electricity, Gas, Water and Waste Services",Non employing,2,
2023,Melbourne (Remainder),Health Care and Social Assistance,Large business,3,7474
2023,Melbourne (Remainder),Health Care and Social Assistance,Small business,47,192
2023,Melbourne (Remainder),"Professional, Scientific and Technical Services",Large business,6,3936
2023,Melbourne (Remainder),"Professional, Scientific and Technical Services",Medium business,5,279
2023,Melbourne (Remainder),"Professional, Scientific and Technical Services",Small business,11,74
2023,Melbourne (Remainder),Public Administration and Safety,Small business,2,
2023,Melbourne (Remainder),Retail Trade,Small business,14,79
2023,Melbourne (Remainder),"Transport, Postal and Warehousing",Small business,5,49
2023,North Melbourne,Accommodation and Food Services,Small business,129,719
2023,North Melbourne,Administrative and Support Services,Non employing,1,
2023,North Melbourne,"Agriculture, Forestry and Fishing",Small business,1,
2023,North Melbourne,Arts and Recreation Services,Large business,1,
2023,North Melbourne,Arts and Recreation Services,Medium business,1,
2023,North Melbourne,Arts and Recreation Services,Non employing,14,0
2023,North Melbourne,Construction,Medium business,9,318
2023,North Melbourne,Construction,Non employing,1,
2023,North Melbourne,Education and Training,Large business,1,
2023,North Melbourne,Education and Training,Medium business,13,788
2023,North Melbourne,Education and Training,Small business,21,163
2023,North Melbourne,Financial and Insurance Services,Non employing,2,
2023,North Melbourne,Health Care and Social Assistance,Large business,1,
2023,North Melbourne,Health Care and Social Assistance,Small business,80,432
2023,North Melbourne,Manufacturing,Medium business,5,208
2023,North Melbourne,Manufacturing,Non employing,1,
2023,North Melbourne,Manufacturing,Small business,29,159
2023,North Melbourne,Other Services,Non employing,15,0
2023,North Melbourne,Other Services,Small business,93,381
2023,North Melbourne,Public Administration and Safety,Medium business,4,237
2023,North Melbourne,Public Administration and Safety,Small business,4,29
2023,North Melbourne,"Rental, Hiring and Real Estate Services",Medium business,1,
2023,Parkville,Accommodation and Food Services,Medium business,18,1054
2023,Parkville,Accommodation and Food Services,Small business,56,330
2023,Parkville,Arts and Recreation Services,Small business,7,39
2023,Parkville,Education and Training,Small business,10,90
2023,Parkville,"Professional, Scientific and Technical Services",Medium business,9,575
2023,Parkville,"Transport, Postal and Warehousing",Small business,2,
2023,Port Melbourne,Accommodation and Food Services,Medium business,3,108
2023,Port Melbourne,Administrative and Support Services,Medium business,5,406
2023,Port Melbourne,Administrative and Support Services,Small business,16,159
2023,Port Melbourne,"Agriculture, Forestry and Fishing",Small business,1,
2023,Port Melbourne,Arts and Recreation Services,Small business,7,35
2023,Port Melbourne,Construction,Medium business,22,846
2023,Port Melbourne,Education and Training,Medium business,1,
2023,Port Melbourne,Health Care and Social Assistance,Small business,4,29
2023,Port Melbourne,Information Media and Telecommunications,Small business,12,66
2023,Port Melbourne,Manufacturing,Large business,4,2107
2023,Port Melbourne,Other Services,Medium business,4,103
2023,Port Melbourne,"Professional, Scientific and Technical Services",Large business,1,
2023,Port Melbourne,Public Administration and Safety,Medium business,7,316
2023,Port Melbourne,Public Administration and Safety,Small business,8,47
2023,Port Melbourne,Retail Trade,Medium business,6,241
2023,Port Melbourne,Retail Trade,Small business,23,127
2023,Port Melbourne,"Transport, Postal and Warehousing",Small business,20,181
2023,Port Melbourne,Wholesale Trade,Large business,1,
2023,Port Melbourne,Wholesale Trade,Medium business,10,471
2023,South Yarra,Accommodation and Food Services,Medium business,5,193
2023,South Yarra,Administrative and Support Services,Small business,1,
2023,South Yarra,Education and Training,Large business,1,
2023,South Yarra,"Electricity, Gas, Water and Waste Services",Non employing,6,0
2023,South Yarra,Other Services,Non employing,1,
2023,South Yarra,Other Services,Small business,6,30
2023,Southbank,Accommodation and Food Services,Non employing,5,0
2023,Southbank,Administrative and Support Services,Large business,1,
2023,Southbank,Construction,Large business,1,
2023,Southbank,Construction,Small business,10,93
2023,Southbank,Education and Training,Medium business,8,629
2023,Southbank,"Electricity, Gas, Water and Waste Services",Large business,3,1203
2023,Southbank,"Electricity, Gas, Water and Waste Services",Medium business,6,296
2023,Southbank,"Electricity, Gas, Water and Waste Services",Small business,4,49
2023,Southbank,Financial and Insurance Services,Small business,13,100
2023,Southbank,Health Care and Social Assistance,Medium business,8,555
2023,Southbank,Health Care and Social Assistance,Small business,24,204
2023,Southbank,Information Media and Telecommunications,Medium business,9,716
2023,Southbank,Other Services,Medium business,3,171
2023,Southbank,"Professional, Scientific and Technical Services",Large business,7,4629
2023,Southbank,"Professional, Scientific and Technical Services",Medium business,50,3576
2023,Southbank,Public Administration and Safety,Large business,1,
2023,Southbank,Public Administration and Safety,Small business,2,
2023,Southbank,"Rental, Hiring and Real Estate Services",Small business,19,150
2023,Southbank,Retail Trade,Large business,1,
2023,Southbank,"Transport, Postal and Warehousing",Medium business,4,206
2023,Southbank,"Transport, Postal and Warehousing",Small business,4,32
2023,West Melbourne (Industrial),Arts and Recreation Services,Medium business,1,
2023,West Melbourne (Industrial),Construction,Small business,7,39
2023,West Melbourne (Industrial),Information Media and Telecommunications,Non employing,3,0
2023,West Melbourne (Industrial),Manufacturing,Small business,2,
2023,West Melbourne (Industrial),Other Services,Small business,5,28
2023,West Melbourne (Industrial),Wholesale Trade,Small business,22,151
2023,West Melbourne (Residential),Accommodation and Food Services,Medium business,2,
2023,West Melbourne (Residential),Administrative and Support Services,Small business,3,23
2023,West Melbourne (Residential),Arts and Recreation Services,Medium business,2,
2023,West Melbourne (Residential),Construction,Small business,10,90
2023,West Melbourne (Residential),Education and Training,Medium business,4,304
2023,West Melbourne (Residential),Education and Training,Small business,15,122
2023,West Melbourne (Residential),"Electricity, Gas, Water and Waste Services",Non employing,8,0
2023,West Melbourne (Residential),Financial and Insurance Services,Medium business,4,101
2023,West Melbourne (Residential),Financial and Insurance Services,Small business,4,26
2023,West Melbourne (Residential),Health Care and Social Assistance,Small business,21,157
2023,West Melbourne (Residential),Information Media and Telecommunications,Small business,6,42
2023,West Melbourne (Residential),Manufacturing,Small business,11,67
2023,West Melbourne (Residential),Other Services,Small business,41,170
2023,West Melbourne (Residential),"Professional, Scientific and Technical Services",Medium business,16,731
2023,West Melbourne (Residential),Public Administration and Safety,Small business,3,28
2023,West Melbourne (Residential),"Rental, Hiring and Real Estate Services",Medium business,2,
2023,West Melbourne (Residential),Retail Trade,Medium business,5,138
2023,West Melbourne (Residential),Wholesale Trade,Small business,15,89
2024,Carlton,Accommodation and Food Services,Medium business,39,1253
2024,Carlton,Accommodation and Food Services,Small business,246,1599
2024,Carlton,Arts and Recreation Services,Large business,1,
2024,Carlton,Arts and Recreation Services,Non employing,21,0
2024,Carlton,Arts and Recreation Services,Small business,22,95
2024,Carlton,"Electricity, Gas, Water and Waste Services",Small business,1,
2024,Carlton,Information Media and Telecommunications,Medium business,7,285
2024,Carlton,"Professional, Scientific and Technical Services",Large business,1,
2024,Carlton,"Professional, Scientific and Technical Services",Medium business,21,943
2024,Carlton,Public Administration and Safety,Large business,2,
2024,Carlton,Public Administration and Safety,Small business,5,44
2024,Carlton,"Rental, Hiring and Real Estate Services",Medium business,2,
2024,Carlton,"Transport, Postal and Warehousing",Small business,3,14
2024,Docklands,Accommodation and Food Services,Small business,215,1368
2024,Docklands,Administrative and Support Services,Small business,12,74
2024,Docklands,"Agriculture, Forestry and Fishing",Medium business,1,
2024,Docklands,Arts and Recreation Services,Large business,4,1878
2024,Docklands,Arts and Recreation Services,Non employing,24,0
2024,Docklands,Arts and Recreation Services,Small business,27,154
2024,Docklands,Construction,Large business,2,
2024,Docklands,Construction,Small business,11,74
2024,Docklands,Education and Training,Large business,1,
2024,Docklands,Education and Training,Small business,19,121
2024,Docklands,"Electricity, Gas, Water and Waste Services",Non employing,8,0
2024,Docklands,Financial and Insurance Services,Medium business,6,517
2024,Docklands,Financial and Insurance Services,Small business,19,106
2024,Docklands,Health Care and Social Assistance,Medium business,7,291
2024,Docklands,Mining,Large business,2,
2024,Docklands,Other Services,Medium business,7,327
2024,Docklands,Public Administration and Safety,Medium business,9,956
2024,Docklands,"Rental, Hiring and Real Estate Services",Large business,1,
2024,Docklands,"Rental, Hiring and Real Estate Services",Non employing,1,
2024,Docklands,"Transport, Postal and Warehousing",Large business,4,3347
2024,Docklands,"Transport, Postal and Warehousing",Medium business,7,452
2024,Docklands,Wholesale Trade,Medium business,1,
2024,East Melbourne,Accommodation and Food Services,Large business,3,2750
2024,East Melbourne,Accommodation and Food Services,Medium business,2,
2024,East Melbourne,Administrative and Support Services,Non employing,1,
2024,East Melbourne,Arts and Recreation Services,Large business,3,1785
2024,East Melbourne,Arts and Recreation Services,Small business,11,84
2024,East Melbourne,Construction,Non employing,1,
2024,East Melbourne,"Electricity, Gas, Water and Waste Services",Non employing,7,0
2024,East Melbourne,Financial and Insurance Services,Small business,6,39
2024,East Melbourne,Health Care and Social Assistance,Medium business,30,1774
2024,East Melbourne,Information Media and Telecommunications,Medium business,2,
2024,East Melbourne,Other Services,Large business,1,
2024,East Melbourne,"Professional, Scientific and Technical Services",Medium business,13,611
2024,East Melbourne,Public Administration and Safety,Small business,2,
2024,East Melbourne,"Rental, Hiring and Real Estate Services",Medium business,1,
2024,East Melbourne,Wholesale Trade,Medium business,1,
2024,East Melbourne,Wholesale Trade,Small business,1,
2024,Kensington,Accommodation and Food Services,Non employing,2,
2024,Kensington,Administrative and Support Services,Small business,6,26
2024,Kensington,"Agriculture, Forestry and Fishing",Small business,1,
2024,Kensington,Arts and Recreation Services,Medium business,12,525
2024,Kensington,Construction,Small business,19,120
2024,Kensington,Education and Training,Small business,6,36
2024,Kensington,Other Services,Non employing,5,0
2024,Kensington,Other Services,Small business,29,133
2024,Kensington,"Professional, Scientific and Technical Services",Small business,25,198
2024,Kensington,Public Administration and Safety,Non employing,1,
2024,Kensington,"Rental, Hiring and Real Estate Services",Medium business,2,
2024,Kensington,Wholesale Trade,Medium business,3,94
2024,Kensington,Wholesale Trade,Small business,21,133
2024,Melbourne (CBD),Accommodation and Food Services,Medium business,316,13214
2024,Melbourne (CBD),Accommodation and Food Services,Non employing,21,0
2024,Melbourne (CBD),Administrative and Support Services,Non employing,2,
2024,Melbourne (CBD),"Agriculture, Forestry and Fishing",Non employing,1,
2024,Melbourne (CBD),Arts and Recreation Services,Medium business,34,1857
2024,Melbourne (CBD),Construction,Medium business,37,1794
2024,Melbourne (CBD),Construction,Non employing,1,
2024,Melbourne (CBD),Education and Training,Large business,5,1696
2024,Melbourne (CBD),Education and Training,Medium business,102,6185
2024,Melbourne (CBD),Education and Training,Non employing,3,0
2024,Melbourne (CBD),Education and Training,Small business,247,1967
2024,Melbourne (CBD),Health Care and Social Assistance,Large business,2,
2024,Melbourne (CBD),Health Care and Social Assistance,Medium business,52,2719
2024,Melbourne (CBD),Health Care and Social Assistance,Small business,291,1826
2024,Melbourne (CBD),Information Media and Telecommunications,Large business,7,11027
2024,Melbourne (CBD),Information Media and Telecommunications,Medium business,51,2465
2024,Melbourne (CBD),Information Media and Telecommunications,Small business,34,319
2024,Melbourne (CBD),Manufacturing,Large business,1,
2024,Melbourne (CBD),Manufacturing,Small business,192,582
2024,Melbourne (CBD),Mining,Small business,14,100
2024,Melbourne (CBD),Other Services,Non employing,69,0
2024,Melbourne (CBD),"Professional, Scientific and Technical Services",Medium business,461,25062
2024,Melbourne (CBD),Public Administration and Safety,Large business,47,27801
2024,Melbourne (CBD),"Rental, Hiring and Real Estate Services",Large business,9,4726
2024,Melbourne (CBD),Retail Trade,Small business,1045,6124
2024,Melbourne (CBD),Wholesale Trade,Small business,81,409
2024,Melbourne (Remainder),Accommodation and Food Services,Medium business,6,334
2024,Melbourne (Remainder),Accommodation and Food Services,Small business,36,183
2024,Melbourne (Remainder),Administrative and Support Services,Non employing,1,
2024,Melbourne (Remainder),Administrative and Support Services,Small business,5,43
2024,Melbourne (Remainder),Arts and Recreation Services,Large business,3,3307
2024,Melbourne (Remainder),Arts and Recreation Services,Medium business,11,1277
2024,Melbourne (Remainder),Education and Training,Large business,4,1693
2024,Melbourne (Remainder),Education and Training,Medium business,1,
2024,Melbourne (Remainder),Health Care and Social Assistance,Large business,3,7474
2024,Melbourne (Remainder),"Professional, Scientific and Technical Services",Large business,6,3936
2024,Melbourne (Remainder),"Professional, Scientific and Technical Services",Small business,11,74
2024,Melbourne (Remainder),Public Administration and Safety,Small business,2,
2024,Melbourne (Remainder),"Rental, Hiring and Real Estate Services",Medium business,2,
2024,Melbourne (Remainder),Retail Trade,Medium business,1,
2024,Melbourne (Remainder),Retail Trade,Small business,14,79
2024,Melbourne (Remainder),Wholesale Trade,Medium business,4,199
2024,North Melbourne,Accommodation and Food Services,Small business,129,719
2024,North Melbourne,Construction,Large business,1,
2024,North Melbourne,Construction,Non employing,1,
2024,North Melbourne,Education and Training,Large business,1,
2024,North Melbourne,Education and Training,Medium business,13,788
2024,North Melbourne,Education and Training,Non employing,1,
2024,North Melbourne,"Electricity, Gas, Water and Waste Services",Non employing,24,0
2024,North Melbourne,Financial and Insurance Services,Medium business,1,
2024,North Melbourne,Information Media and Telecommunications,Medium business,3,150
2024,North Melbourne,Information Media and Telecommunications,Small business,7,39
2024,North Melbourne,Manufacturing,Small business,29,159
2024,North Melbourne,Other Services,Small business,93,381
2024,North Melbourne,"Professional, Scientific and Technical Services",Non employing,1,
2024,North Melbourne,Public Administration and Safety,Small business,4,29
2024,North Melbourne,"Rental, Hiring and Real Estate Services",Non employing,1,
2024,North Melbourne,Retail Trade,Small business,71,322
2024,North Melbourne,"Transport, Postal and Warehousing",Medium business,2,
2024,North Melbourne,Wholesale Trade,Medium business,3,144
2024,North Melbourne,Wholesale Trade,Small business,35,202
2024,Parkville,Arts and Recreation Services,Large business,1,
2024,Parkville,Construction,Small business,1,
2024,Parkville,Education and Training,Non employing,4,0
2024,Parkville,Education and Training,Small business,10,90
2024,Parkville,Financial and Insurance Services,Small business,5,33
2024,Parkville,Health Care and Social Assistance,Small business,66,370
2024,Parkville,Information Media and Telecommunications,Non employing,2,
2024,Parkville,Other Services,Medium business,3,146
2024,Parkville,Other Services,Small business,7,42
2024,Parkville,"Professional, Scientific and Technical Services",Large business,1,
2024,Parkville,Public Administration and Safety,Large business,1,
2024,Parkville,Public Administration and Safety,Non employing,1,
2024,Parkville,"Rental, Hiring and Real Estate Services",Non employing,1,
2024,Parkville,Retail Trade,Medium business,1,
2024,Parkville,Retail Trade,Small business,13,53
2024,Parkville,Wholesale Trade,Medium business,1,
2024,Port Melbourne,Accommodation and Food Services,Small business,16,85
2024,Port Melbourne,Administrative and Support Services,Medium business,5,406
2024,Port Melbourne,Administrative and Support Services,Non employing,1,
2024,Port Melbourne,Arts and Recreation Services,Medium business,1,
2024,Port Melbourne,Construction,Medium business,22,846
2024,Port Melbourne,"Electricity, Gas, Water and Waste Services",Non employing,6,0
2024,Port Melbourne,Financial and Insurance Services,Small business,5,38
2024,Port Melbourne,Health Care and Social Assistance,Small business,4,29
2024,Port Melbourne,Information Media and Telecommunications,Non employing,2,
2024,Port Melbourne,Information Media and Telecommunications,Small business,12,66
2024,Port Melbourne,Manufacturing,Non employing,4,0
2024,Port Melbourne,Other Services,Small business,15,103
2024,Port Melbourne,"Professional, Scientific and Technical Services",Small business,46,305
2024,Port Melbourne,"Transport, Postal and Warehousing",Medium business,15,807
2024,Port Melbourne,Wholesale Trade,Non employing,1,
2024,South Yarra,Accommodation and Food Services,Small business,6,46
2024,South Yarra,Administrative and Support Services,Small business,1,
2024,Southbank,Administrative and Support Services,Large business,1,
2024,Southbank,Arts and Recreation Services,Small business,18,113
2024,Southbank,Construction,Medium business,11,597
2024,Southbank,Education and Training,Large business,1,
2024,Southbank,Education and Training,Non employing,1,
2024,Southbank,Education and Training,Small business,5,36
2024,Southbank,"Electricity, Gas, Water and Waste Services",Medium business,6,296
2024,Southbank,Health Care and Social Assistance,Medium business,8,555
2024,Southbank,Information Media and Telecommunications,Large business,4,1754
2024,Southbank,Information Media and Telecommunications,Medium business,9,716
2024,Southbank,Manufacturing,Small business,3,31
2024,Southbank,Other Services,Large business,1,
2024,Southbank,Other Services,Non employing,15,0
2024,Southbank,"Professional, Scientific and Technical Services",Small business,41,400
2024,Southbank,Public Administration and Safety,Medium business,6,606
2024,Southbank,Retail Trade,Medium business,20,916
2024,Southbank,"Transport, Postal and Warehousing",Small business,4,32
2024,Southbank,Wholesale Trade,Medium business,4,245
2024,West Melbourne (Industrial),Arts and Recreation Services,Medium business,1,
2024,West Melbourne (Industrial),Arts and Recreation Services,Non employing,7,0
2024,West Melbourne (Industrial),Construction,Small business,7,39
2024,West Melbourne (Industrial),Retail Trade,Medium business,1,
2024,West Melbourne (Industrial),"Transport, Postal and Warehousing",Medium business,15,1033
2024,West Melbourne (Industrial),Wholesale Trade,Medium business,6,299
2024,West Melbourne (Residential),Accommodation and Food Services,Large business,1,
2024,West Melbourne (Residential),Accommodation and Food Services,Medium business,2,
2024,West Melbourne (Residential),Accommodation and Food Services,Small business,62,365
2024,West Melbourne (Residential),Construction,Medium business,5,270
2024,West Melbourne (Residential),Education and Training,Small business,15,122
2024,West Melbourne (Residential),Financial and Insurance Services,Small business,4,26
2024,West Melbourne (Residential),Health Care and Social Assistance,Small business,21,157
2024,West Melbourne (Residential),Information Media and Telecommunications,Small business,6,42
2024,West Melbourne (Residential),Manufacturing,Small business,11,67
2024,West Melbourne (Residential),Mining,Medium business,1,
2024,West Melbourne (Residential),Other Services,Non employing,5,0
2024,West Melbourne (Residential),"Professional, Scientific and Technical Services",Medium business,16,731
2024,West Melbourne (Residential),"Professional, Scientific and Technical Services",Non employing,1,
2024,West Melbourne (Residential),Public Administration and Safety,Medium business,1,
2024,West Melbourne (Residential),"Rental, Hiring and Real Estate Services",Medium business,2,
2024,West Melbourne (Residential),"Transport, Postal and Warehousing",Small business,6,42
2024,West Melbourne (Residential),Wholesale Trade,Medium business,1,
2005,Parkville,"Rental, Hiring and Real Estate Services",Medium business,1,
2005,Parkville,"Transport, Postal and Warehousing",Small business,3,13
2005,Parkville,Wholesale Trade,Small business,1,
2005,Port Melbourne,Administrative and Support Services,Large business,1,
2005,Port Melbourne,"Electricity, Gas, Water and Waste Services",Non employing,5,0
2005,Port Melbourne,"Professional, Scientific and Technical Services",Medium business,11,584
2005,Port Melbourne,"Professional, Scientific and Technical Services",Small business,23,185
2005,Port Melbourne,Public Administration and Safety,Large business,1,
2005,Port Melbourne,Retail Trade,Medium business,2,
2005,Port Melbourne,"Transport, Postal and Warehousing",Medium business,4,256
2005,Port Melbourne,"Transport, Postal and Warehousing",Non employing,3,0
2005,Port Melbourne,Wholesale Trade,Large business,3,857
2005,Port Melbourne,Wholesale Trade,Medium business,13,528
2005,South Yarra,Accommodation and Food Services,Non employing,1,
2005,South Yarra,Accommodation and Food Services,Small business,12,74
2005,South Yarra,Education and Training,Small business,5,38
2005,South Yarra,Information Media and Telecommunications,Small business,1,
2005,South Yarra,Other Services,Non employing,1,
2005,South Yarra,Other Services,Small business,9,37
2005,Southbank,Administrative and Support Services,Small business,13,70
2005,Southbank,Arts and Recreation Services,Large business,5,9796
2005,Southbank,Construction,Small business,4,37
2005,Southbank,"Electricity, Gas, Water and Waste Services",Medium business,2,
2005,Southbank,Financial and Insurance Services,Small business,9,50
2005,Southbank,Health Care and Social Assistance,Small business,12,50
2005,Southbank,Information Media and Telecommunications,Large business,4,3114
2005,Southbank,Manufacturing,Large business,3,2210
2005,Southbank,Other Services,Medium business,4,116
2005,Southbank,Other Services,Small business,41,197
2005,Southbank,"Professional, Scientific and Technical Services",Large business,1,
2005,Southbank,"Professional, Scientific and Technical Services",Medium business,29,1623
2005,Southbank,Public Administration and Safety,Large business,2,
2005,Southbank,Public Administration and Safety,Small business,1,
2005,Southbank,"Rental, Hiring and Real Estate Services",Large business,1,
2005,Southbank,Retail Trade,Medium business,8,378
2005,Southbank,Retail Trade,Small business,90,478
2005,Southbank,Wholesale Trade,Medium business,3,279
2005,West Melbourne (Industrial),Administrative and Support Services,Small business,3,8
2005,West Melbourne (Industrial),"Agriculture, Forestry and Fishing",Medium business,1,
2005,West Melbourne (Industrial),Arts and Recreation Services,Non employing,7,0
2005,West Melbourne (Industrial),Arts and Recreation Services,Small business,3,9
2005,West Melbourne (Industrial),Construction,Small business,4,23
2005,West Melbourne (Industrial),"Electricity, Gas, Water and Waste Services",Non employing,7,0
2005,West Melbourne (Industrial),"Professional, Scientific and Technical Services",Medium business,1,
2005,West Melbourne (Industrial),Retail Trade,Medium business,2,
2005,West Melbourne (Industrial),Retail Trade,Small business,7,56
2005,West Melbourne (Industrial),"Transport, Postal and Warehousing",Small business,24,203
2005,West Melbourne (Residential),Administrative and Support Services,Medium business,5,312
2005,West Melbourne (Residential),Administrative and Support Services,Small business,19,166
2005,West Melbourne (Residential),Arts and Recreation Services,Large business,1,
2005,West Melbourne (Residential),Education and Training,Medium business,4,128
2005,West Melbourne (Residential),Financial and Insurance Services,Large business,2,
2005,West Melbourne (Residential),Financial and Insurance Services,Medium business,2,
2005,West Melbourne (Residential),Health Care and Social Assistance,Small business,14,93
2005,West Melbourne (Residential),Information Media and Telecommunications,Medium business,5,208
2005,West Melbourne (Residential),Other Services,Non employing,5,0
2005,West Melbourne (Residential),"Professional, Scientific and Technical Services",Large business,1,
2005,West Melbourne (Residential),Public Administration and Safety,Small business,7,37
2005,West Melbourne (Residential),"Rental, Hiring and Real Estate Services",Medium business,1,
2005,West Melbourne (Residential),"Rental, Hiring and Real Estate Services",Small business,7,34
2005,West Melbourne (Residential),Retail Trade,Medium business,3,222
2005,West Melbourne (Residential),"Transport, Postal and Warehousing",Medium business,1,
2005,West Melbourne (Residential),"Transport, Postal and Warehousing",Non employing,3,0
2006,Carlton,Accommodation and Food Services,Medium business,23,718
2006,Carlton,Accommodation and Food Services,Non employing,7,0
2006,Carlton,Administrative and Support Services,Non employing,1,
2006,Carlton,Arts and Recreation Services,Large business,1,
2006,Carlton,Arts and Recreation Services,Non employing,17,0
2006,Carlton,Arts and Recreation Services,Small business,15,48
2006,Carlton,Construction,Small business,6,35
2006,Carlton,Education and Training,Large business,6,1945
2006,Carlton,Education and Training,Medium business,19,1176
2006,Carlton,Education and Training,Non employing,4,0
2006,Carlton,Financial and Insurance Services,Medium business,7,352
2006,Carlton,Financial and Insurance Services,Non employing,1,
2006,Carlton,Health Care and Social Assistance,Medium business,12,652
2006,Carlton,Information Media and Telecommunications,Medium business,8,313
2006,Carlton,Other Services,Large business,2,
2006,Carlton,Other Services,Medium business,16,752
2006,Carlton,Other Services,Non employing,12,0
2006,Carlton,Other Services,Small business,123,630
2006,Carlton,"Professional, Scientific and Technical Services",Large business,4,1840
2006,Carlton,"Professional, Scientific and Technical Services",Medium business,12,425
2006,Carlton,"Transport, Postal and Warehousing",Non employing,3,0
2006,Carlton,Wholesale Trade,Medium business,3,150
2006,Docklands,Administrative and Support Services,Non employing,1,
2006,Docklands,Arts and Recreation Services,Medium business,1,
2006,Docklands,Arts and Recreation Services,Non employing,3,0
2006,Docklands,Construction,Non employing,1,
2006,Docklands,Manufacturing,Small business,2,
2006,Docklands,Other Services,Non employing,13,0
2006,Docklands,"Professional, Scientific and Technical Services",Small business,34,161
2006,Docklands,Public Administration and Safety,Large business,2,
2006,Docklands,Public Administration and Safety,Small business,4,32
2006,Docklands,Retail Trade,Small business,106,599
2006,Docklands,Wholesale Trade,Small business,2,
2006,East Melbourne,Education and Training,Medium business,10,681
2006,East Melbourne,"Electricity, Gas, Water and Waste Services",Large business,1,
2006,East Melbourne,Health Care and Social Assistance,Large business,5,4338
2006,East Melbourne,Health Care and Social Assistance,Small business,151,713
2006,East Melbourne,Information Media and Telecommunications,Small business,7,57
2006,East Melbourne,Other Services,Small business,36,168
2006,East Melbourne,"Professional, Scientific and Technical Services",Medium business,11,658
2006,East Melbourne,"Professional, Scientific and Technical Services",Small business,67,581
2006,East Melbourne,Public Administration and Safety,Large business,6,3076
2006,East Melbourne,Retail Trade,Small business,16,69
2006,East Melbourne,"Transport, Postal and Warehousing",Medium business,1,
2006,East Melbourne,"Transport, Postal and Warehousing",Small business,2,
2006,Kensington,Arts and Recreation Services,Medium business,7,275
2006,Kensington,Arts and Recreation Services,Small business,9,57
2006,Kensington,Construction,Small business,3,26
2006,Kensington,Education and Training,Small business,1,
2006,Kensington,Financial and Insurance Services,Small business,2,
2006,Kensington,Manufacturing,Medium business,7,269
2006,Kensington,Manufacturing,Small business,14,99
2006,Kensington,Other Services,Small business,12,54
2006,Kensington,"Rental, Hiring and Real Estate Services",Medium business,1,
2006,Kensington,"Transport, Postal and Warehousing",Non employing,1,
2006,Kensington,"Transport, Postal and Warehousing",Small business,2,
2006,Melbourne (CBD),Administrative and Support Services,Medium business,83,3871
2006,Melbourne (CBD),Administrative and Support Services,Non employing,1,
2006,Melbourne (CBD),"Agriculture, Forestry and Fishing",Medium business,1,
2006,Melbourne (CBD),"Agriculture, Forestry and Fishing",Small business,6,33
2006,Melbourne (CBD),Arts and Recreation Services,Medium business,21,1539
2006,Melbourne (CBD),Arts and Recreation Services,Small business,78,448
2006,Melbourne (CBD),Education and Training,Small business,131,905
2006,Melbourne (CBD),"Electricity, Gas, Water and Waste Services",Non employing,34,0
2006,Melbourne (CBD),Financial and Insurance Services,Non employing,8,0
2006,Melbourne (CBD),Mining,Medium business,6,472
2006,Melbourne (CBD),Other Services,Large business,2,
2006,Melbourne (CBD),Other Services,Medium business,42,1926
2006,Melbourne (CBD),"Professional, Scientific and Technical Services",Small business,1303,7879
2006,Melbourne (CBD),Public Administration and Safety,Large business,26,16955
2006,Melbourne (CBD),Public Administration and Safety,Non employing,2,
2006,Melbourne (CBD),Retail Trade,Small business,1503,7299
2006,Melbourne (CBD),Wholesale Trade,Small business,126,525
2006,Melbourne (Remainder),Administrative and Support Services,Small business,22,153
2006,Melbourne (Remainder),Arts and Recreation Services,Non employing,23,0
2006,Melbourne (Remainder),Education and Training,Large business,2,
2006,Melbourne (Remainder),Education and Training,Medium business,1,
2006,Melbourne (Remainder),Education and Training,Small business,3,25
2006,Melbourne (Remainder),Financial and Insurance Services,Medium business,10,473
2006,Melbourne (Remainder),Health Care and Social Assistance,Medium business,3,157
2006,Melbourne (Remainder),Health Care and Social Assistance,Small business,57,235
2006,Melbourne (Remainder),Information Media and Telecommunications,Small business,6,34
2006,Melbourne (Remainder),Manufacturing,Small business,8,31
2006,Melbourne (Remainder),Other Services,Medium business,3,152
2006,Melbourne (Remainder),Public Administration and Safety,Medium business,5,239
2006,Melbourne (Remainder),"Transport, Postal and Warehousing",Large business,1,
2006,Melbourne (Remainder),"Transport, Postal and Warehousing",Non employing,1,
2006,Melbourne (Remainder),Wholesale Trade,Medium business,2,
2006,North Melbourne,Accommodation and Food Services,Medium business,4,99
2006,North Melbourne,Accommodation and Food Services,Non employing,5,0
2006,North Melbourne,Administrative and Support Services,Medium business,7,300
2006,North Melbourne,Construction,Medium business,5,145
2006,North Melbourne,Education and Training,Medium business,4,167
2006,North Melbourne,"Electricity, Gas, Water and Waste Services",Medium business,1,
2006,North Melbourne,Financial and Insurance Services,Small business,19,109
2006,North Melbourne,Health Care and Social Assistance,Non employing,1,
2006,North Melbourne,Information Media and Telecommunications,Medium business,4,151
2006,North Melbourne,Other Services,Non employing,12,0
2006,North Melbourne,Other Services,Small business,118,537
2006,North Melbourne,"Professional, Scientific and Technical Services",Medium business,12,602
2006,North Melbourne,Public Administration and Safety,Small business,3,18
2006,North Melbourne,"Rental, Hiring and Real Estate Services",Medium business,2,
2006,North Melbourne,Retail Trade,Medium business,2,
2006,North Melbourne,Retail Trade,Non employing,2,
2006,North Melbourne,"Transport, Postal and Warehousing",Non employing,2,
2006,North Melbourne,Wholesale Trade,Medium business,6,196
2006,Parkville,Administrative and Support Services,Small business,3,18
2006,Parkville,"Agriculture, Forestry and Fishing",Medium business,1,
2006,Parkville,Arts and Recreation Services,Medium business,2,
2006,Parkville,Arts and Recreation Services,Non employing,14,0
2006,Parkville,Education and Training,Non employing,1,
2006,Parkville,"Electricity, Gas, Water and Waste Services",Non employing,9,0
2006,Parkville,Health Care and Social Assistance,Non employing,1,
2006,Parkville,Health Care and Social Assistance,Small business,35,182
2006,Parkville,Manufacturing,Small business,1,
2006,Parkville,"Professional, Scientific and Technical Services",Small business,7,67
2006,Parkville,"Rental, Hiring and Real Estate Services",Medium business,1,
2006,Parkville,"Transport, Postal and Warehousing",Non employing,1,
2006,Parkville,Wholesale Trade,Small business,1,
2006,Port Melbourne,Accommodation and Food Services,Medium business,2,
2006,Port Melbourne,Administrative and Support Services,Small business,9,78
2006,Port Melbourne,Construction,Medium business,6,148
2006,Port Melbourne,Construction,Small business,13,88
2006,Port Melbourne,Education and Training,Small business,2,
2006,Port Melbourne,"Electricity, Gas, Water and Waste Services",Non employing,6,0
2006,Port Melbourne,Health Care and Social Assistance,Small business,2,
2006,Port Melbourne,Information Media and Telecommunications,Large business,1,
2006,Port Melbourne,Information Media and Telecommunications,Non employing,1,
2006,Port Melbourne,Manufacturing,Small business,38,305
2006,Port Melbourne,Other Services,Medium business,1,
2006,Port Melbourne,Public Administration and Safety,Large business,1,
2006,Port Melbourne,Public Administration and Safety,Small business,3,13
2006,Port Melbourne,Retail Trade,Medium business,3,122
2006,Port Melbourne,"Transport, Postal and Warehousing",Large business,2,
2006,Port Melbourne,"Transport, Postal and Warehousing",Medium business,12,555
2006,South Yarra,Accommodation and Food Services,Medium business,4,94
2006,South Yarra,Administrative and Support Services,Non employing,1,
2006,South Yarra,Education and Training,Non employing,5,0
2006,South Yarra,Health Care and Social Assistance,Small business,3,19
2006,South Yarra,Retail Trade,Small business,10,38
2006,Southbank,Accommodation and Food Services,Large business,2,
2006,Southbank,Accommodation and Food Services,Non employing,1,
2006,Southbank,Accommodation and Food Services,Small business,74,725
2006,Southbank,Administrative and Support Services,Medium business,12,408
2006,Southbank,Arts and Recreation Services,Non employing,9,0
2006,Southbank,Construction,Small business,8,45
2006,Southbank,Education and Training,Large business,2,
2006,Southbank,Education and Training,Medium business,4,207
2006,Southbank,Education and Training,Small business,3,23
2006,Southbank,Financial and Insurance Services,Non employing,1,
2006,Southbank,Financial and Insurance Services,Small business,18,148
2006,Southbank,Health Care and Social Assistance,Large business,1,
2006,Southbank,Health Care and Social Assistance,Medium business,1,
2006,Southbank,Information Media and Telecommunications,Medium business,22,1571
2006,Southbank,Manufacturing,Small business,10,57
2006,Southbank,Other Services,Non employing,12,0
2006,Southbank,Other Services,Small business,45,215
2006,Southbank,"Rental, Hiring and Real Estate Services",Non employing,1,
2006,Southbank,Wholesale Trade,Medium business,3,120
2006,West Melbourne (Industrial),"Agriculture, Forestry and Fishing",Medium business,1,
2006,West Melbourne (Industrial),"Electricity, Gas, Water and Waste Services",Non employing,7,0
2006,West Melbourne (Industrial),Financial and Insurance Services,Small business,1,
2006,West Melbourne (Industrial),Manufacturing,Medium business,7,323
2006,West Melbourne (Industrial),Manufacturing,Small business,11,109
2006,West Melbourne (Industrial),"Professional, Scientific and Technical Services",Medium business,1,
2006,West Melbourne (Industrial),"Professional, Scientific and Technical Services",Small business,3,13
2006,West Melbourne (Industrial),"Rental, Hiring and Real Estate Services",Small business,15,70
2006,West Melbourne (Industrial),Retail Trade,Medium business,2,
2006,West Melbourne (Industrial),"Transport, Postal and Warehousing",Small business,24,203
2006,West Melbourne (Residential),Arts and Recreation Services,Small business,11,68
2006,West Melbourne (Residential),Financial and Insurance Services,Large business,2,
2006,West Melbourne (Residential),Financial and Insurance Services,Small business,12,59
2006,West Melbourne (Residential),Information Media and Telecommunications,Non employing,1,
2006,West Melbourne (Residential),Manufacturing,Medium business,5,169
2006,West Melbourne (Residential),Other Services,Non employing,5,0
2006,West Melbourne (Residential),"Professional, Scientific and Technical Services",Large business,1,
2006,West Melbourne (Residential),Public Administration and Safety,Medium business,3,144
2006,West Melbourne (Residential),Public Administration and Safety,Small business,7,37
2006,West Melbourne (Residential),"Rental, Hiring and Real Estate Services",Small business,7,34
2006,West Melbourne (Residential),Retail Trade,Non employing,1,
2007,Carlton,Accommodation and Food Services,Non employing,10,0
2007,Carlton,Administrative and Support Services,Small business,22,125
2007,Carlton,Arts and Recreation Services,Large business,1,
2007,Carlton,Arts and Recreation Services,Medium business,5,268
2007,Carlton,Arts and Recreation Services,Non employing,17,0
2007,Carlton,Construction,Medium business,3,166
2007,Carlton,"Electricity, Gas, Water and Waste Services",Non employing,15,0
2007,Carlton,Financial and Insurance Services,Medium business,4,211
2007,Carlton,Health Care and Social Assistance,Large business,2,
2007,Carlton,Health Care and Social Assistance,Small business,74,390
2007,Carlton,Manufacturing,Small business,31,174
2007,Carlton,Other Services,Large business,2,
2007,Carlton,Other Services,Non employing,9,0
2007,Carlton,Public Administration and Safety,Medium business,10,500
2007,Carlton,"Rental, Hiring and Real Estate Services",Small business,16,75
2007,Carlton,"Transport, Postal and Warehousing",Non employing,1,
2007,Carlton,Wholesale Trade,Medium business,2,
2007,Carlton,Wholesale Trade,Non employing,1,
2007,Docklands,Arts and Recreation Services,Large business,1,
2007,Docklands,Information Media and Telecommunications,Medium business,6,316
2007,Docklands,Manufacturing,Large business,1,
2007,Docklands,Manufacturing,Small business,8,34
2007,Docklands,Mining,Small business,1,
2007,Docklands,Other Services,Non employing,12,0
2007,Docklands,"Professional, Scientific and Technical Services",Large business,1,
2007,Docklands,Public Administration and Safety,Non employing,1,
2007,Docklands,"Rental, Hiring and Real Estate Services",Small business,30,164
2007,Docklands,Retail Trade,Medium business,3,321
2007,Docklands,"Transport, Postal and Warehousing",Non employing,5,0
2007,Docklands,Wholesale Trade,Medium business,1,
2007,East Melbourne,Administrative and Support Services,Medium business,3,126
2007,East Melbourne,Arts and Recreation Services,Large business,1,
2007,East Melbourne,Education and Training,Large business,1,
2007,East Melbourne,Financial and Insurance Services,Medium business,10,602
2007,East Melbourne,Health Care and Social Assistance,Large business,5,4311
2007,East Melbourne,Information Media and Telecommunications,Medium business,3,166
2007,East Melbourne,Manufacturing,Large business,1,
2007,East Melbourne,Other Services,Medium business,11,822
2007,East Melbourne,Other Services,Small business,37,159
2007,East Melbourne,"Professional, Scientific and Technical Services",Medium business,15,833
2007,East Melbourne,"Rental, Hiring and Real Estate Services",Small business,6,32
2007,East Melbourne,Retail Trade,Small business,18,84
2007,East Melbourne,"Transport, Postal and Warehousing",Medium business,1,
2007,Kensington,Arts and Recreation Services,Large business,2,
2007,Kensington,Arts and Recreation Services,Medium business,7,275
2007,Kensington,Arts and Recreation Services,Small business,9,57
2007,Kensington,Construction,Small business,3,26
2007,Kensington,Health Care and Social Assistance,Medium business,1,
2007,Kensington,Manufacturing,Small business,14,99
2007,Kensington,"Professional, Scientific and Technical Services",Medium business,1,
2007,Kensington,"Rental, Hiring and Real Estate Services",Medium business,1,
2007,Melbourne (CBD),Administrative and Support Services,Non employing,2,
2007,Melbourne (CBD),Administrative and Support Services,Small business,444,2537
2007,Melbourne (CBD),Arts and Recreation Services,Medium business,18,1141
2007,Melbourne (CBD),Arts and Recreation Services,Non employing,14,0
2007,Melbourne (CBD),Construction,Non employing,3,0
2007,Melbourne (CBD),Education and Training,Large business,9,5241
2007,Melbourne (CBD),Education and Training,Medium business,68,3828
2007,Melbourne (CBD),"Electricity, Gas, Water and Waste Services",Large business,5,2489
2007,Melbourne (CBD),Health Care and Social Assistance,Medium business,25,890
2007,Melbourne (CBD),Information Media and Telecommunications,Non employing,12,0
2007,Melbourne (CBD),Information Media and Telecommunications,Small business,143,959
2007,Melbourne (CBD),Manufacturing,Medium business,9,402
2007,Melbourne (CBD),Other Services,Non employing,45,0
2007,Melbourne (CBD),"Professional, Scientific and Technical Services",Large business,34,17944
2007,Melbourne (CBD),"Professional, Scientific and Technical Services",Medium business,256,13613
2007,Melbourne (CBD),Public Administration and Safety,Large business,28,17420
2007,Melbourne (CBD),"Rental, Hiring and Real Estate Services",Non employing,5,0
2007,Melbourne (CBD),Retail Trade,Medium business,63,2906
2007,Melbourne (CBD),"Transport, Postal and Warehousing",Medium business,26,1738
2007,Melbourne (CBD),"Transport, Postal and Warehousing",Non employing,18,0
2007,Melbourne (CBD),"Transport, Postal and Warehousing",Small business,69,496
2007,Melbourne (CBD),Wholesale Trade,Medium business,9,354
2007,Melbourne (CBD),Wholesale Trade,Non employing,1,
2007,Melbourne (Remainder),Accommodation and Food Services,Medium business,6,253
2007,Melbourne (Remainder),Accommodation and Food Services,Small business,19,133
2007,Melbourne (Remainder),"Agriculture, Forestry and Fishing",Small business,1,
2007,Melbourne (Remainder),Arts and Recreation Services,Non employing,23,0
2007,Melbourne (Remainder),Construction,Medium business,2,
2007,Melbourne (Remainder),Construction,Small business,5,46
2007,Melbourne (Remainder),Education and Training,Small business,3,25
2007,Melbourne (Remainder),Financial and Insurance Services,Small business,25,195
2007,Melbourne (Remainder),Health Care and Social Assistance,Large business,2,
2007,Melbourne (Remainder),Manufacturing,Small business,8,31
2007,Melbourne (Remainder),Other Services,Non employing,9,0
2007,Melbourne (Remainder),"Professional, Scientific and Technical Services",Medium business,28,1515
2007,Melbourne (Remainder),"Professional, Scientific and Technical Services",Small business,61,466
2007,Melbourne (Remainder),"Rental, Hiring and Real Estate Services",Small business,4,26
2007,Melbourne (Remainder),Retail Trade,Small business,20,109
2007,Melbourne (Remainder),"Transport, Postal and Warehousing",Medium business,1,
2007,Melbourne (Remainder),"Transport, Postal and Warehousing",Small business,5,41
2007,Melbourne (Remainder),Wholesale Trade,Small business,8,69
2007,North Melbourne,Construction,Medium business,5,227
2007,North Melbourne,Education and Training,Medium business,6,236
2007,North Melbourne,Financial and Insurance Services,Small business,21,159
2007,North Melbourne,Information Media and Telecommunications,Medium business,4,162
2007,North Melbourne,Manufacturing,Non employing,1,
2007,North Melbourne,Mining,Small business,1,
2007,North Melbourne,Other Services,Medium business,7,315
2007,North Melbourne,Retail Trade,Non employing,2,
2007,Parkville,Accommodation and Food Services,Medium business,15,685
2007,Parkville,Accommodation and Food Services,Non employing,1,
2007,Parkville,Arts and Recreation Services,Medium business,1,
2007,Parkville,Arts and Recreation Services,Non employing,22,0
2007,Parkville,Education and Training,Medium business,5,331
2007,Parkville,"Electricity, Gas, Water and Waste Services",Non employing,7,0
2007,Parkville,Health Care and Social Assistance,Large business,6,13265
2007,Parkville,Health Care and Social Assistance,Non employing,4,0
2007,Parkville,Information Media and Telecommunications,Small business,3,21
2007,Parkville,Other Services,Medium business,1,
2007,Parkville,"Rental, Hiring and Real Estate Services",Medium business,1,
2007,Parkville,Retail Trade,Small business,23,93
2007,Port Melbourne,Accommodation and Food Services,Medium business,2,
2007,Port Melbourne,Arts and Recreation Services,Medium business,1,
2007,Port Melbourne,Arts and Recreation Services,Non employing,5,0
2007,Port Melbourne,Arts and Recreation Services,Small business,2,
2007,Port Melbourne,"Electricity, Gas, Water and Waste Services",Non employing,6,0
2007,Port Melbourne,Information Media and Telecommunications,Non employing,1,
2007,Port Melbourne,Mining,Small business,2,
2007,Port Melbourne,"Professional, Scientific and Technical Services",Small business,41,272
2007,Port Melbourne,Public Administration and Safety,Large business,1,
2007,Port Melbourne,Public Administration and Safety,Medium business,1,
2007,Port Melbourne,"Rental, Hiring and Real Estate Services",Small business,2,
2007,Port Melbourne,"Transport, Postal and Warehousing",Medium business,12,555
2007,Port Melbourne,"Transport, Postal and Warehousing",Small business,19,170
2007,South Yarra,Education and Training,Medium business,3,243
2007,South Yarra,Public Administration and Safety,Medium business,1,
2007,South Yarra,Retail Trade,Small business,10,38
2007,Southbank,Accommodation and Food Services,Large business,2,
2007,Southbank,Accommodation and Food Services,Medium business,45,1813
2007,Southbank,Administrative and Support Services,Large business,3,1557
2007,Southbank,Arts and Recreation Services,Non employing,9,0
2007,Southbank,Arts and Recreation Services,Small business,18,97
2007,Southbank,Construction,Small business,8,45
2007,Southbank,Education and Training,Medium business,4,207
2007,Southbank,"Electricity, Gas, Water and Waste Services",Non employing,22,0
2007,Southbank,Financial and Insurance Services,Non employing,1,
2007,Southbank,Health Care and Social Assistance,Large business,1,
2007,Southbank,Information Media and Telecommunications,Large business,5,2126
2007,Southbank,Manufacturing,Large business,3,2605
2007,Southbank,Mining,Small business,3,22
2007,Southbank,Other Services,Non employing,12,0
2007,Southbank,Public Administration and Safety,Large business,2,
2007,Southbank,"Rental, Hiring and Real Estate Services",Small business,21,143
2007,Southbank,"Transport, Postal and Warehousing",Non employing,1,
2007,Southbank,"Transport, Postal and Warehousing",Small business,7,32
2007,Southbank,Wholesale Trade,Medium business,3,120
2007,West Melbourne (Industrial),Arts and Recreation Services,Non employing,7,0
2007,West Melbourne (Industrial),Arts and Recreation Services,Small business,3,12
2007,West Melbourne (Industrial),"Electricity, Gas, Water and Waste Services",Medium business,4,123
2007,West Melbourne (Industrial),"Electricity, Gas, Water and Waste Services",Non employing,8,0
2007,West Melbourne (Industrial),Information Media and Telecommunications,Medium business,1,
2007,West Melbourne (Industrial),Information Media and Telecommunications,Small business,2,
2007,West Melbourne (Industrial),Manufacturing,Medium business,6,214
2007,West Melbourne (Industrial),Other Services,Small business,4,27
2007,West Melbourne (Industrial),"Rental, Hiring and Real Estate Services",Small business,12,53
2007,West Melbourne (Industrial),Retail Trade,Small business,7,48
2007,West Melbourne (Industrial),"Transport, Postal and Warehousing",Non employing,19,0
2007,West Melbourne (Industrial),"Transport, Postal and Warehousing",Small business,25,177
2007,West Melbourne (Industrial),Wholesale Trade,Non employing,1,
2007,West Melbourne (Residential),Accommodation and Food Services,Non employing,1,
2007,West Melbourne (Residential),Administrative and Support Services,Small business,10,97
2007,West Melbourne (Residential),Arts and Recreation Services,Medium business,3,95
2007,West Melbourne (Residential),Education and Training,Medium business,5,180
2007,West Melbourne (Residential),"Electricity, Gas, Water and Waste Services",Small business,1,
2007,West Melbourne (Residential),Financial and Insurance Services,Large business,2,
2007,West Melbourne (Residential),"Professional, Scientific and Technical Services",Medium business,14,876
2007,West Melbourne (Residential),"Professional, Scientific and Technical Services",Non employing,1,
2007,West Melbourne (Residential),Public Administration and Safety,Large business,1,
2007,West Melbourne (Residential),Public Administration and Safety,Medium business,2,
2007,West Melbourne (Residential),Retail Trade,Small business,48,177
2007,West Melbourne (Residential),Wholesale Trade,Medium business,5,232
2007,West Melbourne (Residential),Wholesale Trade,Small business,42,218
2008,Carlton,Accommodation and Food Services,Non employing,10,0
2008,Carlton,Arts and Recreation Services,Large business,1,
2008,Carlton,Education and Training,Large business,4,1148
2008,Carlton,Education and Training,Medium business,26,2119
2008,Carlton,Education and Training,Non employing,4,0
2008,Carlton,"Electricity, Gas, Water and Waste Services",Non employing,15,0
2008,Carlton,Other Services,Large business,2,
2008,Carlton,"Professional, Scientific and Technical Services",Medium business,15,710
2008,Carlton,"Professional, Scientific and Technical Services",Small business,131,786
2008,Carlton,Retail Trade,Medium business,5,272
2008,Carlton,Retail Trade,Non employing,5,0
2008,Carlton,Retail Trade,Small business,158,734
2008,Carlton,"Transport, Postal and Warehousing",Small business,6,34
2008,Carlton,Wholesale Trade,Non employing,1,
2008,Docklands,Accommodation and Food Services,Large business,1,
2008,Docklands,Accommodation and Food Services,Medium business,14,748
2008,Docklands,Administrative and Support Services,Medium business,3,334
2008,Docklands,Administrative and Support Services,Small business,16,91
2008,Docklands,Arts and Recreation Services,Large business,1,
2008,Docklands,Construction,Non employing,3,0
2008,Docklands,Education and Training,Medium business,2,
2008,Docklands,"Electricity, Gas, Water and Waste Services",Non employing,8,0
2008,Docklands,Financial and Insurance Services,Large business,4,7148
2008,Docklands,Financial and Insurance Services,Non employing,1,
2008,Docklands,Health Care and Social Assistance,Small business,9,57
2008,Docklands,Information Media and Telecommunications,Medium business,6,316
2008,Docklands,Information Media and Telecommunications,Small business,3,10
2008,Docklands,"Professional, Scientific and Technical Services",Small business,44,186
2008,Docklands,Public Administration and Safety,Large business,3,3245
2008,Docklands,Public Administration and Safety,Small business,2,
2008,Docklands,"Rental, Hiring and Real Estate Services",Medium business,3,123
2008,Docklands,Retail Trade,Medium business,3,321
2008,Docklands,Retail Trade,Non employing,1,
2008,Docklands,Retail Trade,Small business,153,897
2008,Docklands,"Transport, Postal and Warehousing",Medium business,9,396
2008,Docklands,"Transport, Postal and Warehousing",Non employing,5,0
2008,East Melbourne,Accommodation and Food Services,Small business,54,353
2008,East Melbourne,Arts and Recreation Services,Medium business,9,426
2008,East Melbourne,Arts and Recreation Services,Non employing,16,0
2008,East Melbourne,Arts and Recreation Services,Small business,16,92
2008,East Melbourne,Education and Training,Large business,1,
2008,East Melbourne,Education and Training,Medium business,7,414
2008,East Melbourne,"Electricity, Gas, Water and Waste Services",Large business,1,
2008,East Melbourne,Financial and Insurance Services,Small business,7,65
2008,East Melbourne,Health Care and Social Assistance,Small business,189,948
2008,East Melbourne,Information Media and Telecommunications,Non employing,1,
2008,East Melbourne,Information Media and Telecommunications,Small business,5,37
2008,East Melbourne,Manufacturing,Medium business,1,
2008,East Melbourne,"Professional, Scientific and Technical Services",Large business,1,
2008,East Melbourne,"Professional, Scientific and Technical Services",Medium business,15,833
2008,East Melbourne,"Transport, Postal and Warehousing",Non employing,1,
2008,East Melbourne,"Transport, Postal and Warehousing",Small business,2,
2008,East Melbourne,Wholesale Trade,Medium business,2,
2008,East Melbourne,Wholesale Trade,Small business,4,26
2008,Kensington,Administrative and Support Services,Small business,6,45
2008,Kensington,"Agriculture, Forestry and Fishing",Small business,1,
2008,Kensington,Arts and Recreation Services,Large business,2,
2008,Kensington,Construction,Small business,13,111
2008,Kensington,Health Care and Social Assistance,Small business,14,81
2008,Kensington,Information Media and Telecommunications,Non employing,2,
2008,Kensington,Manufacturing,Small business,27,148
2008,Kensington,Other Services,Small business,32,151
2008,Kensington,"Professional, Scientific and Technical Services",Medium business,6,406
2008,Kensington,"Transport, Postal and Warehousing",Small business,8,32
2008,Melbourne (CBD),Accommodation and Food Services,Medium business,197,8271
2008,Melbourne (CBD),Accommodation and Food Services,Non employing,10,0
2008,Melbourne (CBD),Accommodation and Food Services,Small business,1141,8116
2008,Melbourne (CBD),"Agriculture, Forestry and Fishing",Medium business,2,
2008,Melbourne (CBD),Arts and Recreation Services,Medium business,21,1269
2008,Melbourne (CBD),Arts and Recreation Services,Small business,105,521
2008,Melbourne (CBD),Construction,Medium business,14,705
2008,Melbourne (CBD),Construction,Non employing,3,0
2008,Melbourne (CBD),Education and Training,Medium business,87,5515
2008,Melbourne (CBD),"Electricity, Gas, Water and Waste Services",Medium business,7,535
2008,Melbourne (CBD),"Electricity, Gas, Water and Waste Services",Small business,8,60
2008,Melbourne (CBD),Financial and Insurance Services,Non employing,8,0
2008,Melbourne (CBD),Financial and Insurance Services,Small business,545,3501
2008,Melbourne (CBD),Mining,Medium business,6,492
2008,Melbourne (CBD),Mining,Small business,38,254
2008,Melbourne (CBD),Other Services,Large business,1,
2008,Melbourne (CBD),Other Services,Medium business,39,2162
2008,Melbourne (CBD),Other Services,Small business,603,2503
2008,Melbourne (CBD),Retail Trade,Medium business,64,2909
2008,Melbourne (CBD),"Transport, Postal and Warehousing",Medium business,25,1532
2008,Melbourne (Remainder),Accommodation and Food Services,Large business,2,
2008,Melbourne (Remainder),Accommodation and Food Services,Medium business,7,255
2008,Melbourne (Remainder),"Agriculture, Forestry and Fishing",Small business,1,
2008,Melbourne (Remainder),Arts and Recreation Services,Non employing,22,0
2008,Melbourne (Remainder),Arts and Recreation Services,Small business,10,62
2008,Melbourne (Remainder),Construction,Small business,7,68
2008,Melbourne (Remainder),Financial and Insurance Services,Large business,4,2054
2008,Melbourne (Remainder),Financial and Insurance Services,Medium business,17,672
2008,Melbourne (Remainder),Financial and Insurance Services,Small business,26,233
2008,Melbourne (Remainder),Other Services,Medium business,3,139
2008,Melbourne (Remainder),Other Services,Small business,19,74
2008,Melbourne (Remainder),"Professional, Scientific and Technical Services",Medium business,25,1607
2008,Melbourne (Remainder),"Professional, Scientific and Technical Services",Non employing,1,
2008,Melbourne (Remainder),Retail Trade,Medium business,1,
2008,Melbourne (Remainder),Retail Trade,Small business,17,93
2008,Melbourne (Remainder),"Transport, Postal and Warehousing",Medium business,1,
2008,Melbourne (Remainder),"Transport, Postal and Warehousing",Non employing,1,
2008,North Melbourne,Accommodation and Food Services,Medium business,5,119
2008,North Melbourne,Administrative and Support Services,Medium business,5,228
2008,North Melbourne,Administrative and Support Services,Small business,38,227
2008,North Melbourne,Education and Training,Medium business,6,236
2008,North Melbourne,Education and Training,Small business,19,139
2008,North Melbourne,"Electricity, Gas, Water and Waste Services",Non employing,26,0
2008,North Melbourne,"Electricity, Gas, Water and Waste Services",Small business,1,
2008,North Melbourne,Manufacturing,Non employing,1,
2008,North Melbourne,"Professional, Scientific and Technical Services",Medium business,11,709
2008,North Melbourne,"Professional, Scientific and Technical Services",Non employing,2,
2008,North Melbourne,"Professional, Scientific and Technical Services",Small business,132,645
2008,North Melbourne,"Rental, Hiring and Real Estate Services",Small business,27,149
2008,Parkville,Accommodation and Food Services,Small business,35,229
2008,Parkville,"Agriculture, Forestry and Fishing",Small business,1,
2008,Parkville,Arts and Recreation Services,Non employing,22,0
2008,Parkville,Arts and Recreation Services,Small business,4,28
2008,Parkville,Education and Training,Small business,8,90
2008,Parkville,Health Care and Social Assistance,Large business,6,13265
2008,Parkville,Information Media and Telecommunications,Non employing,1,
2008,Parkville,Information Media and Telecommunications,Small business,3,21
2008,Parkville,Manufacturing,Large business,1,
2008,Parkville,Other Services,Medium business,1,
2008,Parkville,"Rental, Hiring and Real Estate Services",Medium business,1,
2008,Parkville,"Transport, Postal and Warehousing",Small business,5,20
2008,Port Melbourne,Accommodation and Food Services,Small business,6,29
2008,Port Melbourne,"Agriculture, Forestry and Fishing",Small business,1,
2008,Port Melbourne,Arts and Recreation Services,Non employing,5,0
2008,Port Melbourne,Arts and Recreation Services,Small business,3,13
2008,Port Melbourne,Construction,Medium business,8,211
2008,Port Melbourne,Construction,Small business,23,153
2008,Port Melbourne,"Electricity, Gas, Water and Waste Services",Non employing,6,0
2008,Port Melbourne,Financial and Insurance Services,Small business,9,35
2008,Port Melbourne,Health Care and Social Assistance,Small business,1,
2008,Port Melbourne,Information Media and Telecommunications,Large business,1,
2008,Port Melbourne,Information Media and Telecommunications,Medium business,3,99
2008,Port Melbourne,Manufacturing,Small business,34,249
2008,Port Melbourne,Mining,Small business,2,
2008,Port Melbourne,Other Services,Small business,6,44
2008,Port Melbourne,"Rental, Hiring and Real Estate Services",Medium business,1,
2008,Port Melbourne,"Transport, Postal and Warehousing",Large business,2,
2008,Port Melbourne,"Transport, Postal and Warehousing",Non employing,2,
2008,Port Melbourne,"Transport, Postal and Warehousing",Small business,17,147
2008,Port Melbourne,Wholesale Trade,Large business,2,
2008,Port Melbourne,Wholesale Trade,Medium business,16,797
2008,Port Melbourne,Wholesale Trade,Small business,40,329
2008,South Yarra,Accommodation and Food Services,Small business,15,156
2008,South Yarra,Administrative and Support Services,Non employing,1,
2008,South Yarra,Administrative and Support Services,Small business,1,
2008,South Yarra,Education and Training,Large business,1,
2008,South Yarra,"Electricity, Gas, Water and Waste Services",Non employing,5,0
2008,South Yarra,Information Media and Telecommunications,Non employing,1,
2008,South Yarra,Public Administration and Safety,Medium business,1,
2008,South Yarra,Retail Trade,Small business,9,40
2008,Southbank,Accommodation and Food Services,Large business,2,
2008,Southbank,Accommodation and Food Services,Small business,80,741
2008,Southbank,Arts and Recreation Services,Large business,4,8886
2008,Southbank,Construction,Small business,11,89
2008,Southbank,Education and Training,Small business,5,60
2008,Southbank,"Electricity, Gas, Water and Waste Services",Medium business,1,
2008,Southbank,"Electricity, Gas, Water and Waste Services",Non employing,19,0
2008,Southbank,"Electricity, Gas, Water and Waste Services",Small business,1,
2008,Southbank,Health Care and Social Assistance,Medium business,2,
2008,Southbank,Health Care and Social Assistance,Small business,16,93
2008,Southbank,Information Media and Telecommunications,Medium business,17,1090
2008,Southbank,Mining,Large business,1,
2008,Southbank,Other Services,Medium business,3,82
2008,Southbank,"Professional, Scientific and Technical Services",Medium business,51,2954
2008,Southbank,"Professional, Scientific and Technical Services",Non employing,1,
2008,Southbank,Public Administration and Safety,Medium business,9,498
2008,Southbank,"Rental, Hiring and Real Estate Services",Medium business,7,219
2008,Southbank,Retail Trade,Medium business,5,388
2008,Southbank,Retail Trade,Non employing,2,
2008,Southbank,"Transport, Postal and Warehousing",Medium business,4,215
2008,Southbank,Wholesale Trade,Small business,11,68
2008,West Melbourne (Industrial),Accommodation and Food Services,Small business,7,31
2008,West Melbourne (Industrial),Administrative and Support Services,Small business,2,
2008,West Melbourne (Industrial),Manufacturing,Medium business,6,214
2008,West Melbourne (Industrial),Manufacturing,Non employing,1,
2008,West Melbourne (Industrial),Public Administration and Safety,Small business,4,36
2008,West Melbourne (Industrial),"Rental, Hiring and Real Estate Services",Small business,12,53
2008,West Melbourne (Industrial),Retail Trade,Small business,7,48
2008,West Melbourne (Industrial),"Transport, Postal and Warehousing",Large business,3,2179
2008,West Melbourne (Industrial),Wholesale Trade,Small business,216,1257
2008,West Melbourne (Residential),Accommodation and Food Services,Medium business,1,
2008,West Melbourne (Residential),Administrative and Support Services,Large business,1,
2008,West Melbourne (Residential),Administrative and Support Services,Medium business,2,
2008,West Melbourne (Residential),Construction,Small business,10,74
2008,West Melbourne (Residential),Financial and Insurance Services,Medium business,1,
2008,West Melbourne (Residential),Financial and Insurance Services,Small business,12,80
2008,West Melbourne (Residential),Information Media and Telecommunications,Medium business,4,126
2008,West Melbourne (Residential),Information Media and Telecommunications,Small business,14,75
2008,West Melbourne (Residential),Other Services,Medium business,6,172
2008,West Melbourne (Residential),Other Services,Non employing,4,0
2008,West Melbourne (Residential),"Professional, Scientific and Technical Services",Large business,2,
2008,West Melbourne (Residential),"Professional, Scientific and Technical Services",Non employing,1,
2008,West Melbourne (Residential),"Professional, Scientific and Technical Services",Small business,76,391
2008,West Melbourne (Residential),Public Administration and Safety,Large business,1,
2008,West Melbourne (Residential),Retail Trade,Medium business,1,
2008,West Melbourne (Residential),"Transport, Postal and Warehousing",Medium business,2,
2009,Carlton,"Agriculture, Forestry and Fishing",Medium business,1,
2009,Carlton,Arts and Recreation Services,Medium business,4,252
2009,Carlton,Arts and Recreation Services,Non employing,16,0
2009,Carlton,Construction,Small business,17,72
2009,Carlton,Financial and Insurance Services,Small business,35,234
2009,Carlton,Information Media and Telecommunications,Non employing,1,
2009,Carlton,Information Media and Telecommunications,Small business,14,99
2009,Carlton,Manufacturing,Small business,32,155
2009,Carlton,"Professional, Scientific and Technical Services",Large business,2,
2009,Carlton,"Professional, Scientific and Technical Services",Medium business,12,303
2009,Carlton,"Professional, Scientific and Technical Services",Non employing,3,0
2009,Carlton,Public Administration and Safety,Large business,1,
2009,Carlton,Public Administration and Safety,Small business,12,74
2009,Carlton,"Transport, Postal and Warehousing",Small business,4,25
2009,Carlton,Wholesale Trade,Large business,1,
2009,Carlton,Wholesale Trade,Small business,24,97
2009,Docklands,Accommodation and Food Services,Non employing,2,
2009,Docklands,Accommodation and Food Services,Small business,144,1215
2009,Docklands,Administrative and Support Services,Medium business,7,471
2009,Docklands,Arts and Recreation Services,Small business,18,88
2009,Docklands,Construction,Small business,12,77
2009,Docklands,Financial and Insurance Services,Small business,20,97
2009,Docklands,Information Media and Telecommunications,Large business,4,3232
2009,Docklands,Information Media and Telecommunications,Non employing,1,
2009,Docklands,Information Media and Telecommunications,Small business,9,59
2009,Docklands,Manufacturing,Small business,12,59
2009,Docklands,Mining,Small business,2,
2009,Docklands,Other Services,Non employing,14,0
2009,Docklands,Public Administration and Safety,Large business,3,3436
2009,Docklands,"Rental, Hiring and Real Estate Services",Medium business,3,112
2009,Docklands,Retail Trade,Small business,277,1469
2009,Docklands,"Transport, Postal and Warehousing",Large business,4,1311
2009,East Melbourne,Accommodation and Food Services,Large business,3,1713
2009,East Melbourne,Accommodation and Food Services,Non employing,5,0
2009,East Melbourne,Administrative and Support Services,Medium business,5,227
2009,East Melbourne,Administrative and Support Services,Non employing,4,0
2009,East Melbourne,Arts and Recreation Services,Small business,15,87
2009,East Melbourne,Construction,Small business,5,46
2009,East Melbourne,Financial and Insurance Services,Large business,2,
2009,East Melbourne,Health Care and Social Assistance,Medium business,16,807
2009,East Melbourne,Information Media and Telecommunications,Medium business,1,
2009,East Melbourne,Information Media and Telecommunications,Small business,6,31
2009,East Melbourne,Manufacturing,Medium business,1,
2009,East Melbourne,Manufacturing,Small business,5,19
2009,East Melbourne,Other Services,Medium business,9,686
2009,East Melbourne,Other Services,Non employing,5,0
2009,East Melbourne,"Professional, Scientific and Technical Services",Small business,62,408
2009,East Melbourne,"Rental, Hiring and Real Estate Services",Medium business,1,
2009,East Melbourne,Retail Trade,Small business,18,88
2009,Kensington,Accommodation and Food Services,Non employing,2,
2009,Kensington,Administrative and Support Services,Small business,6,45
2009,Kensington,Construction,Small business,13,111
2009,Kensington,Education and Training,Small business,3,21
2009,Kensington,"Electricity, Gas, Water and Waste Services",Small business,2,
2009,Kensington,Manufacturing,Medium business,9,405
2009,Kensington,Other Services,Small business,32,151
2009,Kensington,"Professional, Scientific and Technical Services",Medium business,6,406
2009,Kensington,Public Administration and Safety,Medium business,1,
2009,Kensington,Public Administration and Safety,Small business,2,
2009,Kensington,"Rental, Hiring and Real Estate Services",Medium business,1,
2009,Kensington,"Rental, Hiring and Real Estate Services",Small business,6,31
2009,Kensington,Retail Trade,Medium business,2,
2009,Kensington,Retail Trade,Non employing,2,
2009,Kensington,"Transport, Postal and Warehousing",Small business,8,32
2009,Melbourne (CBD),Administrative and Support Services,Large business,9,4468
2009,Melbourne (CBD),Administrative and Support Services,Small business,455,2711
2009,Melbourne (CBD),Arts and Recreation Services,Medium business,25,1738
2009,Melbourne (CBD),Arts and Recreation Services,Non employing,9,0
2009,Melbourne (CBD),Arts and Recreation Services,Small business,129,588
2009,Melbourne (CBD),Construction,Non employing,2,
2009,Melbourne (CBD),Construction,Small business,61,378
2009,Melbourne (CBD),Education and Training,Large business,10,3661
2009,Melbourne (CBD),Education and Training,Non employing,3,0
2009,Melbourne (CBD),"Electricity, Gas, Water and Waste Services",Non employing,38,0
2009,Melbourne (CBD),Financial and Insurance Services,Large business,39,28747
2009,Melbourne (CBD),Financial and Insurance Services,Medium business,156,9067
2009,Melbourne (CBD),Financial and Insurance Services,Non employing,7,0
2009,Melbourne (CBD),Information Media and Telecommunications,Non employing,5,0
2009,Melbourne (CBD),Information Media and Telecommunications,Small business,144,993
2009,Melbourne (CBD),Manufacturing,Large business,1,
2009,Melbourne (CBD),Manufacturing,Medium business,5,320
2009,Melbourne (CBD),Manufacturing,Small business,279,864
2009,Melbourne (CBD),Mining,Medium business,6,492
2009,Melbourne (CBD),Other Services,Medium business,39,2193
2009,Melbourne (CBD),Other Services,Non employing,39,0
2009,Melbourne (CBD),"Professional, Scientific and Technical Services",Medium business,290,14608
2009,Melbourne (CBD),"Rental, Hiring and Real Estate Services",Medium business,31,1450
2009,Melbourne (CBD),"Rental, Hiring and Real Estate Services",Non employing,4,0
2009,Melbourne (CBD),Retail Trade,Small business,1505,7361
2009,Melbourne (CBD),Wholesale Trade,Medium business,10,273
2009,Melbourne (CBD),Wholesale Trade,Non employing,1,
2009,Melbourne (CBD),Wholesale Trade,Small business,109,477
2009,Melbourne (Remainder),Accommodation and Food Services,Medium business,7,255
2009,Melbourne (Remainder),Accommodation and Food Services,Small business,27,194
2009,Melbourne (Remainder),Administrative and Support Services,Small business,19,145
2009,Melbourne (Remainder),"Agriculture, Forestry and Fishing",Small business,1,
2009,Melbourne (Remainder),Arts and Recreation Services,Large business,4,3667
2009,Melbourne (Remainder),Arts and Recreation Services,Medium business,7,360
2009,Melbourne (Remainder),Arts and Recreation Services,Non employing,22,0
2009,Melbourne (Remainder),Arts and Recreation Services,Small business,10,62
2009,Melbourne (Remainder),Construction,Small business,7,68
2009,Melbourne (Remainder),Education and Training,Small business,4,32
2009,Melbourne (Remainder),Financial and Insurance Services,Large business,4,2054
2009,Melbourne (Remainder),Financial and Insurance Services,Small business,26,233
2009,Melbourne (Remainder),Health Care and Social Assistance,Medium business,4,140
2009,Melbourne (Remainder),Health Care and Social Assistance,Small business,57,240
2009,Melbourne (Remainder),Information Media and Telecommunications,Small business,9,61
2009,Melbourne (Remainder),"Professional, Scientific and Technical Services",Non employing,1,
2009,Melbourne (Remainder),"Professional, Scientific and Technical Services",Small business,60,478
2009,Melbourne (Remainder),"Transport, Postal and Warehousing",Small business,4,43
2009,North Melbourne,Administrative and Support Services,Medium business,6,224
2009,North Melbourne,Administrative and Support Services,Small business,35,192
2009,North Melbourne,Arts and Recreation Services,Medium business,5,242
2009,North Melbourne,Construction,Medium business,7,327
2009,North Melbourne,Education and Training,Medium business,6,256
2009,North Melbourne,Education and Training,Non employing,1,
2009,North Melbourne,"Electricity, Gas, Water and Waste Services",Non employing,22,0
2009,North Melbourne,Financial and Insurance Services,Small business,21,139
2009,North Melbourne,Information Media and Telecommunications,Small business,29,140
2009,North Melbourne,Other Services,Medium business,6,203
2009,North Melbourne,"Professional, Scientific and Technical Services",Medium business,15,903
2009,North Melbourne,"Professional, Scientific and Technical Services",Non employing,2,
2009,North Melbourne,"Professional, Scientific and Technical Services",Small business,136,653
2009,North Melbourne,"Rental, Hiring and Real Estate Services",Medium business,2,
2009,North Melbourne,Wholesale Trade,Non employing,3,0
2009,Parkville,Arts and Recreation Services,Large business,1,
2009,Parkville,Arts and Recreation Services,Small business,4,28
2009,Parkville,Education and Training,Medium business,5,331
2009,Parkville,Education and Training,Small business,8,90
2009,Parkville,Health Care and Social Assistance,Small business,57,264
2009,Port Melbourne,Administrative and Support Services,Non employing,1,
2009,Port Melbourne,Arts and Recreation Services,Non employing,5,0
2009,Port Melbourne,Arts and Recreation Services,Small business,3,13
2009,Port Melbourne,Construction,Medium business,8,211
2009,Port Melbourne,Education and Training,Small business,4,37
2009,Port Melbourne,"Electricity, Gas, Water and Waste Services",Non employing,6,0
2009,Port Melbourne,Health Care and Social Assistance,Small business,1,
2009,Port Melbourne,Manufacturing,Small business,34,249
2009,Port Melbourne,"Rental, Hiring and Real Estate Services",Medium business,1,
2009,Port Melbourne,"Rental, Hiring and Real Estate Services",Small business,3,43
2009,Port Melbourne,Retail Trade,Medium business,5,264
2009,Port Melbourne,Wholesale Trade,Large business,2,
2009,South Yarra,Administrative and Support Services,Small business,1,
2009,South Yarra,Arts and Recreation Services,Non employing,5,0
2009,South Yarra,Information Media and Telecommunications,Non employing,1,
2009,South Yarra,Public Administration and Safety,Medium business,1,
2009,Southbank,Accommodation and Food Services,Medium business,49,1713
2009,Southbank,Administrative and Support Services,Medium business,9,267
2009,Southbank,Administrative and Support Services,Small business,15,132
2009,Southbank,"Agriculture, Forestry and Fishing",Small business,1,
2009,Southbank,Arts and Recreation Services,Medium business,11,782
2009,Southbank,Arts and Recreation Services,Non employing,9,0
2009,Southbank,Arts and Recreation Services,Small business,20,107
2009,Southbank,Construction,Medium business,5,232
2009,Southbank,Education and Training,Medium business,8,421
2009,Southbank,Education and Training,Small business,5,60
2009,Southbank,"Electricity, Gas, Water and Waste Services",Large business,1,
2009,Southbank,"Electricity, Gas, Water and Waste Services",Small business,1,
2009,Southbank,Financial and Insurance Services,Medium business,8,645
2009,Southbank,Health Care and Social Assistance,Small business,16,93
2009,Southbank,Information Media and Telecommunications,Large business,6,3172
2009,Southbank,Manufacturing,Medium business,8,500
2009,Southbank,Other Services,Non employing,12,0
2009,Southbank,"Professional, Scientific and Technical Services",Medium business,51,2954
2009,Southbank,Public Administration and Safety,Small business,1,
2009,Southbank,"Rental, Hiring and Real Estate Services",Small business,22,120
2009,Southbank,Retail Trade,Non employing,2,
2009,Southbank,"Transport, Postal and Warehousing",Medium business,4,215
2009,West Melbourne (Industrial),Administrative and Support Services,Small business,1,
2009,West Melbourne (Industrial),Manufacturing,Medium business,4,85
2009,West Melbourne (Industrial),Public Administration and Safety,Medium business,1,
2009,West Melbourne (Industrial),Public Administration and Safety,Small business,3,19
2009,West Melbourne (Industrial),"Rental, Hiring and Real Estate Services",Medium business,4,87
2009,West Melbourne (Industrial),"Rental, Hiring and Real Estate Services",Small business,7,52
2009,West Melbourne (Industrial),"Transport, Postal and Warehousing",Large business,4,1595
2009,West Melbourne (Industrial),"Transport, Postal and Warehousing",Medium business,18,1298
2009,West Melbourne (Industrial),Wholesale Trade,Medium business,48,1536
2009,West Melbourne (Residential),Accommodation and Food Services,Small business,56,283
2009,West Melbourne (Residential),Arts and Recreation Services,Small business,8,42
2009,West Melbourne (Residential),Construction,Small business,10,70
2009,West Melbourne (Residential),Health Care and Social Assistance,Medium business,4,175
2009,West Melbourne (Residential),Information Media and Telecommunications,Small business,8,43
2009,West Melbourne (Residential),Manufacturing,Non employing,1,
2009,West Melbourne (Residential),Manufacturing,Small business,13,68
2009,West Melbourne (Residential),"Professional, Scientific and Technical Services",Large business,1,
2009,West Melbourne (Residential),Public Administration and Safety,Large business,1,
2009,West Melbourne (Residential),Wholesale Trade,Medium business,5,227
2009,West Melbourne (Residential),Wholesale Trade,Non employing,3,0
2010,Carlton,Administrative and Support Services,Medium business,7,198
2010,Carlton,Arts and Recreation Services,Large business,1,
2010,Carlton,Arts and Recreation Services,Medium business,4,252
2010,Carlton,Arts and Recreation Services,Non employing,16,0
2010,Carlton,Arts and Recreation Services,Small business,14,40
2010,Carlton,Construction,Medium business,4,201
2010,Carlton,Education and Training,Large business,7,1902
2010,Carlton,Education and Training,Medium business,31,1871
2010,Carlton,Education and Training,Non employing,3,0
2010,Carlton,Financial and Insurance Services,Medium business,3,183
2010,Carlton,Information Media and Telecommunications,Non employing,1,
2010,Carlton,Information Media and Telecommunications,Small business,14,99
2010,Carlton,Other Services,Medium business,21,1230
2010,Carlton,Public Administration and Safety,Large business,1,
2010,Carlton,"Rental, Hiring and Real Estate Services",Medium business,1,
2010,Carlton,Retail Trade,Non employing,4,0
2010,Carlton,Retail Trade,Small business,154,654
2010,Carlton,Wholesale Trade,Medium business,3,94
2010,Docklands,Administrative and Support Services,Medium business,7,471
2010,Docklands,Administrative and Support Services,Non employing,2,
2010,Docklands,Construction,Non employing,2,
2010,Docklands,Education and Training,Small business,4,25
2010,Docklands,"Electricity, Gas, Water and Waste Services",Non employing,9,0
2010,Docklands,Financial and Insurance Services,Large business,5,11678
2010,Docklands,Information Media and Telecommunications,Large business,4,3232
2010,Docklands,Information Media and Telecommunications,Non employing,1,
2010,Docklands,Information Media and Telecommunications,Small business,9,59
2010,Docklands,Other Services,Small business,38,98
2010,Docklands,"Professional, Scientific and Technical Services",Medium business,3,156
2010,Docklands,"Professional, Scientific and Technical Services",Small business,82,402
2010,Docklands,Public Administration and Safety,Non employing,2,
2010,Docklands,"Rental, Hiring and Real Estate Services",Medium business,3,112
2010,Docklands,"Transport, Postal and Warehousing",Small business,21,116
2010,Docklands,Wholesale Trade,Small business,8,21
2010,East Melbourne,Accommodation and Food Services,Large business,3,1713
2010,East Melbourne,Administrative and Support Services,Medium business,5,227
2010,East Melbourne,Construction,Small business,5,46
2010,East Melbourne,Education and Training,Large business,1,
2010,East Melbourne,Education and Training,Medium business,7,450
2010,East Melbourne,Financial and Insurance Services,Large business,2,
2010,East Melbourne,Health Care and Social Assistance,Large business,5,4670
2010,East Melbourne,Health Care and Social Assistance,Small business,197,1039
2010,East Melbourne,Manufacturing,Medium business,1,
2010,East Melbourne,Other Services,Medium business,9,686
2010,East Melbourne,"Professional, Scientific and Technical Services",Medium business,19,964
2010,East Melbourne,"Professional, Scientific and Technical Services",Small business,62,408
2010,East Melbourne,Public Administration and Safety,Medium business,9,680
2010,East Melbourne,"Rental, Hiring and Real Estate Services",Small business,8,41
2010,Kensington,Accommodation and Food Services,Non employing,2,
2010,Kensington,"Agriculture, Forestry and Fishing",Small business,1,
2010,Kensington,Arts and Recreation Services,Medium business,8,402
2010,Kensington,Arts and Recreation Services,Non employing,52,0
2010,Kensington,Arts and Recreation Services,Small business,20,139
2010,Kensington,Construction,Medium business,1,
2010,Kensington,Education and Training,Small business,3,21
2010,Kensington,"Electricity, Gas, Water and Waste Services",Non employing,9,0
2010,Kensington,Information Media and Telecommunications,Non employing,2,
2010,Kensington,Manufacturing,Small business,27,148
2010,Kensington,Other Services,Medium business,1,
2010,Kensington,"Rental, Hiring and Real Estate Services",Small business,6,31
2010,Kensington,Retail Trade,Non employing,2,
2010,Kensington,Retail Trade,Small business,25,143
2010,Kensington,Wholesale Trade,Small business,29,168
2010,Melbourne (CBD),Accommodation and Food Services,Large business,4,1676
2010,Melbourne (CBD),Accommodation and Food Services,Medium business,201,8401
2010,Melbourne (CBD),Administrative and Support Services,Medium business,88,4110
2010,Melbourne (CBD),Arts and Recreation Services,Non employing,10,0
2010,Melbourne (CBD),Arts and Recreation Services,Small business,131,605
2010,Melbourne (CBD),Construction,Medium business,15,769
2010,Melbourne (CBD),Education and Training,Large business,9,3451
2010,Melbourne (CBD),"Electricity, Gas, Water and Waste Services",Large business,7,4507
2010,Melbourne (CBD),"Electricity, Gas, Water and Waste Services",Non employing,37,0
2010,Melbourne (CBD),Financial and Insurance Services,Large business,36,28863
2010,Melbourne (CBD),Health Care and Social Assistance,Non employing,4,0
2010,Melbourne (CBD),Information Media and Telecommunications,Small business,137,895
2010,Melbourne (CBD),Manufacturing,Medium business,5,419
2010,Melbourne (CBD),Manufacturing,Non employing,1,
2010,Melbourne (CBD),Mining,Large business,3,1455
2010,Melbourne (CBD),Mining,Medium business,6,570
2010,Melbourne (CBD),Mining,Non employing,1,
2010,Melbourne (CBD),Other Services,Large business,1,
2010,Melbourne (CBD),Other Services,Medium business,34,1766
2010,Melbourne (CBD),Other Services,Small business,667,2871
2010,Melbourne (CBD),"Professional, Scientific and Technical Services",Medium business,295,14664
2010,Melbourne (CBD),"Rental, Hiring and Real Estate Services",Large business,1,
2010,Melbourne (CBD),Retail Trade,Large business,5,2999
2010,Melbourne (CBD),"Transport, Postal and Warehousing",Small business,55,424
2010,Melbourne (CBD),Wholesale Trade,Non employing,1,
2010,Melbourne (CBD),Wholesale Trade,Small business,109,502
2010,Melbourne (Remainder),Administrative and Support Services,Large business,1,
2010,Melbourne (Remainder),Administrative and Support Services,Medium business,4,219
2010,Melbourne (Remainder),Arts and Recreation Services,Large business,5,3483
2010,Melbourne (Remainder),Construction,Medium business,5,229
2010,Melbourne (Remainder),Education and Training,Small business,2,
2010,Melbourne (Remainder),"Electricity, Gas, Water and Waste Services",Non employing,3,0
2010,Melbourne (Remainder),Health Care and Social Assistance,Medium business,5,182
2010,Melbourne (Remainder),Health Care and Social Assistance,Small business,59,266
2010,Melbourne (Remainder),Information Media and Telecommunications,Small business,3,26
2010,Melbourne (Remainder),"Professional, Scientific and Technical Services",Large business,5,2885
2010,Melbourne (Remainder),"Professional, Scientific and Technical Services",Small business,43,325
2010,Melbourne (Remainder),Retail Trade,Medium business,1,
2010,Melbourne (Remainder),Retail Trade,Small business,17,86
2010,North Melbourne,Accommodation and Food Services,Medium business,7,168
2010,North Melbourne,Accommodation and Food Services,Non employing,5,0
2010,North Melbourne,Administrative and Support Services,Medium business,6,224
2010,North Melbourne,Arts and Recreation Services,Medium business,5,242
2010,North Melbourne,Construction,Medium business,7,327
2010,North Melbourne,Construction,Non employing,2,
2010,North Melbourne,Health Care and Social Assistance,Medium business,5,347
2010,North Melbourne,Health Care and Social Assistance,Small business,82,462
2010,North Melbourne,Manufacturing,Medium business,8,465
2010,North Melbourne,Other Services,Non employing,11,0
2010,North Melbourne,"Professional, Scientific and Technical Services",Non employing,2,
2010,North Melbourne,"Professional, Scientific and Technical Services",Small business,136,653
2010,North Melbourne,Public Administration and Safety,Small business,9,57
2010,North Melbourne,"Rental, Hiring and Real Estate Services",Medium business,2,
2010,North Melbourne,Retail Trade,Small business,109,513
2010,North Melbourne,"Transport, Postal and Warehousing",Medium business,6,163
2010,North Melbourne,Wholesale Trade,Small business,68,405
2010,Parkville,Accommodation and Food Services,Small business,44,336
2010,Parkville,"Agriculture, Forestry and Fishing",Medium business,1,
2010,Parkville,Health Care and Social Assistance,Large business,6,14903
2010,Parkville,Health Care and Social Assistance,Medium business,5,347
2010,Parkville,Health Care and Social Assistance,Non employing,2,
2010,Parkville,Other Services,Small business,18,98
2010,Parkville,"Professional, Scientific and Technical Services",Large business,1,
2010,Parkville,"Professional, Scientific and Technical Services",Medium business,9,746
2010,Parkville,"Professional, Scientific and Technical Services",Small business,5,37
2010,Parkville,"Transport, Postal and Warehousing",Non employing,1,
2010,Parkville,"Transport, Postal and Warehousing",Small business,4,10
2010,Port Melbourne,Accommodation and Food Services,Medium business,2,
2010,Port Melbourne,Construction,Medium business,8,276
2010,Port Melbourne,Health Care and Social Assistance,Non employing,1,
2010,Port Melbourne,Manufacturing,Large business,7,3637
2010,Port Melbourne,Manufacturing,Medium business,21,1017
2010,Port Melbourne,Manufacturing,Non employing,1,
2010,Port Melbourne,Other Services,Small business,8,64
2010,Port Melbourne,"Professional, Scientific and Technical Services",Large business,1,
2010,Port Melbourne,"Professional, Scientific and Technical Services",Medium business,14,695
2010,Port Melbourne,"Professional, Scientific and Technical Services",Small business,59,403
2010,Port Melbourne,Public Administration and Safety,Non employing,1,
2010,Port Melbourne,Retail Trade,Medium business,3,185
2010,Port Melbourne,Wholesale Trade,Large business,3,945
2010,Port Melbourne,Wholesale Trade,Non employing,1,
2010,South Yarra,Accommodation and Food Services,Non employing,1,
2010,South Yarra,Accommodation and Food Services,Small business,15,156
2010,South Yarra,Arts and Recreation Services,Non employing,5,0
2010,South Yarra,Education and Training,Small business,7,80
2010,South Yarra,Health Care and Social Assistance,Small business,3,21
2010,South Yarra,Other Services,Small business,10,40
2010,Southbank,Accommodation and Food Services,Large business,2,
2010,Southbank,Accommodation and Food Services,Medium business,49,1713
2010,Southbank,"Agriculture, Forestry and Fishing",Small business,1,
2010,Southbank,Construction,Small business,11,89
2010,Southbank,"Electricity, Gas, Water and Waste Services",Large business,1,
2010,Southbank,Manufacturing,Large business,3,3696
2010,Southbank,Other Services,Small business,41,209
2010,Southbank,Public Administration and Safety,Large business,2,
2010,Southbank,Public Administration and Safety,Small business,1,
2010,Southbank,"Transport, Postal and Warehousing",Non employing,2,
2010,West Melbourne (Industrial),"Agriculture, Forestry and Fishing",Small business,1,
2010,West Melbourne (Industrial),Arts and Recreation Services,Small business,3,16
2010,West Melbourne (Industrial),"Electricity, Gas, Water and Waste Services",Medium business,2,
2010,West Melbourne (Industrial),Financial and Insurance Services,Medium business,1,
2010,West Melbourne (Industrial),Public Administration and Safety,Small business,3,19
2010,West Melbourne (Industrial),Retail Trade,Small business,8,56
2010,West Melbourne (Industrial),"Transport, Postal and Warehousing",Small business,26,203
2010,West Melbourne (Residential),Arts and Recreation Services,Medium business,3,119
2010,West Melbourne (Residential),Arts and Recreation Services,Non employing,8,0
2010,West Melbourne (Residential),Construction,Medium business,3,122
2010,West Melbourne (Residential),Manufacturing,Medium business,8,262
2010,West Melbourne (Residential),Other Services,Small business,53,243
2010,West Melbourne (Residential),Wholesale Trade,Medium business,5,227
2011,Carlton,Accommodation and Food Services,Small business,225,1639
2011,Carlton,Administrative and Support Services,Medium business,7,198
2011,Carlton,"Agriculture, Forestry and Fishing",Medium business,1,
2011,Carlton,Education and Training,Large business,7,1902
2011,Carlton,"Electricity, Gas, Water and Waste Services",Non employing,14,0
2011,Carlton,Financial and Insurance Services,Medium business,3,183
2011,Carlton,Health Care and Social Assistance,Large business,1,
2011,Carlton,Manufacturing,Small business,32,155
2011,Carlton,Other Services,Large business,2,
2011,Carlton,Other Services,Non employing,16,0
2011,Carlton,Other Services,Small business,110,554
2011,Carlton,Public Administration and Safety,Large business,1,
2011,Carlton,Public Administration and Safety,Small business,12,74
2011,Carlton,Retail Trade,Non employing,4,0
2011,Carlton,Wholesale Trade,Large business,1,
2011,Docklands,Accommodation and Food Services,Large business,1,
2011,Docklands,Administrative and Support Services,Medium business,7,471
2011,Docklands,Administrative and Support Services,Non employing,2,
2011,Docklands,"Agriculture, Forestry and Fishing",Small business,1,
2011,Docklands,Arts and Recreation Services,Large business,1,
2011,Docklands,Construction,Non employing,2,
2011,Docklands,Education and Training,Medium business,2,
2011,Docklands,Financial and Insurance Services,Large business,5,11678
2011,Docklands,Financial and Insurance Services,Medium business,5,341
2011,Docklands,Financial and Insurance Services,Small business,20,97
2011,Docklands,Health Care and Social Assistance,Medium business,2,
2011,Docklands,Health Care and Social Assistance,Small business,12,56
2011,Docklands,Information Media and Telecommunications,Non employing,1,
2011,Docklands,Information Media and Telecommunications,Small business,9,59
2011,Docklands,Manufacturing,Small business,12,59
2011,Docklands,Public Administration and Safety,Non employing,2,
2011,Docklands,Public Administration and Safety,Small business,6,41
2011,Docklands,"Rental, Hiring and Real Estate Services",Medium business,3,112
2011,Docklands,Retail Trade,Medium business,4,309
2011,Docklands,Retail Trade,Small business,277,1469
2011,East Melbourne,Accommodation and Food Services,Non employing,5,0
2011,East Melbourne,Accommodation and Food Services,Small business,57,369
2011,East Melbourne,Arts and Recreation Services,Large business,1,
2011,East Melbourne,Arts and Recreation Services,Non employing,17,0
2011,East Melbourne,Arts and Recreation Services,Small business,15,87
2011,East Melbourne,Education and Training,Medium business,7,450
2011,East Melbourne,"Electricity, Gas, Water and Waste Services",Large business,1,
2011,East Melbourne,"Electricity, Gas, Water and Waste Services",Non employing,4,0
2011,East Melbourne,Financial and Insurance Services,Large business,2,
2011,East Melbourne,Financial and Insurance Services,Small business,10,95
2011,East Melbourne,Health Care and Social Assistance,Large business,5,4670
2011,East Melbourne,Health Care and Social Assistance,Medium business,16,807
2011,East Melbourne,Health Care and Social Assistance,Small business,197,1039
2011,East Melbourne,Mining,Small business,1,
2011,East Melbourne,Other Services,Non employing,5,0
2011,East Melbourne,Other Services,Small business,35,168
2011,East Melbourne,"Professional, Scientific and Technical Services",Small business,62,408
2011,East Melbourne,Public Administration and Safety,Large business,7,3983
2011,East Melbourne,Public Administration and Safety,Medium business,9,680
2011,East Melbourne,Retail Trade,Small business,18,88
2011,East Melbourne,Wholesale Trade,Small business,4,26
2011,Kensington,Accommodation and Food Services,Medium business,2,
2011,Kensington,"Agriculture, Forestry and Fishing",Small business,3,8
2011,Kensington,Arts and Recreation Services,Non employing,57,0
2011,Kensington,Arts and Recreation Services,Small business,18,90
2011,Kensington,Education and Training,Medium business,3,75
2011,Kensington,Information Media and Telecommunications,Non employing,2,
2011,Kensington,Manufacturing,Non employing,4,0
2011,Kensington,Other Services,Medium business,1,
2011,Kensington,Other Services,Non employing,8,0
2011,Kensington,"Professional, Scientific and Technical Services",Medium business,5,387
2011,Kensington,"Professional, Scientific and Technical Services",Non employing,1,
2011,Kensington,"Professional, Scientific and Technical Services",Small business,27,180
2011,Kensington,"Rental, Hiring and Real Estate Services",Medium business,1,
2011,Kensington,"Rental, Hiring and Real Estate Services",Small business,10,59
2011,Kensington,Wholesale Trade,Small business,25,151
2011,Melbourne (CBD),Accommodation and Food Services,Small business,1275,9519
2011,Melbourne (CBD),Administrative and Support Services,Medium business,88,4028
2011,Melbourne (CBD),Arts and Recreation Services,Medium business,26,1616
2011,Melbourne (CBD),Arts and Recreation Services,Non employing,12,0
2011,Melbourne (CBD),Construction,Medium business,16,756
2011,Melbourne (CBD),Education and Training,Medium business,96,6124
2011,Melbourne (CBD),Mining,Medium business,7,732
2011,Melbourne (CBD),Other Services,Small business,661,2839
2011,Melbourne (CBD),"Professional, Scientific and Technical Services",Large business,52,23492
2011,Melbourne (CBD),"Professional, Scientific and Technical Services",Non employing,6,0
2011,Melbourne (CBD),Public Administration and Safety,Medium business,83,6943
2011,Melbourne (CBD),"Rental, Hiring and Real Estate Services",Large business,2,
2011,Melbourne (CBD),Retail Trade,Non employing,15,0
2011,Melbourne (CBD),Retail Trade,Small business,1514,7476
2011,Melbourne (CBD),Wholesale Trade,Medium business,11,350
2011,Melbourne (CBD),Wholesale Trade,Small business,103,454
2011,Melbourne (Remainder),Administrative and Support Services,Medium business,4,219
2011,Melbourne (Remainder),Administrative and Support Services,Small business,18,126
2011,Melbourne (Remainder),Arts and Recreation Services,Large business,5,3483
2011,Melbourne (Remainder),Arts and Recreation Services,Non employing,25,0
2011,Melbourne (Remainder),Education and Training,Large business,3,1159
2011,Melbourne (Remainder),Financial and Insurance Services,Medium business,8,369
2011,Melbourne (Remainder),Health Care and Social Assistance,Large business,3,5076
2011,Melbourne (Remainder),Information Media and Telecommunications,Medium business,6,286
2011,Melbourne (Remainder),Manufacturing,Large business,1,
2011,Melbourne (Remainder),Manufacturing,Medium business,1,
2011,Melbourne (Remainder),Mining,Small business,1,
2011,Melbourne (Remainder),Other Services,Medium business,2,
2011,Melbourne (Remainder),Public Administration and Safety,Small business,3,40
2011,Melbourne (Remainder),"Rental, Hiring and Real Estate Services",Small business,10,54
2011,Melbourne (Remainder),"Transport, Postal and Warehousing",Small business,5,41
2011,North Melbourne,Accommodation and Food Services,Small business,100,582
2011,North Melbourne,Administrative and Support Services,Small business,35,192
2011,North Melbourne,Arts and Recreation Services,Non employing,14,0
2011,North Melbourne,Construction,Non employing,2,
2011,North Melbourne,Construction,Small business,32,205
2011,North Melbourne,Education and Training,Small business,18,156
2011,North Melbourne,"Electricity, Gas, Water and Waste Services",Medium business,1,
2011,North Melbourne,"Electricity, Gas, Water and Waste Services",Non employing,22,0
2011,North Melbourne,Financial and Insurance Services,Medium business,1,
2011,North Melbourne,Manufacturing,Medium business,8,465
2011,North Melbourne,Other Services,Non employing,11,0
2011,North Melbourne,"Professional, Scientific and Technical Services",Small business,136,653
2011,North Melbourne,"Rental, Hiring and Real Estate Services",Medium business,2,
2011,North Melbourne,"Rental, Hiring and Real Estate Services",Small business,21,118
2011,North Melbourne,"Transport, Postal and Warehousing",Small business,32,194
2011,North Melbourne,Wholesale Trade,Medium business,6,260
2011,North Melbourne,Wholesale Trade,Non employing,3,0
2011,Parkville,Accommodation and Food Services,Medium business,13,718
2011,Parkville,Administrative and Support Services,Small business,3,20
2011,Parkville,"Agriculture, Forestry and Fishing",Medium business,1,
2011,Parkville,Arts and Recreation Services,Medium business,1,
2011,Parkville,Arts and Recreation Services,Non employing,23,0
2011,Parkville,Arts and Recreation Services,Small business,5,51
2011,Parkville,Education and Training,Large business,2,
2011,Parkville,Health Care and Social Assistance,Non employing,2,
2011,Parkville,Health Care and Social Assistance,Small business,72,360
2011,Parkville,Manufacturing,Large business,1,
2011,Parkville,"Professional, Scientific and Technical Services",Large business,1,
2011,Parkville,"Professional, Scientific and Technical Services",Medium business,9,746
2011,Parkville,Public Administration and Safety,Small business,2,
2011,Port Melbourne,Administrative and Support Services,Medium business,2,
2011,Port Melbourne,Construction,Medium business,8,276
2011,Port Melbourne,Construction,Small business,36,243
2011,Port Melbourne,Financial and Insurance Services,Non employing,1,
2011,Port Melbourne,Information Media and Telecommunications,Medium business,2,
2011,Port Melbourne,Other Services,Non employing,3,0
2011,Port Melbourne,Other Services,Small business,8,64
2011,Port Melbourne,"Professional, Scientific and Technical Services",Large business,1,
2011,Port Melbourne,"Transport, Postal and Warehousing",Large business,2,
2011,Port Melbourne,Wholesale Trade,Small business,52,398
2011,South Yarra,Administrative and Support Services,Small business,1,
2011,South Yarra,Education and Training,Medium business,4,142
2011,South Yarra,"Electricity, Gas, Water and Waste Services",Non employing,5,0
2011,South Yarra,Health Care and Social Assistance,Small business,2,
2011,South Yarra,Retail Trade,Small business,8,30
2011,Southbank,Accommodation and Food Services,Non employing,17,0
2011,Southbank,Administrative and Support Services,Large business,1,
2011,Southbank,Administrative and Support Services,Small business,17,148
2011,Southbank,"Electricity, Gas, Water and Waste Services",Medium business,1,
2011,Southbank,Financial and Insurance Services,Medium business,11,498
2011,Southbank,Information Media and Telecommunications,Large business,2,
2011,Southbank,Information Media and Telecommunications,Medium business,13,858
2011,Southbank,Manufacturing,Medium business,5,540
2011,Southbank,Mining,Large business,2,
2011,Southbank,Other Services,Non employing,19,0
2011,Southbank,"Professional, Scientific and Technical Services",Non employing,1,
2011,Southbank,Public Administration and Safety,Small business,2,
2011,Southbank,Retail Trade,Non employing,2,
2011,Southbank,"Transport, Postal and Warehousing",Large business,1,
2011,Southbank,"Transport, Postal and Warehousing",Medium business,4,178
2011,Southbank,Wholesale Trade,Medium business,2,
2011,West Melbourne (Industrial),Accommodation and Food Services,Medium business,1,
2011,West Melbourne (Industrial),Accommodation and Food Services,Small business,7,44
2011,West Melbourne (Industrial),Administrative and Support Services,Small business,1,
2011,West Melbourne (Industrial),Arts and Recreation Services,Non employing,8,0
2011,West Melbourne (Industrial),Arts and Recreation Services,Small business,3,16
2011,West Melbourne (Industrial),"Electricity, Gas, Water and Waste Services",Medium business,2,
2011,West Melbourne (Industrial),"Electricity, Gas, Water and Waste Services",Non employing,8,0
2011,West Melbourne (Industrial),"Electricity, Gas, Water and Waste Services",Small business,2,
2011,West Melbourne (Industrial),Information Media and Telecommunications,Non employing,2,
2011,West Melbourne (Industrial),Public Administration and Safety,Medium business,1,
2011,West Melbourne (Industrial),"Rental, Hiring and Real Estate Services",Medium business,4,87
2011,West Melbourne (Industrial),"Transport, Postal and Warehousing",Large business,4,1595
2011,West Melbourne (Industrial),"Transport, Postal and Warehousing",Non employing,16,0
2011,West Melbourne (Residential),Accommodation and Food Services,Non employing,2,
2011,West Melbourne (Residential),Arts and Recreation Services,Non employing,8,0
2011,West Melbourne (Residential),Education and Training,Small business,7,53
2011,West Melbourne (Residential),Financial and Insurance Services,Medium business,1,
2011,West Melbourne (Residential),Information Media and Telecommunications,Small business,8,43
2011,West Melbourne (Residential),Manufacturing,Small business,13,68
2011,West Melbourne (Residential),Other Services,Medium business,5,150
2011,West Melbourne (Residential),"Professional, Scientific and Technical Services",Large business,1,
2011,West Melbourne (Residential),"Professional, Scientific and Technical Services",Medium business,14,983
2011,West Melbourne (Residential),"Professional, Scientific and Technical Services",Small business,89,504
2011,West Melbourne (Residential),Public Administration and Safety,Small business,3,17
2011,West Melbourne (Residential),"Rental, Hiring and Real Estate Services",Medium business,2,
2011,West Melbourne (Residential),Wholesale Trade,Non employing,3,0
2012,Carlton,Accommodation and Food Services,Medium business,22,680
2012,Carlton,Accommodation and Food Services,Non employing,18,0
2012,Carlton,Accommodation and Food Services,Small business,213,1510
2012,Carlton,Administrative and Support Services,Small business,22,92
2012,Carlton,"Agriculture, Forestry and Fishing",Medium business,1,
2012,Carlton,"Agriculture, Forestry and Fishing",Small business,1,
2012,Carlton,Construction,Medium business,4,184
2012,Carlton,Construction,Small business,13,90
2012,Carlton,Education and Training,Medium business,34,2184
2012,Carlton,Financial and Insurance Services,Medium business,5,260
2012,Carlton,Health Care and Social Assistance,Large business,1,
2012,Carlton,Health Care and Social Assistance,Small business,84,451
2012,Carlton,Information Media and Telecommunications,Medium business,7,306
2012,Carlton,Information Media and Telecommunications,Small business,8,53
2012,Carlton,Other Services,Large business,3,714
2012,Carlton,"Professional, Scientific and Technical Services",Medium business,14,383
2012,Carlton,Public Administration and Safety,Medium business,7,461
2012,Carlton,Public Administration and Safety,Small business,11,58
2012,Carlton,"Rental, Hiring and Real Estate Services",Small business,20,116
2012,Carlton,Retail Trade,Medium business,4,285
2012,Carlton,Wholesale Trade,Large business,1,
2012,Docklands,Accommodation and Food Services,Non employing,1,
2012,Docklands,Administrative and Support Services,Large business,1,
2012,Docklands,Administrative and Support Services,Medium business,7,232
2012,Docklands,Arts and Recreation Services,Medium business,4,158
2012,Docklands,"Electricity, Gas, Water and Waste Services",Non employing,10,0
2012,Docklands,Financial and Insurance Services,Large business,6,11707
2012,Docklands,Financial and Insurance Services,Small business,16,95
2012,Docklands,Health Care and Social Assistance,Medium business,2,
2012,Docklands,Information Media and Telecommunications,Medium business,5,231
2012,Docklands,Information Media and Telecommunications,Non employing,1,
2012,Docklands,Information Media and Telecommunications,Small business,12,51
2012,Docklands,Other Services,Large business,1,
2012,Docklands,Other Services,Medium business,1,
2012,Docklands,Other Services,Small business,42,136
2012,Docklands,"Professional, Scientific and Technical Services",Large business,4,2149
2012,Docklands,Public Administration and Safety,Small business,5,27
2012,Docklands,"Rental, Hiring and Real Estate Services",Small business,40,207
2012,Docklands,Retail Trade,Large business,2,
2012,Docklands,Retail Trade,Non employing,3,0
2012,Docklands,"Transport, Postal and Warehousing",Large business,4,1593
2012,Docklands,"Transport, Postal and Warehousing",Medium business,6,196
2012,Docklands,"Transport, Postal and Warehousing",Small business,22,132
2012,Docklands,Wholesale Trade,Large business,2,
2012,Docklands,Wholesale Trade,Small business,12,52
2012,East Melbourne,Accommodation and Food Services,Medium business,2,
2012,East Melbourne,Arts and Recreation Services,Non employing,16,0
2012,East Melbourne,Construction,Medium business,1,
2012,East Melbourne,Construction,Small business,8,45
2012,East Melbourne,Education and Training,Large business,1,
2012,East Melbourne,Education and Training,Small business,4,46
2012,East Melbourne,Financial and Insurance Services,Large business,2,
2012,East Melbourne,Financial and Insurance Services,Medium business,8,421
2012,East Melbourne,Health Care and Social Assistance,Small business,200,1084
2012,East Melbourne,Information Media and Telecommunications,Small business,3,24
2012,East Melbourne,Manufacturing,Large business,1,
2012,East Melbourne,Mining,Small business,1,
2012,East Melbourne,Other Services,Large business,2,
2012,East Melbourne,Other Services,Small business,36,163
2012,East Melbourne,"Professional, Scientific and Technical Services",Medium business,22,1174
2012,East Melbourne,Public Administration and Safety,Medium business,9,645
2012,East Melbourne,Public Administration and Safety,Non employing,1,
2012,East Melbourne,"Rental, Hiring and Real Estate Services",Medium business,1,
2012,East Melbourne,"Transport, Postal and Warehousing",Small business,2,
2012,Kensington,Administrative and Support Services,Non employing,1,
2012,Kensington,Administrative and Support Services,Small business,6,36
2012,Kensington,Arts and Recreation Services,Medium business,10,447
2012,Kensington,Health Care and Social Assistance,Small business,17,95
2012,Kensington,Information Media and Telecommunications,Non employing,2,
2012,Kensington,Manufacturing,Medium business,9,322
2012,Kensington,Manufacturing,Small business,32,170
2012,Kensington,Other Services,Non employing,8,0
2012,Kensington,Other Services,Small business,35,156
2012,Kensington,Public Administration and Safety,Small business,3,28
2012,Kensington,"Transport, Postal and Warehousing",Non employing,2,
2012,Kensington,"Transport, Postal and Warehousing",Small business,9,33
2012,Kensington,Wholesale Trade,Non employing,4,0
2012,Melbourne (CBD),Administrative and Support Services,Large business,6,4116
2012,Melbourne (CBD),Administrative and Support Services,Medium business,93,4564
2012,Melbourne (CBD),Administrative and Support Services,Non employing,4,0
2012,Melbourne (CBD),"Agriculture, Forestry and Fishing",Medium business,1,
2012,Melbourne (CBD),Arts and Recreation Services,Large business,3,708
2012,Melbourne (CBD),Construction,Large business,2,
2012,Melbourne (CBD),Construction,Small business,68,467
2012,Melbourne (CBD),"Electricity, Gas, Water and Waste Services",Large business,4,3358
2012,Melbourne (CBD),"Electricity, Gas, Water and Waste Services",Medium business,13,960
2012,Melbourne (CBD),Health Care and Social Assistance,Large business,1,
2012,Melbourne (CBD),Health Care and Social Assistance,Non employing,2,
2012,Melbourne (CBD),Health Care and Social Assistance,Small business,342,1761
2012,Melbourne (CBD),Information Media and Telecommunications,Large business,19,17936
2012,Melbourne (CBD),Manufacturing,Medium business,6,445
2012,Melbourne (CBD),Manufacturing,Non employing,3,0
2012,Melbourne (CBD),Mining,Medium business,8,622
2012,Melbourne (CBD),Public Administration and Safety,Medium business,81,6768
2012,Melbourne (CBD),"Rental, Hiring and Real Estate Services",Small business,164,992
2012,Melbourne (CBD),Retail Trade,Large business,4,1888
2012,Melbourne (CBD),Retail Trade,Medium business,70,2977
2012,Melbourne (CBD),"Transport, Postal and Warehousing",Medium business,28,1816
2012,Melbourne (CBD),"Transport, Postal and Warehousing",Non employing,20,0
2012,Melbourne (Remainder),Administrative and Support Services,Medium business,4,219
2012,Melbourne (Remainder),Education and Training,Small business,2,
2012,Melbourne (Remainder),"Electricity, Gas, Water and Waste Services",Non employing,3,0
2012,Melbourne (Remainder),Financial and Insurance Services,Medium business,8,369
2012,Melbourne (Remainder),Manufacturing,Large business,1,
2012,Melbourne (Remainder),Other Services,Non employing,10,0
2012,Melbourne (Remainder),"Rental, Hiring and Real Estate Services",Small business,10,54
2012,Melbourne (Remainder),"Transport, Postal and Warehousing",Medium business,1,
2012,Melbourne (Remainder),"Transport, Postal and Warehousing",Non employing,1,
2012,Melbourne (Remainder),Wholesale Trade,Small business,3,13
2012,North Melbourne,Accommodation and Food Services,Non employing,6,0
2012,North Melbourne,Accommodation and Food Services,Small business,98,547
2012,North Melbourne,Administrative and Support Services,Medium business,7,363
2012,North Melbourne,Arts and Recreation Services,Medium business,4,269
2012,North Melbourne,Arts and Recreation Services,Small business,35,128
2012,North Melbourne,Construction,Small business,41,254
2012,North Melbourne,Education and Training,Non employing,1,
2012,North Melbourne,Education and Training,Small business,21,171
2012,North Melbourne,Financial and Insurance Services,Non employing,1,
2012,North Melbourne,Information Media and Telecommunications,Medium business,2,
2012,North Melbourne,Other Services,Small business,138,610
2012,North Melbourne,"Rental, Hiring and Real Estate Services",Medium business,3,155
2012,North Melbourne,Retail Trade,Medium business,3,183
2012,North Melbourne,Wholesale Trade,Medium business,8,297
2012,North Melbourne,Wholesale Trade,Non employing,3,0
2012,North Melbourne,Wholesale Trade,Small business,66,390
2012,Parkville,Accommodation and Food Services,Small business,46,289
2012,Parkville,Administrative and Support Services,Non employing,1,
2012,Parkville,Arts and Recreation Services,Large business,1,
2012,Parkville,Arts and Recreation Services,Medium business,1,
2012,Parkville,Arts and Recreation Services,Non employing,25,0
2012,Parkville,Arts and Recreation Services,Small business,6,62
2012,Parkville,Education and Training,Medium business,8,353
2012,Parkville,Health Care and Social Assistance,Large business,7,15387
2012,Parkville,Health Care and Social Assistance,Medium business,4,275
2012,Parkville,Health Care and Social Assistance,Non employing,1,
2012,Parkville,Health Care and Social Assistance,Small business,67,346
2012,Parkville,Manufacturing,Small business,4,27
2012,Parkville,"Professional, Scientific and Technical Services",Medium business,8,595
2012,Parkville,"Rental, Hiring and Real Estate Services",Medium business,1,
2012,Parkville,"Transport, Postal and Warehousing",Non employing,1,
2012,Port Melbourne,Arts and Recreation Services,Non employing,6,0
2012,Port Melbourne,Construction,Medium business,8,276
2012,Port Melbourne,Health Care and Social Assistance,Small business,1,
2012,Port Melbourne,Information Media and Telecommunications,Small business,10,73
2012,Port Melbourne,Manufacturing,Medium business,21,1017
2012,Port Melbourne,"Professional, Scientific and Technical Services",Large business,1,
2012,Port Melbourne,"Professional, Scientific and Technical Services",Medium business,14,695
2012,Port Melbourne,"Professional, Scientific and Technical Services",Small business,59,403
2012,Port Melbourne,Retail Trade,Medium business,3,185
2012,Port Melbourne,Retail Trade,Non employing,1,
2012,Port Melbourne,Retail Trade,Small business,18,109
2012,Port Melbourne,"Transport, Postal and Warehousing",Medium business,9,664
2012,Port Melbourne,"Transport, Postal and Warehousing",Small business,20,166
2012,Port Melbourne,Wholesale Trade,Small business,52,398
2012,South Yarra,Administrative and Support Services,Small business,1,
2012,South Yarra,Arts and Recreation Services,Non employing,5,0
2012,South Yarra,Education and Training,Medium business,4,142
2012,South Yarra,Information Media and Telecommunications,Non employing,1,
2012,South Yarra,Public Administration and Safety,Small business,1,
2012,South Yarra,Retail Trade,Small business,8,30
2012,Southbank,Accommodation and Food Services,Medium business,43,2358
2012,Southbank,Accommodation and Food Services,Non employing,17,0
2012,Southbank,Administrative and Support Services,Large business,1,
2012,Southbank,Administrative and Support Services,Small business,17,148
2012,Southbank,Arts and Recreation Services,Large business,3,7432
2012,Southbank,Arts and Recreation Services,Non employing,9,0
2012,Southbank,Construction,Small business,16,107
2012,Southbank,Education and Training,Large business,2,
2012,Southbank,Education and Training,Medium business,9,545
2012,Southbank,"Electricity, Gas, Water and Waste Services",Large business,1,
2012,Southbank,Financial and Insurance Services,Small business,17,122
2012,Southbank,Information Media and Telecommunications,Large business,2,
2012,Southbank,Information Media and Telecommunications,Medium business,13,858
2012,Southbank,Manufacturing,Large business,4,4535
2012,Southbank,Manufacturing,Medium business,5,540
2012,Southbank,Mining,Large business,2,
2012,Southbank,"Professional, Scientific and Technical Services",Large business,6,3245
2012,Southbank,"Rental, Hiring and Real Estate Services",Medium business,3,183
2012,Southbank,"Rental, Hiring and Real Estate Services",Non employing,3,0
2012,Southbank,Retail Trade,Non employing,2,
2012,Southbank,"Transport, Postal and Warehousing",Large business,1,
2012,Southbank,"Transport, Postal and Warehousing",Medium business,4,178
2012,Southbank,"Transport, Postal and Warehousing",Non employing,1,
2012,Southbank,Wholesale Trade,Medium business,2,
2012,West Melbourne (Industrial),Accommodation and Food Services,Medium business,2,
2012,West Melbourne (Industrial),Accommodation and Food Services,Small business,6,45
2012,West Melbourne (Industrial),Arts and Recreation Services,Medium business,1,
2012,West Melbourne (Industrial),Education and Training,Small business,1,
2012,West Melbourne (Industrial),Information Media and Telecommunications,Non employing,3,0
2012,West Melbourne (Industrial),Other Services,Small business,5,43
2012,West Melbourne (Industrial),Public Administration and Safety,Medium business,2,
2012,West Melbourne (Industrial),Public Administration and Safety,Small business,2,
2012,West Melbourne (Industrial),"Rental, Hiring and Real Estate Services",Small business,7,77
2012,West Melbourne (Industrial),"Transport, Postal and Warehousing",Non employing,13,0
2012,West Melbourne (Industrial),"Transport, Postal and Warehousing",Small business,26,222
2012,West Melbourne (Industrial),Wholesale Trade,Small business,168,1824
2012,West Melbourne (Residential),Accommodation and Food Services,Small business,58,297
2012,West Melbourne (Residential),Construction,Medium business,2,
2012,West Melbourne (Residential),Construction,Small business,10,82
2012,West Melbourne (Residential),Education and Training,Non employing,1,
2012,West Melbourne (Residential),Financial and Insurance Services,Large business,1,
2012,West Melbourne (Residential),Health Care and Social Assistance,Large business,1,
2012,West Melbourne (Residential),Health Care and Social Assistance,Medium business,2,
2012,West Melbourne (Residential),Information Media and Telecommunications,Medium business,3,75
2012,West Melbourne (Residential),"Professional, Scientific and Technical Services",Large business,1,
2012,West Melbourne (Residential),"Professional, Scientific and Technical Services",Medium business,14,904
2012,West Melbourne (Residential),Public Administration and Safety,Large business,1,
2012,West Melbourne (Residential),Public Administration and Safety,Medium business,2,
2012,West Melbourne (Residential),Wholesale Trade,Small business,31,170
2013,Carlton,"Agriculture, Forestry and Fishing",Small business,1,
2013,Carlton,Arts and Recreation Services,Large business,1,
2013,Carlton,Arts and Recreation Services,Small business,19,81
2013,Carlton,"Electricity, Gas, Water and Waste Services",Non employing,14,0
2013,Carlton,Financial and Insurance Services,Small business,29,177
2013,Carlton,Health Care and Social Assistance,Large business,1,
2013,Carlton,Information Media and Telecommunications,Medium business,7,306
2013,Carlton,Other Services,Large business,3,714
2013,Carlton,"Professional, Scientific and Technical Services",Medium business,14,383
2013,Carlton,Public Administration and Safety,Small business,11,58
2013,Carlton,Wholesale Trade,Large business,1,
2013,Docklands,Accommodation and Food Services,Large business,1,
2013,Docklands,Accommodation and Food Services,Small business,150,1176
2013,Docklands,Administrative and Support Services,Large business,1,
2013,Docklands,Administrative and Support Services,Non employing,4,0
2013,Docklands,Arts and Recreation Services,Medium business,4,158
2013,Docklands,Arts and Recreation Services,Non employing,10,0
2013,Docklands,Construction,Non employing,2,
2013,Docklands,Education and Training,Medium business,2,
2013,Docklands,Education and Training,Small business,9,58
2013,Docklands,"Electricity, Gas, Water and Waste Services",Non employing,10,0
2013,Docklands,Financial and Insurance Services,Medium business,5,344
2013,Docklands,Health Care and Social Assistance,Medium business,2,
2013,Docklands,Health Care and Social Assistance,Small business,18,93
2013,Docklands,Information Media and Telecommunications,Large business,7,4520
2013,Docklands,Manufacturing,Medium business,4,151
2013,Docklands,Manufacturing,Small business,10,48
2013,Docklands,Other Services,Small business,42,136
2013,Docklands,"Professional, Scientific and Technical Services",Small business,92,468
2013,Docklands,Retail Trade,Large business,2,
2013,Docklands,Retail Trade,Non employing,3,0
2013,Docklands,"Transport, Postal and Warehousing",Medium business,6,196
2013,Docklands,"Transport, Postal and Warehousing",Small business,22,132
2013,Docklands,Wholesale Trade,Large business,2,
2013,East Melbourne,Arts and Recreation Services,Medium business,8,460
2013,East Melbourne,Construction,Medium business,1,
2013,East Melbourne,Education and Training,Large business,1,
2013,East Melbourne,"Electricity, Gas, Water and Waste Services",Non employing,6,0
2013,East Melbourne,Financial and Insurance Services,Medium business,8,421
2013,East Melbourne,Information Media and Telecommunications,Medium business,1,
2013,East Melbourne,Information Media and Telecommunications,Small business,3,24
2013,East Melbourne,Other Services,Non employing,6,0
2013,East Melbourne,Other Services,Small business,36,163
2013,East Melbourne,"Professional, Scientific and Technical Services",Non employing,1,
2013,East Melbourne,Public Administration and Safety,Medium business,9,645
2013,East Melbourne,Public Administration and Safety,Non employing,1,
2013,East Melbourne,Public Administration and Safety,Small business,3,36
2013,East Melbourne,"Rental, Hiring and Real Estate Services",Small business,6,31
2013,East Melbourne,"Transport, Postal and Warehousing",Small business,2,
2013,East Melbourne,Wholesale Trade,Medium business,1,
2013,Kensington,Accommodation and Food Services,Small business,36,171
2013,Kensington,"Agriculture, Forestry and Fishing",Small business,3,7
2013,Kensington,Arts and Recreation Services,Non employing,55,0
2013,Kensington,Construction,Medium business,3,130
2013,Kensington,"Electricity, Gas, Water and Waste Services",Non employing,9,0
2013,Kensington,Health Care and Social Assistance,Medium business,6,363
2013,Kensington,Health Care and Social Assistance,Small business,16,113
2013,Kensington,Information Media and Telecommunications,Small business,5,45
2013,Kensington,Manufacturing,Medium business,9,391
2013,Kensington,Other Services,Small business,38,164
2013,Kensington,"Rental, Hiring and Real Estate Services",Medium business,1,
2013,Kensington,Retail Trade,Medium business,3,335
2013,Kensington,"Transport, Postal and Warehousing",Medium business,2,
2013,Kensington,Wholesale Trade,Small business,26,186
2013,Melbourne (CBD),Accommodation and Food Services,Large business,5,1717
2013,Melbourne (CBD),Accommodation and Food Services,Small business,1353,10081
2013,Melbourne (CBD),Administrative and Support Services,Medium business,81,4135
2013,Melbourne (CBD),Arts and Recreation Services,Medium business,28,1914
2013,Melbourne (CBD),Arts and Recreation Services,Non employing,14,0
2013,Melbourne (CBD),Construction,Large business,2,
2013,Melbourne (CBD),Construction,Non employing,2,
2013,Melbourne (CBD),Construction,Small business,77,530
2013,Melbourne (CBD),Education and Training,Large business,10,3092
2013,Melbourne (CBD),"Electricity, Gas, Water and Waste Services",Large business,9,6103
2013,Melbourne (CBD),"Electricity, Gas, Water and Waste Services",Small business,8,65
2013,Melbourne (CBD),Financial and Insurance Services,Large business,38,28394
2013,Melbourne (CBD),Information Media and Telecommunications,Non employing,4,0
2013,Melbourne (CBD),Information Media and Telecommunications,Small business,93,606
2013,Melbourne (CBD),Manufacturing,Small business,256,834
2013,Melbourne (CBD),Other Services,Small business,715,3064
2013,Melbourne (CBD),"Professional, Scientific and Technical Services",Small business,1444,8780
2013,Melbourne (CBD),"Rental, Hiring and Real Estate Services",Medium business,30,1603
2013,Melbourne (CBD),Retail Trade,Medium business,67,2672
2013,Melbourne (CBD),Retail Trade,Non employing,19,0
2013,Melbourne (CBD),Retail Trade,Small business,1463,7238
2013,Melbourne (CBD),"Transport, Postal and Warehousing",Non employing,16,0
2013,Melbourne (CBD),"Transport, Postal and Warehousing",Small business,59,413
2013,Melbourne (Remainder),Accommodation and Food Services,Large business,4,3492
2013,Melbourne (Remainder),Administrative and Support Services,Medium business,1,
2013,Melbourne (Remainder),Administrative and Support Services,Non employing,1,
2013,Melbourne (Remainder),Administrative and Support Services,Small business,19,112
2013,Melbourne (Remainder),Construction,Non employing,1,
2013,Melbourne (Remainder),Education and Training,Large business,3,1160
2013,Melbourne (Remainder),Education and Training,Small business,7,64
2013,Melbourne (Remainder),"Electricity, Gas, Water and Waste Services",Non employing,2,
2013,Melbourne (Remainder),Financial and Insurance Services,Large business,3,2197
2013,Melbourne (Remainder),Health Care and Social Assistance,Medium business,5,210
2013,Melbourne (Remainder),Health Care and Social Assistance,Small business,58,248
2013,Melbourne (Remainder),Mining,Small business,1,
2013,Melbourne (Remainder),Other Services,Medium business,3,133
2013,Melbourne (Remainder),Other Services,Small business,20,97
2013,Melbourne (Remainder),"Professional, Scientific and Technical Services",Small business,51,387
2013,Melbourne (Remainder),Public Administration and Safety,Medium business,3,132
2013,Melbourne (Remainder),"Rental, Hiring and Real Estate Services",Small business,9,48
2013,Melbourne (Remainder),Wholesale Trade,Small business,5,23
2013,North Melbourne,Accommodation and Food Services,Small business,98,547
2013,North Melbourne,Construction,Small business,41,254
2013,North Melbourne,"Electricity, Gas, Water and Waste Services",Medium business,1,
2013,North Melbourne,"Electricity, Gas, Water and Waste Services",Small business,1,
2013,North Melbourne,Financial and Insurance Services,Medium business,2,
2013,North Melbourne,Information Media and Telecommunications,Medium business,2,
2013,North Melbourne,Manufacturing,Medium business,10,428
2013,North Melbourne,Other Services,Non employing,10,0
2013,North Melbourne,"Professional, Scientific and Technical Services",Non employing,3,0
2013,North Melbourne,"Professional, Scientific and Technical Services",Small business,132,691
2013,North Melbourne,Public Administration and Safety,Medium business,6,273
2013,North Melbourne,Public Administration and Safety,Small business,8,35
2013,North Melbourne,Retail Trade,Small business,99,411
2013,North Melbourne,"Transport, Postal and Warehousing",Medium business,4,128
2013,North Melbourne,"Transport, Postal and Warehousing",Non employing,3,0
2013,Parkville,Administrative and Support Services,Non employing,1,
2013,Parkville,Administrative and Support Services,Small business,2,
2013,Parkville,Arts and Recreation Services,Medium business,1,
2013,Parkville,Arts and Recreation Services,Small business,6,62
2013,Parkville,Education and Training,Medium business,8,353
2013,Parkville,Education and Training,Non employing,1,
2013,Parkville,Information Media and Telecommunications,Small business,2,
2013,Parkville,Other Services,Non employing,5,0
2013,Parkville,"Professional, Scientific and Technical Services",Large business,1,
2013,Parkville,"Professional, Scientific and Technical Services",Medium business,8,595
2013,Parkville,"Professional, Scientific and Technical Services",Small business,11,66
2013,Parkville,Public Administration and Safety,Small business,1,
2013,Parkville,"Rental, Hiring and Real Estate Services",Medium business,1,
2013,Parkville,"Transport, Postal and Warehousing",Small business,4,11
2013,Port Melbourne,Accommodation and Food Services,Medium business,4,123
2013,Port Melbourne,Accommodation and Food Services,Small business,17,123
2013,Port Melbourne,Construction,Medium business,11,489
2013,Port Melbourne,Construction,Non employing,5,0
2013,Port Melbourne,Construction,Small business,42,251
2013,Port Melbourne,Education and Training,Non employing,2,
2013,Port Melbourne,Education and Training,Small business,5,15
2013,Port Melbourne,"Electricity, Gas, Water and Waste Services",Non employing,6,0
2013,Port Melbourne,Financial and Insurance Services,Small business,11,50
2013,Port Melbourne,Health Care and Social Assistance,Small business,4,39
2013,Port Melbourne,Information Media and Telecommunications,Large business,1,
2013,Port Melbourne,Other Services,Non employing,1,
2013,Port Melbourne,"Professional, Scientific and Technical Services",Small business,58,380
2013,Port Melbourne,Public Administration and Safety,Large business,1,
2013,Port Melbourne,Public Administration and Safety,Medium business,3,139
2013,Port Melbourne,"Rental, Hiring and Real Estate Services",Small business,12,81
2013,Port Melbourne,Retail Trade,Medium business,4,243
2013,South Yarra,Accommodation and Food Services,Medium business,2,
2013,South Yarra,Education and Training,Medium business,3,97
2013,South Yarra,Education and Training,Non employing,6,0
2013,South Yarra,Education and Training,Small business,4,50
2013,South Yarra,"Electricity, Gas, Water and Waste Services",Non employing,5,0
2013,South Yarra,Information Media and Telecommunications,Non employing,1,
2013,Southbank,Accommodation and Food Services,Medium business,59,2562
2013,Southbank,Arts and Recreation Services,Non employing,8,0
2013,Southbank,Arts and Recreation Services,Small business,18,93
2013,Southbank,Construction,Small business,20,139
2013,Southbank,Information Media and Telecommunications,Medium business,9,520
2013,Southbank,Other Services,Non employing,20,0
2013,Southbank,"Professional, Scientific and Technical Services",Medium business,59,3531
2013,Southbank,"Professional, Scientific and Technical Services",Small business,69,600
2013,Southbank,Public Administration and Safety,Small business,3,31
2013,Southbank,"Rental, Hiring and Real Estate Services",Non employing,3,0
2013,Southbank,Retail Trade,Medium business,9,507
2013,Southbank,"Transport, Postal and Warehousing",Large business,1,
2013,Southbank,"Transport, Postal and Warehousing",Non employing,1,
2013,Southbank,Wholesale Trade,Large business,2,
2013,West Melbourne (Industrial),Arts and Recreation Services,Non employing,8,0
2013,West Melbourne (Industrial),Arts and Recreation Services,Small business,3,16
2013,West Melbourne (Industrial),Construction,Non employing,1,
2013,West Melbourne (Industrial),"Electricity, Gas, Water and Waste Services",Medium business,2,
2013,West Melbourne (Industrial),"Electricity, Gas, Water and Waste Services",Small business,3,19
2013,West Melbourne (Industrial),Financial and Insurance Services,Medium business,1,
2013,West Melbourne (Industrial),Information Media and Telecommunications,Medium business,1,
2013,West Melbourne (Industrial),Manufacturing,Medium business,5,121
2013,West Melbourne (Industrial),Other Services,Small business,5,43
2013,West Melbourne (Industrial),Public Administration and Safety,Medium business,2,
2013,West Melbourne (Industrial),"Rental, Hiring and Real Estate Services",Medium business,4,111
2013,West Melbourne (Industrial),"Rental, Hiring and Real Estate Services",Small business,7,77
2013,West Melbourne (Industrial),Retail Trade,Small business,9,70
2013,West Melbourne (Industrial),"Transport, Postal and Warehousing",Large business,4,1692
2013,West Melbourne (Residential),Administrative and Support Services,Medium business,3,376
2013,West Melbourne (Residential),Construction,Non employing,1,
2013,West Melbourne (Residential),Education and Training,Non employing,1,
2013,West Melbourne (Residential),"Electricity, Gas, Water and Waste Services",Non employing,8,0
2013,West Melbourne (Residential),Financial and Insurance Services,Large business,1,
2013,West Melbourne (Residential),Financial and Insurance Services,Non employing,1,
2013,West Melbourne (Residential),Health Care and Social Assistance,Medium business,2,
2013,West Melbourne (Residential),Information Media and Telecommunications,Small business,9,73
2013,West Melbourne (Residential),Manufacturing,Small business,13,76
2013,West Melbourne (Residential),Other Services,Medium business,5,162
2013,West Melbourne (Residential),"Professional, Scientific and Technical Services",Large business,1,
2013,West Melbourne (Residential),Public Administration and Safety,Medium business,2,
2013,West Melbourne (Residential),"Rental, Hiring and Real Estate Services",Small business,6,50
2013,West Melbourne (Residential),Retail Trade,Medium business,1,
2013,West Melbourne (Residential),Retail Trade,Small business,41,161
2013,West Melbourne (Residential),"Transport, Postal and Warehousing",Non employing,1,
2014,Carlton,Administrative and Support Services,Medium business,7,209
2014,Carlton,Construction,Medium business,2,
2014,Carlton,Construction,Non employing,1,
2014,Carlton,Education and Training,Large business,7,1793
2014,Carlton,Financial and Insurance Services,Small business,35,216
2014,Carlton,Health Care and Social Assistance,Medium business,12,843
2014,Carlton,Information Media and Telecommunications,Non employing,1,
2014,Carlton,Information Media and Telecommunications,Small business,10,76
2014,Carlton,Manufacturing,Small business,25,140
2014,Carlton,Other Services,Small business,104,494
2014,Carlton,Public Administration and Safety,Large business,1,
2014,Carlton,Public Administration and Safety,Small business,9,56
2014,Carlton,Wholesale Trade,Medium business,4,251
2014,Carlton,Wholesale Trade,Small business,19,81
2014,Docklands,Accommodation and Food Services,Non employing,8,0
2014,Docklands,Administrative and Support Services,Large business,1,
2014,Docklands,Administrative and Support Services,Small business,23,106
2014,Docklands,Arts and Recreation Services,Small business,27,150
2014,Docklands,Construction,Large business,1,
2014,Docklands,Construction,Non employing,1,
2014,Docklands,Construction,Small business,12,59
2014,Docklands,Financial and Insurance Services,Medium business,5,470
2014,Docklands,Financial and Insurance Services,Small business,19,116
2014,Docklands,Manufacturing,Large business,1,
2014,Docklands,"Professional, Scientific and Technical Services",Medium business,13,486
2014,Docklands,"Rental, Hiring and Real Estate Services",Small business,48,288
2014,Docklands,"Transport, Postal and Warehousing",Medium business,4,143
2014,Docklands,"Transport, Postal and Warehousing",Non employing,4,0
2014,Docklands,"Transport, Postal and Warehousing",Small business,25,162
2014,Docklands,Wholesale Trade,Large business,2,
2014,East Melbourne,Accommodation and Food Services,Large business,3,3242
2014,East Melbourne,Accommodation and Food Services,Medium business,3,152
2014,East Melbourne,Arts and Recreation Services,Large business,1,
2014,East Melbourne,Arts and Recreation Services,Non employing,18,0
2014,East Melbourne,Education and Training,Medium business,5,428
2014,East Melbourne,Education and Training,Small business,6,77
2014,East Melbourne,Health Care and Social Assistance,Large business,6,5084
2014,East Melbourne,Health Care and Social Assistance,Medium business,24,1134
2014,East Melbourne,Health Care and Social Assistance,Small business,205,1158
2014,East Melbourne,Manufacturing,Large business,1,
2014,East Melbourne,Manufacturing,Small business,2,
2014,East Melbourne,Other Services,Medium business,9,524
2014,East Melbourne,Other Services,Small business,34,146
2014,East Melbourne,"Professional, Scientific and Technical Services",Large business,2,
2014,East Melbourne,"Professional, Scientific and Technical Services",Small business,55,446
2014,East Melbourne,Public Administration and Safety,Medium business,12,799
2014,East Melbourne,Retail Trade,Small business,13,70
2014,Kensington,Accommodation and Food Services,Non employing,1,
2014,Kensington,Administrative and Support Services,Non employing,1,
2014,Kensington,Administrative and Support Services,Small business,5,34
2014,Kensington,Arts and Recreation Services,Large business,1,
2014,Kensington,Arts and Recreation Services,Medium business,13,647
2014,Kensington,Arts and Recreation Services,Small business,14,66
2014,Kensington,Construction,Small business,19,131
2014,Kensington,"Electricity, Gas, Water and Waste Services",Non employing,9,0
2014,Kensington,Health Care and Social Assistance,Medium business,6,363
2014,Kensington,Information Media and Telecommunications,Non employing,3,0
2014,Kensington,Information Media and Telecommunications,Small business,5,45
2014,Kensington,Manufacturing,Medium business,9,391
2014,Kensington,Manufacturing,Small business,25,123
2014,Kensington,Other Services,Non employing,4,0
2014,Kensington,Other Services,Small business,38,164
2014,Kensington,Public Administration and Safety,Medium business,3,291
2014,Kensington,Public Administration and Safety,Small business,2,
2014,Kensington,"Rental, Hiring and Real Estate Services",Medium business,1,
2014,Kensington,Retail Trade,Medium business,3,335
2014,Kensington,Retail Trade,Small business,40,178
2014,Kensington,Wholesale Trade,Medium business,2,
2014,Kensington,Wholesale Trade,Small business,26,186
2014,Melbourne (CBD),Accommodation and Food Services,Small business,1408,10567
2014,Melbourne (CBD),Administrative and Support Services,Large business,5,3946
2014,Melbourne (CBD),"Agriculture, Forestry and Fishing",Non employing,1,
2014,Melbourne (CBD),Arts and Recreation Services,Medium business,27,1689
2014,Melbourne (CBD),Arts and Recreation Services,Small business,110,566
2014,Melbourne (CBD),Construction,Small business,68,449
2014,Melbourne (CBD),Education and Training,Large business,11,3419
2014,Melbourne (CBD),Education and Training,Non employing,3,0
2014,Melbourne (CBD),Education and Training,Small business,172,1185
2014,Melbourne (CBD),"Electricity, Gas, Water and Waste Services",Non employing,38,0
2014,Melbourne (CBD),Financial and Insurance Services,Non employing,5,0
2014,Melbourne (CBD),Health Care and Social Assistance,Non employing,4,0
2014,Melbourne (CBD),Manufacturing,Small business,239,802
2014,Melbourne (CBD),Other Services,Medium business,38,1633
2014,Melbourne (CBD),Other Services,Non employing,73,0
2014,Melbourne (CBD),"Professional, Scientific and Technical Services",Large business,42,21166
2014,Melbourne (CBD),"Professional, Scientific and Technical Services",Small business,1413,8568
2014,Melbourne (CBD),Public Administration and Safety,Small business,55,411
2014,Melbourne (CBD),Retail Trade,Large business,5,1899
2014,Melbourne (CBD),Retail Trade,Medium business,70,3126
2014,Melbourne (CBD),"Transport, Postal and Warehousing",Large business,6,3785
2014,Melbourne (CBD),"Transport, Postal and Warehousing",Non employing,18,0
2014,Melbourne (CBD),"Transport, Postal and Warehousing",Small business,57,425
2014,Melbourne (Remainder),Accommodation and Food Services,Large business,4,3492
2014,Melbourne (Remainder),Administrative and Support Services,Large business,1,
2014,Melbourne (Remainder),Arts and Recreation Services,Non employing,27,0
2014,Melbourne (Remainder),Construction,Medium business,4,195
2014,Melbourne (Remainder),Education and Training,Large business,3,1160
2014,Melbourne (Remainder),Education and Training,Medium business,2,
2014,Melbourne (Remainder),Financial and Insurance Services,Large business,3,2197
2014,Melbourne (Remainder),Financial and Insurance Services,Small business,28,229
2014,Melbourne (Remainder),Health Care and Social Assistance,Medium business,5,210
2014,Melbourne (Remainder),Information Media and Telecommunications,Small business,6,42
2014,Melbourne (Remainder),Manufacturing,Medium business,1,
2014,Melbourne (Remainder),Manufacturing,Small business,11,41
2014,Melbourne (Remainder),"Professional, Scientific and Technical Services",Medium business,21,1154
2014,Melbourne (Remainder),Retail Trade,Medium business,1,
2014,Melbourne (Remainder),Retail Trade,Small business,16,76
2014,Melbourne (Remainder),"Transport, Postal and Warehousing",Medium business,1,
2014,Melbourne (Remainder),"Transport, Postal and Warehousing",Non employing,1,
2014,Melbourne (Remainder),Wholesale Trade,Small business,5,23
2014,North Melbourne,"Agriculture, Forestry and Fishing",Small business,1,
2014,North Melbourne,Arts and Recreation Services,Medium business,3,206
2014,North Melbourne,Arts and Recreation Services,Non employing,14,0
2014,North Melbourne,Construction,Medium business,9,426
2014,North Melbourne,Education and Training,Small business,23,203
2014,North Melbourne,Health Care and Social Assistance,Large business,1,
2014,North Melbourne,Information Media and Telecommunications,Non employing,2,
2014,North Melbourne,Information Media and Telecommunications,Small business,19,111
2014,North Melbourne,Manufacturing,Small business,46,188
2014,North Melbourne,"Transport, Postal and Warehousing",Small business,23,169
2014,North Melbourne,Wholesale Trade,Medium business,7,240
2014,North Melbourne,Wholesale Trade,Small business,60,335
2014,Parkville,Accommodation and Food Services,Medium business,15,865
2014,Parkville,Accommodation and Food Services,Small business,55,388
2014,Parkville,Education and Training,Large business,3,4238
2014,Parkville,Education and Training,Medium business,8,382
2014,Parkville,Manufacturing,Small business,1,
2014,Parkville,Other Services,Medium business,3,84
2014,Parkville,Other Services,Non employing,6,0
2014,Parkville,Other Services,Small business,14,78
2014,Parkville,Public Administration and Safety,Medium business,3,217
2014,Parkville,Retail Trade,Small business,20,122
2014,Parkville,"Transport, Postal and Warehousing",Small business,3,8
2014,Port Melbourne,Accommodation and Food Services,Medium business,4,123
2014,Port Melbourne,Administrative and Support Services,Medium business,2,
2014,Port Melbourne,Administrative and Support Services,Small business,12,75
2014,Port Melbourne,"Agriculture, Forestry and Fishing",Small business,2,
2014,Port Melbourne,Arts and Recreation Services,Small business,6,39
2014,Port Melbourne,Education and Training,Non employing,2,
2014,Port Melbourne,Financial and Insurance Services,Small business,11,50
2014,Port Melbourne,Health Care and Social Assistance,Small business,4,39
2014,Port Melbourne,Manufacturing,Non employing,2,
2014,Port Melbourne,Other Services,Medium business,4,102
2014,Port Melbourne,"Professional, Scientific and Technical Services",Medium business,12,455
2014,Port Melbourne,"Professional, Scientific and Technical Services",Small business,58,380
2014,Port Melbourne,"Rental, Hiring and Real Estate Services",Small business,12,81
2014,Port Melbourne,Retail Trade,Medium business,4,243
2014,Port Melbourne,Wholesale Trade,Large business,2,
2014,Port Melbourne,Wholesale Trade,Non employing,1,
2014,South Yarra,Arts and Recreation Services,Non employing,4,0
2014,South Yarra,Arts and Recreation Services,Small business,2,
2014,South Yarra,Education and Training,Large business,1,
2014,South Yarra,Education and Training,Non employing,6,0
2014,South Yarra,Health Care and Social Assistance,Medium business,1,
2014,South Yarra,Health Care and Social Assistance,Small business,2,
2014,South Yarra,Information Media and Telecommunications,Non employing,1,
2014,South Yarra,Other Services,Non employing,1,
2014,South Yarra,Other Services,Small business,8,29
2014,South Yarra,Retail Trade,Small business,5,23
2014,Southbank,Accommodation and Food Services,Non employing,5,0
2014,Southbank,Accommodation and Food Services,Small business,133,1251
2014,Southbank,Administrative and Support Services,Large business,1,
2014,Southbank,Arts and Recreation Services,Large business,4,7059
2014,Southbank,"Electricity, Gas, Water and Waste Services",Large business,1,
2014,Southbank,"Electricity, Gas, Water and Waste Services",Medium business,3,195
2014,Southbank,Financial and Insurance Services,Small business,16,83
2014,Southbank,Information Media and Telecommunications,Medium business,9,520
2014,Southbank,Information Media and Telecommunications,Small business,11,115
2014,Southbank,Manufacturing,Large business,5,4188
2014,Southbank,Manufacturing,Small business,4,28
2014,Southbank,Mining,Large business,2,
2014,Southbank,Other Services,Medium business,2,
2014,Southbank,Other Services,Non employing,20,0
2014,Southbank,"Professional, Scientific and Technical Services",Large business,7,3312
2014,Southbank,"Professional, Scientific and Technical Services",Non employing,1,
2014,Southbank,"Professional, Scientific and Technical Services",Small business,69,600
2014,Southbank,Public Administration and Safety,Large business,1,
2014,Southbank,Public Administration and Safety,Small business,3,31
2014,Southbank,"Rental, Hiring and Real Estate Services",Non employing,3,0
2014,Southbank,Retail Trade,Medium business,9,507
2014,Southbank,Wholesale Trade,Large business,2,
2014,Southbank,Wholesale Trade,Medium business,5,203
2014,West Melbourne (Industrial),Accommodation and Food Services,Medium business,2,
2014,West Melbourne (Industrial),"Agriculture, Forestry and Fishing",Small business,1,
2014,West Melbourne (Industrial),"Electricity, Gas, Water and Waste Services",Medium business,3,164
2014,West Melbourne (Industrial),Financial and Insurance Services,Small business,1,
2014,West Melbourne (Industrial),Information Media and Telecommunications,Non employing,4,0
2014,West Melbourne (Industrial),Manufacturing,Small business,6,55
2014,West Melbourne (Industrial),Other Services,Small business,7,48
2014,West Melbourne (Industrial),"Professional, Scientific and Technical Services",Small business,4,41
2014,West Melbourne (Industrial),"Rental, Hiring and Real Estate Services",Medium business,4,106
2014,West Melbourne (Industrial),Retail Trade,Small business,8,54
2014,West Melbourne (Industrial),"Transport, Postal and Warehousing",Large business,5,1954
2014,West Melbourne (Industrial),"Transport, Postal and Warehousing",Non employing,10,0
2014,West Melbourne (Industrial),"Transport, Postal and Warehousing",Small business,23,205
2014,West Melbourne (Industrial),Wholesale Trade,Medium business,50,2007
2014,West Melbourne (Residential),Accommodation and Food Services,Small business,59,321
2014,West Melbourne (Residential),Administrative and Support Services,Medium business,3,310
2014,West Melbourne (Residential),Construction,Small business,8,78
2014,West Melbourne (Residential),Education and Training,Medium business,7,309
2014,West Melbourne (Residential),Health Care and Social Assistance,Small business,14,86
2014,West Melbourne (Residential),Information Media and Telecommunications,Small business,10,83
2014,West Melbourne (Residential),Manufacturing,Small business,11,74
2014,West Melbourne (Residential),"Professional, Scientific and Technical Services",Non employing,3,0
2014,West Melbourne (Residential),"Professional, Scientific and Technical Services",Small business,84,501
2014,West Melbourne (Residential),Public Administration and Safety,Large business,1,
2014,West Melbourne (Residential),Public Administration and Safety,Small business,3,35
2014,West Melbourne (Residential),"Transport, Postal and Warehousing",Medium business,3,182
2014,West Melbourne (Residential),"Transport, Postal and Warehousing",Non employing,1,
2015,Carlton,Administrative and Support Services,Non employing,2,
2015,Carlton,"Agriculture, Forestry and Fishing",Small business,2,
2015,Carlton,Arts and Recreation Services,Large business,1,
2015,Carlton,Construction,Non employing,1,
2015,Carlton,Health Care and Social Assistance,Large business,1,
2015,Carlton,Health Care and Social Assistance,Medium business,12,843
2015,Carlton,Information Media and Telecommunications,Small business,10,76
2015,Carlton,Manufacturing,Medium business,3,70
2015,Carlton,Manufacturing,Small business,25,140
2015,Carlton,Other Services,Large business,1,
2015,Carlton,Public Administration and Safety,Medium business,7,766
2015,Carlton,"Rental, Hiring and Real Estate Services",Small business,22,129
2015,Carlton,Retail Trade,Medium business,4,301
2015,Carlton,"Transport, Postal and Warehousing",Small business,4,21
2015,Carlton,Wholesale Trade,Non employing,1,
2015,Docklands,Accommodation and Food Services,Large business,1,
2015,Docklands,Accommodation and Food Services,Medium business,20,907
2015,Docklands,Accommodation and Food Services,Non employing,8,0
2015,Docklands,Construction,Large business,1,
2015,Docklands,Education and Training,Medium business,3,97
2015,Docklands,Financial and Insurance Services,Small business,19,116
2015,Docklands,Health Care and Social Assistance,Medium business,3,143
2015,Docklands,Information Media and Telecommunications,Large business,7,4633
2015,Docklands,Manufacturing,Large business,1,
2015,Docklands,Manufacturing,Medium business,2,
2015,Docklands,Manufacturing,Non employing,2,
2015,Docklands,Mining,Large business,1,
2015,Docklands,Other Services,Medium business,3,316
2015,Docklands,Public Administration and Safety,Small business,3,11
2015,Docklands,"Rental, Hiring and Real Estate Services",Medium business,2,
2015,Docklands,"Rental, Hiring and Real Estate Services",Small business,48,288
2015,Docklands,Retail Trade,Large business,2,
2015,Docklands,Retail Trade,Non employing,2,
2015,East Melbourne,Administrative and Support Services,Medium business,3,199
2015,East Melbourne,Administrative and Support Services,Small business,9,45
2015,East Melbourne,Arts and Recreation Services,Medium business,8,351
2015,East Melbourne,Arts and Recreation Services,Non employing,18,0
2015,East Melbourne,Arts and Recreation Services,Small business,14,73
2015,East Melbourne,Financial and Insurance Services,Medium business,3,264
2015,East Melbourne,Manufacturing,Medium business,2,
2015,East Melbourne,Manufacturing,Small business,2,
2015,East Melbourne,Mining,Small business,1,
2015,East Melbourne,"Professional, Scientific and Technical Services",Non employing,1,
2015,Kensington,Accommodation and Food Services,Small business,42,189
2015,Kensington,"Agriculture, Forestry and Fishing",Small business,2,
2015,Kensington,Arts and Recreation Services,Medium business,16,759
2015,Kensington,"Electricity, Gas, Water and Waste Services",Non employing,10,0
2015,Kensington,Health Care and Social Assistance,Medium business,5,253
2015,Kensington,Information Media and Telecommunications,Medium business,1,
2015,Kensington,Other Services,Medium business,1,
2015,Kensington,"Professional, Scientific and Technical Services",Medium business,7,333
2015,Kensington,"Rental, Hiring and Real Estate Services",Small business,12,66
2015,Kensington,Retail Trade,Small business,36,174
2015,Kensington,"Transport, Postal and Warehousing",Medium business,4,155
2015,Kensington,"Transport, Postal and Warehousing",Non employing,6,0
2015,Kensington,Wholesale Trade,Non employing,4,0
2015,Kensington,Wholesale Trade,Small business,25,171
2015,Melbourne (CBD),Accommodation and Food Services,Non employing,16,0
2015,Melbourne (CBD),Accommodation and Food Services,Small business,1440,11062
2015,Melbourne (CBD),Administrative and Support Services,Medium business,82,4325
2015,Melbourne (CBD),"Agriculture, Forestry and Fishing",Small business,5,29
2015,Melbourne (CBD),Arts and Recreation Services,Large business,4,1194
2015,Melbourne (CBD),Construction,Medium business,20,709
2015,Melbourne (CBD),Health Care and Social Assistance,Medium business,40,1704
2015,Melbourne (CBD),Health Care and Social Assistance,Non employing,4,0
2015,Melbourne (CBD),Information Media and Telecommunications,Small business,72,551
2015,Melbourne (CBD),Manufacturing,Non employing,2,
2015,Melbourne (CBD),Mining,Medium business,8,407
2015,Melbourne (CBD),Other Services,Large business,3,768
2015,Melbourne (CBD),Other Services,Small business,760,3381
2015,Melbourne (CBD),"Professional, Scientific and Technical Services",Small business,1422,8838
2015,Melbourne (CBD),Public Administration and Safety,Medium business,77,6462
2015,Melbourne (CBD),"Rental, Hiring and Real Estate Services",Large business,1,
2015,Melbourne (CBD),"Rental, Hiring and Real Estate Services",Non employing,12,0
2015,Melbourne (CBD),"Rental, Hiring and Real Estate Services",Small business,168,1036
2015,Melbourne (CBD),Retail Trade,Non employing,14,0
2015,Melbourne (CBD),"Transport, Postal and Warehousing",Non employing,16,0
2015,Melbourne (CBD),Wholesale Trade,Medium business,7,353
2015,Melbourne (CBD),Wholesale Trade,Small business,105,502
2015,Melbourne (Remainder),Accommodation and Food Services,Large business,5,1911
2015,Melbourne (Remainder),Accommodation and Food Services,Small business,42,284
2015,Melbourne (Remainder),Arts and Recreation Services,Non employing,28,0
2015,Melbourne (Remainder),Information Media and Telecommunications,Medium business,4,164
2015,Melbourne (Remainder),"Professional, Scientific and Technical Services",Large business,6,3295
2015,Melbourne (Remainder),Public Administration and Safety,Small business,5,63
2015,Melbourne (Remainder),"Rental, Hiring and Real Estate Services",Small business,9,52
2015,Melbourne (Remainder),Retail Trade,Medium business,1,
2015,North Melbourne,Arts and Recreation Services,Small business,36,117
2015,North Melbourne,Construction,Medium business,9,426
2015,North Melbourne,Education and Training,Non employing,1,
2015,North Melbourne,Education and Training,Small business,23,203
2015,North Melbourne,"Electricity, Gas, Water and Waste Services",Medium business,1,
2015,North Melbourne,Financial and Insurance Services,Medium business,3,76
2015,North Melbourne,Health Care and Social Assistance,Large business,1,
2015,North Melbourne,Manufacturing,Non employing,5,0
2015,North Melbourne,Other Services,Medium business,8,255
2015,North Melbourne,Other Services,Small business,116,490
2015,North Melbourne,"Professional, Scientific and Technical Services",Large business,1,
2015,North Melbourne,"Professional, Scientific and Technical Services",Medium business,19,807
2015,North Melbourne,Public Administration and Safety,Medium business,7,351
2015,North Melbourne,Public Administration and Safety,Small business,8,40
2015,North Melbourne,"Rental, Hiring and Real Estate Services",Medium business,3,183
2015,North Melbourne,Retail Trade,Medium business,3,180
2015,North Melbourne,Retail Trade,Non employing,4,0
2015,North Melbourne,"Transport, Postal and Warehousing",Medium business,3,85
2015,North Melbourne,"Transport, Postal and Warehousing",Non employing,5,0
2015,North Melbourne,Wholesale Trade,Small business,60,335
2015,Parkville,Construction,Medium business,1,
2015,Parkville,"Electricity, Gas, Water and Waste Services",Non employing,6,0
2015,Parkville,Health Care and Social Assistance,Non employing,1,
2015,Parkville,Manufacturing,Small business,1,
2015,Parkville,Other Services,Medium business,3,84
2015,Parkville,Other Services,Non employing,6,0
2015,Parkville,"Professional, Scientific and Technical Services",Large business,1,
2015,Parkville,"Professional, Scientific and Technical Services",Medium business,7,456
2015,Parkville,"Professional, Scientific and Technical Services",Small business,13,64
2015,Parkville,"Rental, Hiring and Real Estate Services",Medium business,1,
2015,Parkville,"Transport, Postal and Warehousing",Non employing,2,
2015,Port Melbourne,Accommodation and Food Services,Small business,17,98
2015,Port Melbourne,Administrative and Support Services,Medium business,3,230
2015,Port Melbourne,Construction,Small business,38,227
2015,Port Melbourne,"Electricity, Gas, Water and Waste Services",Non employing,6,0
2015,Port Melbourne,Health Care and Social Assistance,Medium business,2,
2015,Port Melbourne,Manufacturing,Large business,7,3929
2015,Port Melbourne,Manufacturing,Non employing,3,0
2015,Port Melbourne,Manufacturing,Small business,58,410
2015,Port Melbourne,"Professional, Scientific and Technical Services",Medium business,11,415
2015,Port Melbourne,"Professional, Scientific and Technical Services",Small business,70,461
2015,Port Melbourne,Public Administration and Safety,Medium business,4,160
2015,Port Melbourne,"Rental, Hiring and Real Estate Services",Medium business,4,96
2015,Port Melbourne,Retail Trade,Medium business,3,174
2015,Port Melbourne,Retail Trade,Small business,20,113
2015,Port Melbourne,"Transport, Postal and Warehousing",Large business,1,
2015,Port Melbourne,Wholesale Trade,Large business,1,
2015,Port Melbourne,Wholesale Trade,Non employing,1,
2015,Port Melbourne,Wholesale Trade,Small business,58,475
2015,South Yarra,Education and Training,Non employing,6,0
2015,South Yarra,Education and Training,Small business,4,32
2015,South Yarra,"Electricity, Gas, Water and Waste Services",Non employing,5,0
2015,Southbank,Accommodation and Food Services,Large business,4,2351
2015,Southbank,Accommodation and Food Services,Medium business,65,2711
2015,Southbank,Administrative and Support Services,Medium business,9,410
2015,Southbank,Administrative and Support Services,Small business,15,100
2015,Southbank,Arts and Recreation Services,Non employing,8,0
2015,Southbank,Arts and Recreation Services,Small business,15,73
2015,Southbank,Education and Training,Medium business,12,768
2015,Southbank,Financial and Insurance Services,Large business,1,
2015,Southbank,Health Care and Social Assistance,Small business,21,140
2015,Southbank,Information Media and Telecommunications,Large business,2,
2015,Southbank,Mining,Large business,2,
2015,Southbank,Other Services,Medium business,1,
2015,Southbank,Other Services,Non employing,23,0
2015,Southbank,Public Administration and Safety,Small business,2,
2015,Southbank,"Rental, Hiring and Real Estate Services",Non employing,2,
2015,Southbank,"Rental, Hiring and Real Estate Services",Small business,26,151
2015,Southbank,Retail Trade,Small business,219,1424
2015,Southbank,"Transport, Postal and Warehousing",Medium business,7,266
2015,Southbank,Wholesale Trade,Medium business,6,220
2015,West Melbourne (Industrial),Accommodation and Food Services,Medium business,2,
2015,West Melbourne (Industrial),Accommodation and Food Services,Small business,7,42
2015,West Melbourne (Industrial),Arts and Recreation Services,Small business,3,17
2015,West Melbourne (Industrial),"Electricity, Gas, Water and Waste Services",Small business,3,20
2015,West Melbourne (Industrial),Information Media and Telecommunications,Medium business,1,
2015,West Melbourne (Industrial),Manufacturing,Small business,6,55
2015,West Melbourne (Industrial),Other Services,Non employing,1,
2015,West Melbourne (Industrial),"Professional, Scientific and Technical Services",Small business,4,41
2015,West Melbourne (Industrial),Public Administration and Safety,Small business,2,
2015,West Melbourne (Industrial),"Rental, Hiring and Real Estate Services",Medium business,4,106
2015,West Melbourne (Industrial),Wholesale Trade,Medium business,50,2007
2015,West Melbourne (Residential),Accommodation and Food Services,Small business,59,321
2015,West Melbourne (Residential),Administrative and Support Services,Medium business,3,310
2015,West Melbourne (Residential),Arts and Recreation Services,Medium business,4,282
2015,West Melbourne (Residential),Construction,Medium business,1,
2015,West Melbourne (Residential),Construction,Small business,8,78
2015,West Melbourne (Residential),Financial and Insurance Services,Small business,12,68
2015,West Melbourne (Residential),Manufacturing,Medium business,5,171
2015,West Melbourne (Residential),Manufacturing,Small business,11,74
2015,West Melbourne (Residential),Mining,Small business,1,
2015,West Melbourne (Residential),"Professional, Scientific and Technical Services",Medium business,15,692
2015,West Melbourne (Residential),"Professional, Scientific and Technical Services",Non employing,3,0
2015,West Melbourne (Residential),Public Administration and Safety,Large business,1,
2015,West Melbourne (Residential),Public Administration and Safety,Medium business,1,
2015,West Melbourne (Residential),Public Administration and Safety,Small business,3,35
2015,West Melbourne (Residential),"Transport, Postal and Warehousing",Small business,16,93
2015,West Melbourne (Residential),Wholesale Trade,Medium business,3,125
2016,Carlton,Arts and Recreation Services,Medium business,4,274
2016,Carlton,Arts and Recreation Services,Non employing,21,0
2016,Carlton,Arts and Recreation Services,Small business,18,60
2016,Carlton,Construction,Medium business,1,
2016,Carlton,Education and Training,Medium business,28,2161
2016,Carlton,Financial and Insurance Services,Medium business,6,245
2016,Carlton,Financial and Insurance Services,Small business,25,186
2016,Carlton,Health Care and Social Assistance,Small business,87,429
2016,Carlton,Information Media and Telecommunications,Medium business,6,303
2016,Carlton,Information Media and Telecommunications,Non employing,1,
2016,Carlton,Manufacturing,Medium business,2,
2016,Carlton,Other Services,Medium business,16,913
2016,Carlton,Other Services,Small business,104,551
2016,Carlton,Public Administration and Safety,Medium business,7,708
2016,Carlton,Public Administration and Safety,Small business,8,56
2016,Carlton,"Rental, Hiring and Real Estate Services",Medium business,1,
2016,Carlton,Retail Trade,Small business,122,538
2016,Carlton,Wholesale Trade,Medium business,3,250
2016,Carlton,Wholesale Trade,Non employing,1,
2016,Docklands,Accommodation and Food Services,Large business,1,
2016,Docklands,Accommodation and Food Services,Small business,234,1757
2016,Docklands,"Agriculture, Forestry and Fishing",Medium business,1,
2016,Docklands,Arts and Recreation Services,Non employing,15,0
2016,Docklands,Construction,Large business,1,
2016,Docklands,Construction,Small business,18,107
2016,Docklands,Education and Training,Small business,12,87
2016,Docklands,"Electricity, Gas, Water and Waste Services",Large business,2,
2016,Docklands,"Electricity, Gas, Water and Waste Services",Non employing,9,0
2016,Docklands,"Electricity, Gas, Water and Waste Services",Small business,1,
2016,Docklands,Financial and Insurance Services,Large business,10,22315
2016,Docklands,Information Media and Telecommunications,Large business,8,4122
2016,Docklands,Information Media and Telecommunications,Medium business,6,287
2016,Docklands,Information Media and Telecommunications,Non employing,3,0
2016,Docklands,Information Media and Telecommunications,Small business,12,95
2016,Docklands,Manufacturing,Non employing,2,
2016,Docklands,Mining,Small business,1,
2016,Docklands,Other Services,Small business,54,199
2016,Docklands,Public Administration and Safety,Medium business,4,446
2016,Docklands,"Rental, Hiring and Real Estate Services",Large business,1,
2016,Docklands,Retail Trade,Small business,206,998
2016,Docklands,"Transport, Postal and Warehousing",Small business,32,210
2016,East Melbourne,Administrative and Support Services,Small business,8,36
2016,East Melbourne,Arts and Recreation Services,Small business,13,61
2016,East Melbourne,Education and Training,Medium business,6,389
2016,East Melbourne,Education and Training,Small business,4,56
2016,East Melbourne,Health Care and Social Assistance,Large business,6,4986
2016,East Melbourne,Health Care and Social Assistance,Medium business,29,1515
2016,East Melbourne,Health Care and Social Assistance,Small business,204,1245
2016,East Melbourne,Information Media and Telecommunications,Medium business,2,
2016,East Melbourne,Manufacturing,Large business,2,
2016,East Melbourne,Other Services,Small business,31,168
2016,East Melbourne,"Professional, Scientific and Technical Services",Large business,2,
2016,East Melbourne,"Professional, Scientific and Technical Services",Small business,55,421
2016,East Melbourne,Public Administration and Safety,Medium business,10,900
2016,East Melbourne,Wholesale Trade,Medium business,2,
2016,East Melbourne,Wholesale Trade,Small business,2,
2016,Kensington,Accommodation and Food Services,Medium business,4,153
2016,Kensington,"Agriculture, Forestry and Fishing",Small business,2,
2016,Kensington,Arts and Recreation Services,Medium business,16,759
2016,Kensington,Arts and Recreation Services,Non employing,55,0
2016,Kensington,Financial and Insurance Services,Small business,4,8
2016,Kensington,Health Care and Social Assistance,Medium business,5,253
2016,Kensington,Information Media and Telecommunications,Small business,7,53
2016,Kensington,Manufacturing,Small business,35,168
2016,Kensington,"Professional, Scientific and Technical Services",Large business,1,
2016,Kensington,"Professional, Scientific and Technical Services",Medium business,7,333
2016,Kensington,"Professional, Scientific and Technical Services",Small business,34,185
2016,Kensington,"Rental, Hiring and Real Estate Services",Small business,12,66
2016,Kensington,Retail Trade,Non employing,3,0
2016,Kensington,Wholesale Trade,Small business,25,171
2016,Melbourne (CBD),Accommodation and Food Services,Large business,5,1774
2016,Melbourne (CBD),Construction,Medium business,22,760
2016,Melbourne (CBD),Construction,Non employing,4,0
2016,Melbourne (CBD),Education and Training,Large business,10,3268
2016,Melbourne (CBD),Education and Training,Non employing,4,0
2016,Melbourne (CBD),"Electricity, Gas, Water and Waste Services",Medium business,8,342
2016,Melbourne (CBD),Manufacturing,Small business,234,831
2016,Melbourne (CBD),Mining,Large business,1,
2016,Melbourne (CBD),Other Services,Small business,815,3686
2016,Melbourne (CBD),"Professional, Scientific and Technical Services",Large business,45,21973
2016,Melbourne (CBD),"Rental, Hiring and Real Estate Services",Non employing,10,0
2016,Melbourne (CBD),Retail Trade,Large business,4,1689
2016,Melbourne (CBD),Retail Trade,Small business,1442,7875
2016,Melbourne (CBD),"Transport, Postal and Warehousing",Large business,7,4922
2016,Melbourne (CBD),"Transport, Postal and Warehousing",Non employing,16,0
2016,Melbourne (Remainder),Accommodation and Food Services,Large business,5,1911
2016,Melbourne (Remainder),Accommodation and Food Services,Medium business,7,314
2016,Melbourne (Remainder),Administrative and Support Services,Large business,1,
2016,Melbourne (Remainder),Financial and Insurance Services,Large business,2,
2016,Melbourne (Remainder),Information Media and Telecommunications,Medium business,4,164
2016,Melbourne (Remainder),Manufacturing,Small business,6,23
2016,Melbourne (Remainder),Retail Trade,Medium business,1,
2016,Melbourne (Remainder),"Transport, Postal and Warehousing",Medium business,1,
2016,Melbourne (Remainder),"Transport, Postal and Warehousing",Small business,5,37
2016,North Melbourne,Accommodation and Food Services,Medium business,8,233
2016,North Melbourne,Accommodation and Food Services,Small business,116,679
2016,North Melbourne,Administrative and Support Services,Medium business,4,236
2016,North Melbourne,"Agriculture, Forestry and Fishing",Small business,1,
2016,North Melbourne,Arts and Recreation Services,Medium business,3,215
2016,North Melbourne,Arts and Recreation Services,Small business,36,146
2016,North Melbourne,Education and Training,Small business,33,234
2016,North Melbourne,Health Care and Social Assistance,Large business,1,
2016,North Melbourne,Health Care and Social Assistance,Medium business,8,287
2016,North Melbourne,Information Media and Telecommunications,Medium business,3,148
2016,North Melbourne,Information Media and Telecommunications,Non employing,3,0
2016,North Melbourne,Information Media and Telecommunications,Small business,14,103
2016,North Melbourne,Manufacturing,Medium business,10,387
2016,North Melbourne,Manufacturing,Non employing,4,0
2016,North Melbourne,Manufacturing,Small business,42,182
2016,North Melbourne,"Professional, Scientific and Technical Services",Large business,2,
2016,North Melbourne,Wholesale Trade,Small business,56,333
2016,Parkville,Accommodation and Food Services,Large business,1,
2016,Parkville,Accommodation and Food Services,Medium business,12,864
2016,Parkville,Accommodation and Food Services,Non employing,2,
2016,Parkville,Administrative and Support Services,Medium business,1,
2016,Parkville,Arts and Recreation Services,Large business,1,
2016,Parkville,Education and Training,Non employing,4,0
2016,Parkville,Education and Training,Small business,19,175
2016,Parkville,Manufacturing,Small business,2,
2016,Parkville,Other Services,Medium business,4,198
2016,Parkville,"Professional, Scientific and Technical Services",Large business,1,
2016,Parkville,Retail Trade,Medium business,1,
2016,Parkville,Retail Trade,Small business,21,108
2016,Parkville,"Transport, Postal and Warehousing",Non employing,2,
2016,Port Melbourne,Accommodation and Food Services,Medium business,4,107
2016,Port Melbourne,Administrative and Support Services,Medium business,3,230
2016,Port Melbourne,Arts and Recreation Services,Small business,6,39
2016,Port Melbourne,Construction,Medium business,11,499
2016,Port Melbourne,Construction,Non employing,3,0
2016,Port Melbourne,Construction,Small business,38,227
2016,Port Melbourne,Education and Training,Medium business,1,
2016,Port Melbourne,Financial and Insurance Services,Small business,7,40
2016,Port Melbourne,Information Media and Telecommunications,Large business,1,
2016,Port Melbourne,Information Media and Telecommunications,Small business,10,82
2016,Port Melbourne,Manufacturing,Large business,7,3929
2016,Port Melbourne,Public Administration and Safety,Medium business,4,160
2016,Port Melbourne,Public Administration and Safety,Small business,7,54
2016,Port Melbourne,Wholesale Trade,Large business,1,
2016,South Yarra,Accommodation and Food Services,Small business,9,97
2016,South Yarra,Other Services,Small business,8,37
2016,South Yarra,Retail Trade,Small business,5,20
2016,Southbank,Accommodation and Food Services,Medium business,65,2711
2016,Southbank,Administrative and Support Services,Large business,1,
2016,Southbank,"Agriculture, Forestry and Fishing",Medium business,3,334
2016,Southbank,Arts and Recreation Services,Large business,6,7224
2016,Southbank,"Electricity, Gas, Water and Waste Services",Large business,1,
2016,Southbank,"Electricity, Gas, Water and Waste Services",Medium business,2,
2016,Southbank,"Electricity, Gas, Water and Waste Services",Non employing,18,0
2016,Southbank,Financial and Insurance Services,Small business,17,99
2016,Southbank,Information Media and Telecommunications,Large business,2,
2016,Southbank,Information Media and Telecommunications,Medium business,11,866
2016,Southbank,Manufacturing,Large business,3,3385
2016,Southbank,Manufacturing,Medium business,4,437
2016,Southbank,Other Services,Medium business,1,
2016,Southbank,"Professional, Scientific and Technical Services",Large business,5,2973
2016,Southbank,"Professional, Scientific and Technical Services",Medium business,64,3613
2016,Southbank,"Rental, Hiring and Real Estate Services",Medium business,5,290
2016,Southbank,Retail Trade,Medium business,10,516
2016,Southbank,Retail Trade,Non employing,3,0
2016,Southbank,Retail Trade,Small business,219,1424
2016,Southbank,"Transport, Postal and Warehousing",Large business,1,
2016,Southbank,"Transport, Postal and Warehousing",Medium business,7,266
2016,Southbank,Wholesale Trade,Large business,3,1251
2016,Southbank,Wholesale Trade,Small business,13,109
2016,West Melbourne (Industrial),Accommodation and Food Services,Small business,6,21
2016,West Melbourne (Industrial),Arts and Recreation Services,Medium business,1,
2016,West Melbourne (Industrial),"Electricity, Gas, Water and Waste Services",Non employing,7,0
2016,West Melbourne (Industrial),Manufacturing,Medium business,2,
2016,West Melbourne (Industrial),Manufacturing,Small business,7,69
2016,West Melbourne (Industrial),Other Services,Non employing,1,
2016,West Melbourne (Industrial),Other Services,Small business,5,30
2016,West Melbourne (Industrial),"Professional, Scientific and Technical Services",Medium business,2,
2016,West Melbourne (Industrial),"Rental, Hiring and Real Estate Services",Small business,2,
2016,West Melbourne (Industrial),Wholesale Trade,Medium business,4,97
2016,West Melbourne (Residential),Accommodation and Food Services,Non employing,4,0
2016,West Melbourne (Residential),Education and Training,Medium business,7,296
2016,West Melbourne (Residential),Financial and Insurance Services,Medium business,2,
2016,West Melbourne (Residential),Financial and Insurance Services,Small business,11,48
2016,West Melbourne (Residential),Health Care and Social Assistance,Large business,1,
2016,West Melbourne (Residential),Health Care and Social Assistance,Small business,14,94
2016,West Melbourne (Residential),Information Media and Telecommunications,Medium business,4,138
2016,West Melbourne (Residential),Manufacturing,Medium business,3,90
2016,West Melbourne (Residential),Manufacturing,Small business,10,90
2016,West Melbourne (Residential),Other Services,Medium business,5,231
2016,West Melbourne (Residential),Other Services,Small business,42,200
2016,West Melbourne (Residential),Public Administration and Safety,Medium business,1,
2016,West Melbourne (Residential),Public Administration and Safety,Non employing,1,
2016,West Melbourne (Residential),Public Administration and Safety,Small business,3,39
2016,West Melbourne (Residential),Retail Trade,Medium business,1,
2016,West Melbourne (Residential),"Transport, Postal and Warehousing",Non employing,1,
2016,West Melbourne (Residential),"Transport, Postal and Warehousing",Small business,14,92
2016,West Melbourne (Residential),Wholesale Trade,Small business,25,131
2017,Carlton,Administrative and Support Services,Medium business,6,176
2017,Carlton,Arts and Recreation Services,Large business,1,
2017,Carlton,Education and Training,Large business,5,1151
2017,Carlton,Education and Training,Non employing,11,0
2017,Carlton,Education and Training,Small business,53,455
2017,Carlton,Health Care and Social Assistance,Large business,3,1094
2017,Carlton,Health Care and Social Assistance,Non employing,1,
2017,Carlton,Health Care and Social Assistance,Small business,87,429
2017,Carlton,Information Media and Telecommunications,Medium business,6,303
2017,Carlton,Information Media and Telecommunications,Non employing,1,
2017,Carlton,Manufacturing,Small business,21,124
2017,Carlton,Other Services,Non employing,15,0
2017,Carlton,Other Services,Small business,103,532
2017,Carlton,"Professional, Scientific and Technical Services",Small business,127,789
2017,Carlton,"Rental, Hiring and Real Estate Services",Medium business,1,
2017,Carlton,Retail Trade,Non employing,7,0
2017,Carlton,Wholesale Trade,Medium business,3,250
2017,Docklands,Administrative and Support Services,Large business,1,
2017,Docklands,Administrative and Support Services,Small business,27,154
2017,Docklands,"Agriculture, Forestry and Fishing",Medium business,1,
2017,Docklands,Arts and Recreation Services,Medium business,4,215
2017,Docklands,Arts and Recreation Services,Small business,26,156
2017,Docklands,Construction,Medium business,3,209
2017,Docklands,Construction,Non employing,2,
2017,Docklands,"Electricity, Gas, Water and Waste Services",Small business,1,
2017,Docklands,Financial and Insurance Services,Medium business,4,293
2017,Docklands,Health Care and Social Assistance,Medium business,7,324
2017,Docklands,Health Care and Social Assistance,Small business,25,146
2017,Docklands,Information Media and Telecommunications,Large business,8,4122
2017,Docklands,Information Media and Telecommunications,Non employing,3,0
2017,Docklands,Information Media and Telecommunications,Small business,12,95
2017,Docklands,Manufacturing,Small business,12,46
2017,Docklands,Other Services,Non employing,22,0
2017,Docklands,"Professional, Scientific and Technical Services",Large business,5,4635
2017,Docklands,Public Administration and Safety,Large business,6,6546
2017,Docklands,"Rental, Hiring and Real Estate Services",Large business,1,
2017,Docklands,"Rental, Hiring and Real Estate Services",Medium business,5,151
2017,Docklands,Retail Trade,Non employing,4,0
2017,Docklands,"Transport, Postal and Warehousing",Large business,6,2725
2017,Docklands,"Transport, Postal and Warehousing",Medium business,6,250
2017,Docklands,"Transport, Postal and Warehousing",Non employing,3,0
2017,Docklands,Wholesale Trade,Large business,2,
2017,East Melbourne,Accommodation and Food Services,Large business,3,3348
2017,East Melbourne,Accommodation and Food Services,Small business,61,430
2017,East Melbourne,Administrative and Support Services,Non employing,3,0
2017,East Melbourne,Administrative and Support Services,Small business,8,36
2017,East Melbourne,Arts and Recreation Services,Large business,2,
2017,East Melbourne,Construction,Medium business,1,
2017,East Melbourne,Construction,Non employing,1,
2017,East Melbourne,Education and Training,Medium business,6,389
2017,East Melbourne,"Electricity, Gas, Water and Waste Services",Non employing,6,0
2017,East Melbourne,Financial and Insurance Services,Large business,3,968
2017,East Melbourne,Health Care and Social Assistance,Large business,6,4986
2017,East Melbourne,Health Care and Social Assistance,Non employing,3,0
2017,East Melbourne,Manufacturing,Large business,2,
2017,East Melbourne,Manufacturing,Small business,1,
2017,East Melbourne,Other Services,Non employing,10,0
2017,East Melbourne,"Professional, Scientific and Technical Services",Small business,55,421
2017,East Melbourne,Public Administration and Safety,Medium business,10,900
2017,East Melbourne,Retail Trade,Small business,12,78
2017,East Melbourne,"Transport, Postal and Warehousing",Small business,2,
2017,Kensington,Accommodation and Food Services,Medium business,4,160
2017,Kensington,Accommodation and Food Services,Small business,48,252
2017,Kensington,Administrative and Support Services,Medium business,1,
2017,Kensington,"Agriculture, Forestry and Fishing",Small business,2,
2017,Kensington,Arts and Recreation Services,Large business,1,
2017,Kensington,Arts and Recreation Services,Small business,20,124
2017,Kensington,Construction,Small business,25,161
2017,Kensington,"Electricity, Gas, Water and Waste Services",Non employing,11,0
2017,Kensington,Information Media and Telecommunications,Medium business,1,
2017,Kensington,Information Media and Telecommunications,Small business,5,37
2017,Kensington,Manufacturing,Non employing,4,0
2017,Kensington,Other Services,Medium business,3,142
2017,Kensington,Other Services,Small business,37,176
2017,Kensington,"Professional, Scientific and Technical Services",Large business,1,
2017,Kensington,"Professional, Scientific and Technical Services",Medium business,6,280
2017,Kensington,Public Administration and Safety,Small business,3,12
2017,Kensington,"Rental, Hiring and Real Estate Services",Medium business,1,
2017,Kensington,"Rental, Hiring and Real Estate Services",Non employing,1,
2017,Kensington,"Rental, Hiring and Real Estate Services",Small business,14,68
2017,Kensington,Retail Trade,Small business,36,160
2017,Kensington,"Transport, Postal and Warehousing",Medium business,2,
2017,Melbourne (CBD),Accommodation and Food Services,Large business,4,1512
2017,Melbourne (CBD),Accommodation and Food Services,Non employing,12,0
2017,Melbourne (CBD),Administrative and Support Services,Small business,315,2101
2017,Melbourne (CBD),Arts and Recreation Services,Large business,3,1166
2017,Melbourne (CBD),Construction,Non employing,4,0
2017,Melbourne (CBD),Education and Training,Large business,8,2200
2017,Melbourne (CBD),Education and Training,Small business,212,1540
2017,Melbourne (CBD),Health Care and Social Assistance,Large business,1,
2017,Melbourne (CBD),Health Care and Social Assistance,Non employing,3,0
2017,Melbourne (CBD),Manufacturing,Small business,233,811
2017,Melbourne (CBD),Mining,Large business,1,
2017,Melbourne (CBD),Other Services,Large business,1,
2017,Melbourne (CBD),Other Services,Medium business,50,2213
2017,Melbourne (CBD),"Professional, Scientific and Technical Services",Large business,41,22378
2017,Melbourne (CBD),"Professional, Scientific and Technical Services",Medium business,426,22631
2017,Melbourne (CBD),"Professional, Scientific and Technical Services",Non employing,9,0
2017,Melbourne (CBD),Public Administration and Safety,Medium business,72,5928
2017,Melbourne (CBD),Public Administration and Safety,Non employing,5,0
2017,Melbourne (CBD),Public Administration and Safety,Small business,62,486
2017,Melbourne (CBD),Retail Trade,Medium business,91,3811
2017,Melbourne (CBD),Retail Trade,Non employing,15,0
2017,Melbourne (Remainder),Accommodation and Food Services,Medium business,6,217
2017,Melbourne (Remainder),Accommodation and Food Services,Small business,39,260
2017,Melbourne (Remainder),Administrative and Support Services,Small business,10,73
2017,Melbourne (Remainder),Construction,Non employing,1,
2017,Melbourne (Remainder),"Electricity, Gas, Water and Waste Services",Medium business,1,
2017,Melbourne (Remainder),Financial and Insurance Services,Medium business,8,342
2017,Melbourne (Remainder),Financial and Insurance Services,Small business,15,95
2017,Melbourne (Remainder),Health Care and Social Assistance,Medium business,6,336
2017,Melbourne (Remainder),Health Care and Social Assistance,Non employing,2,
2017,Melbourne (Remainder),Information Media and Telecommunications,Medium business,3,123
2017,Melbourne (Remainder),Public Administration and Safety,Medium business,2,
2017,Melbourne (Remainder),"Rental, Hiring and Real Estate Services",Small business,7,34
2017,Melbourne (Remainder),Retail Trade,Medium business,1,
2017,Melbourne (Remainder),"Transport, Postal and Warehousing",Medium business,1,
2017,Melbourne (Remainder),"Transport, Postal and Warehousing",Non employing,2,
2017,North Melbourne,Administrative and Support Services,Non employing,2,
2017,North Melbourne,Construction,Small business,36,268
2017,North Melbourne,Education and Training,Medium business,7,307
2017,North Melbourne,Health Care and Social Assistance,Non employing,2,
2017,North Melbourne,Health Care and Social Assistance,Small business,94,478
2017,North Melbourne,Information Media and Telecommunications,Medium business,3,148
2017,North Melbourne,Information Media and Telecommunications,Small business,14,103
2017,North Melbourne,Other Services,Medium business,5,185
2017,North Melbourne,Other Services,Small business,121,529
2017,North Melbourne,"Professional, Scientific and Technical Services",Large business,2,
2017,North Melbourne,"Professional, Scientific and Technical Services",Medium business,18,796
2017,North Melbourne,Public Administration and Safety,Small business,8,37
2017,North Melbourne,"Rental, Hiring and Real Estate Services",Medium business,3,226
2017,North Melbourne,Retail Trade,Medium business,4,206
2017,North Melbourne,"Transport, Postal and Warehousing",Medium business,2,
2017,North Melbourne,"Transport, Postal and Warehousing",Non employing,4,0
2017,North Melbourne,Wholesale Trade,Medium business,4,149
2017,North Melbourne,Wholesale Trade,Small business,56,333
2017,Parkville,Accommodation and Food Services,Medium business,12,864
2017,Parkville,Arts and Recreation Services,Large business,1,
2017,Parkville,Arts and Recreation Services,Non employing,28,0
2017,Parkville,Education and Training,Small business,19,175
2017,Parkville,"Electricity, Gas, Water and Waste Services",Non employing,5,0
2017,Parkville,Financial and Insurance Services,Small business,5,18
2017,Parkville,Health Care and Social Assistance,Medium business,13,542
2017,Parkville,Manufacturing,Large business,1,
2017,Parkville,Manufacturing,Small business,2,
2017,Parkville,"Rental, Hiring and Real Estate Services",Non employing,1,
2017,Port Melbourne,Accommodation and Food Services,Medium business,5,160
2017,Port Melbourne,Accommodation and Food Services,Non employing,1,
2017,Port Melbourne,Accommodation and Food Services,Small business,18,115
2017,Port Melbourne,Administrative and Support Services,Medium business,5,240
2017,Port Melbourne,Administrative and Support Services,Non employing,1,
2017,Port Melbourne,Health Care and Social Assistance,Medium business,1,
2017,Port Melbourne,Information Media and Telecommunications,Large business,1,
2017,Port Melbourne,Information Media and Telecommunications,Medium business,5,197
2017,Port Melbourne,Information Media and Telecommunications,Small business,14,89
2017,Port Melbourne,Manufacturing,Large business,7,3036
2017,Port Melbourne,Manufacturing,Small business,57,403
2017,Port Melbourne,Other Services,Small business,12,63
2017,Port Melbourne,"Professional, Scientific and Technical Services",Medium business,14,689
2017,Port Melbourne,"Professional, Scientific and Technical Services",Non employing,1,
2017,Port Melbourne,"Professional, Scientific and Technical Services",Small business,61,412
2017,Port Melbourne,Public Administration and Safety,Large business,1,
2017,Port Melbourne,"Rental, Hiring and Real Estate Services",Medium business,4,83
2017,Port Melbourne,"Rental, Hiring and Real Estate Services",Small business,18,153
2017,Port Melbourne,"Transport, Postal and Warehousing",Large business,1,
2017,Port Melbourne,"Transport, Postal and Warehousing",Medium business,12,753
2017,Port Melbourne,Wholesale Trade,Large business,1,
2017,Port Melbourne,Wholesale Trade,Medium business,18,984
2017,Port Melbourne,Wholesale Trade,Small business,50,411
2017,South Yarra,Administrative and Support Services,Small business,1,
2017,South Yarra,"Electricity, Gas, Water and Waste Services",Non employing,5,0
2017,Southbank,Accommodation and Food Services,Medium business,78,3627
2017,Southbank,Accommodation and Food Services,Non employing,8,0
2017,Southbank,Arts and Recreation Services,Large business,5,8004
2017,Southbank,Arts and Recreation Services,Non employing,9,0
2017,Southbank,"Electricity, Gas, Water and Waste Services",Large business,1,
2017,Southbank,"Electricity, Gas, Water and Waste Services",Non employing,18,0
2017,Southbank,Financial and Insurance Services,Large business,1,
2017,Southbank,Health Care and Social Assistance,Medium business,6,517
2017,Southbank,Health Care and Social Assistance,Non employing,1,
2017,Southbank,Information Media and Telecommunications,Large business,3,1537
2017,Southbank,Information Media and Telecommunications,Medium business,12,910
2017,Southbank,Manufacturing,Large business,4,3604
2017,Southbank,Manufacturing,Small business,4,41
2017,Southbank,Mining,Large business,2,
2017,Southbank,Other Services,Large business,1,
2017,Southbank,Other Services,Medium business,2,
2017,Southbank,Other Services,Non employing,18,0
2017,Southbank,Other Services,Small business,19,112
2017,Southbank,Public Administration and Safety,Large business,2,
2017,Southbank,Public Administration and Safety,Small business,1,
2017,Southbank,"Rental, Hiring and Real Estate Services",Medium business,6,353
2017,Southbank,"Rental, Hiring and Real Estate Services",Small business,30,180
2017,Southbank,Retail Trade,Non employing,1,
2017,Southbank,Retail Trade,Small business,227,1577
2017,Southbank,"Transport, Postal and Warehousing",Medium business,4,192
2017,Southbank,"Transport, Postal and Warehousing",Small business,6,42
2017,Southbank,Wholesale Trade,Large business,2,
2017,West Melbourne (Industrial),Accommodation and Food Services,Small business,6,21
2017,West Melbourne (Industrial),Construction,Non employing,1,
2017,West Melbourne (Industrial),Information Media and Telecommunications,Non employing,2,
2017,West Melbourne (Industrial),Manufacturing,Small business,7,69
2017,West Melbourne (Industrial),Other Services,Medium business,1,
2017,West Melbourne (Industrial),"Professional, Scientific and Technical Services",Small business,2,
2017,West Melbourne (Industrial),Public Administration and Safety,Medium business,1,
2017,West Melbourne (Industrial),Public Administration and Safety,Small business,1,
2017,West Melbourne (Industrial),"Rental, Hiring and Real Estate Services",Small business,2,
2017,West Melbourne (Industrial),Retail Trade,Small business,7,48
2017,West Melbourne (Industrial),Wholesale Trade,Medium business,4,97
2017,West Melbourne (Industrial),Wholesale Trade,Small business,28,178
2017,West Melbourne (Residential),Administrative and Support Services,Small business,14,94
2017,West Melbourne (Residential),Arts and Recreation Services,Medium business,5,433
2017,West Melbourne (Residential),Education and Training,Medium business,7,296
2017,West Melbourne (Residential),Health Care and Social Assistance,Large business,1,
2017,West Melbourne (Residential),Other Services,Non employing,4,0
2017,West Melbourne (Residential),Other Services,Small business,42,200
2017,West Melbourne (Residential),"Professional, Scientific and Technical Services",Medium business,12,725
2017,West Melbourne (Residential),"Professional, Scientific and Technical Services",Non employing,3,0
2017,West Melbourne (Residential),Public Administration and Safety,Non employing,1,
2017,West Melbourne (Residential),Public Administration and Safety,Small business,3,39
2017,West Melbourne (Residential),Retail Trade,Medium business,1,
2017,West Melbourne (Residential),Wholesale Trade,Small business,25,131
2018,Carlton,Accommodation and Food Services,Non employing,17,0
2018,Carlton,Administrative and Support Services,Medium business,3,75
2018,Carlton,Administrative and Support Services,Non employing,2,
2018,Carlton,Administrative and Support Services,Small business,19,77
2018,Carlton,Construction,Medium business,2,
2018,Carlton,Education and Training,Large business,6,1668
2018,Carlton,Financial and Insurance Services,Small business,26,161
2018,Carlton,Health Care and Social Assistance,Non employing,3,0
2018,Carlton,Health Care and Social Assistance,Small business,86,424
2018,Carlton,Information Media and Telecommunications,Medium business,7,442
2018,Carlton,Information Media and Telecommunications,Non employing,1,
2018,Carlton,Other Services,Non employing,13,0
2018,Carlton,"Rental, Hiring and Real Estate Services",Small business,26,117
2018,Carlton,Retail Trade,Non employing,5,0
2018,Carlton,Wholesale Trade,Small business,14,49
2018,Docklands,Accommodation and Food Services,Medium business,28,1072
2018,Docklands,Accommodation and Food Services,Small business,247,1850
2018,Docklands,"Agriculture, Forestry and Fishing",Small business,1,
2018,Docklands,Construction,Medium business,6,334
2018,Docklands,Construction,Small business,16,106
2018,Docklands,Health Care and Social Assistance,Small business,29,174
2018,Docklands,Information Media and Telecommunications,Small business,13,80
2018,Docklands,Manufacturing,Medium business,2,
2018,Docklands,Manufacturing,Small business,14,59
2018,Docklands,"Professional, Scientific and Technical Services",Large business,9,8639
2018,Docklands,"Professional, Scientific and Technical Services",Small business,151,880
2018,Docklands,Public Administration and Safety,Large business,6,7212
2018,Docklands,"Rental, Hiring and Real Estate Services",Large business,2,
2018,Docklands,Retail Trade,Non employing,2,
2018,Docklands,Retail Trade,Small business,187,975
2018,Docklands,"Transport, Postal and Warehousing",Large business,6,3103
2018,Docklands,"Transport, Postal and Warehousing",Medium business,5,325
2018,Docklands,"Transport, Postal and Warehousing",Non employing,4,0
2018,Docklands,Wholesale Trade,Large business,2,
2018,Docklands,Wholesale Trade,Medium business,2,
2018,East Melbourne,Accommodation and Food Services,Medium business,3,113
2018,East Melbourne,Accommodation and Food Services,Small business,57,386
2018,East Melbourne,Arts and Recreation Services,Medium business,7,288
2018,East Melbourne,Arts and Recreation Services,Non employing,22,0
2018,East Melbourne,Construction,Medium business,2,
2018,East Melbourne,Financial and Insurance Services,Medium business,4,233
2018,East Melbourne,Health Care and Social Assistance,Non employing,3,0
2018,East Melbourne,Manufacturing,Medium business,2,
2018,East Melbourne,Manufacturing,Small business,1,
2018,East Melbourne,Other Services,Large business,1,
2018,East Melbourne,"Rental, Hiring and Real Estate Services",Medium business,1,
2018,Kensington,Accommodation and Food Services,Medium business,4,160
2018,Kensington,Arts and Recreation Services,Medium business,14,740
2018,Kensington,"Electricity, Gas, Water and Waste Services",Non employing,11,0
2018,Kensington,Financial and Insurance Services,Small business,3,7
2018,Kensington,Health Care and Social Assistance,Small business,17,136
2018,Kensington,Information Media and Telecommunications,Small business,5,37
2018,Kensington,Other Services,Non employing,4,0
2018,Kensington,"Professional, Scientific and Technical Services",Large business,1,
2018,Kensington,"Professional, Scientific and Technical Services",Small business,30,159
2018,Kensington,Public Administration and Safety,Medium business,2,
2018,Kensington,Retail Trade,Medium business,3,307
2018,Kensington,"Transport, Postal and Warehousing",Non employing,5,0
2018,Kensington,"Transport, Postal and Warehousing",Small business,9,35
2018,Kensington,Wholesale Trade,Medium business,2,
2018,Melbourne (CBD),Accommodation and Food Services,Large business,4,1501
2018,Melbourne (CBD),Accommodation and Food Services,Medium business,284,11753
2018,Melbourne (CBD),Accommodation and Food Services,Non employing,12,0
2018,Melbourne (CBD),Administrative and Support Services,Medium business,92,5191
2018,Melbourne (CBD),Administrative and Support Services,Non employing,1,
2018,Melbourne (CBD),"Agriculture, Forestry and Fishing",Medium business,2,
2018,Melbourne (CBD),"Agriculture, Forestry and Fishing",Small business,4,10
2018,Melbourne (CBD),Construction,Non employing,2,
2018,Melbourne (CBD),Construction,Small business,97,688
2018,Melbourne (CBD),Education and Training,Small business,229,1799
2018,Melbourne (CBD),"Electricity, Gas, Water and Waste Services",Large business,9,8195
2018,Melbourne (CBD),"Electricity, Gas, Water and Waste Services",Non employing,34,0
2018,Melbourne (CBD),Financial and Insurance Services,Medium business,171,10438
2018,Melbourne (CBD),Health Care and Social Assistance,Large business,1,
2018,Melbourne (CBD),Information Media and Telecommunications,Large business,14,13924
2018,Melbourne (CBD),Information Media and Telecommunications,Medium business,36,2196
2018,Melbourne (CBD),Manufacturing,Medium business,6,263
2018,Melbourne (CBD),Manufacturing,Small business,221,763
2018,Melbourne (CBD),Mining,Medium business,7,216
2018,Melbourne (CBD),Mining,Small business,25,161
2018,Melbourne (CBD),Other Services,Small business,868,3952
2018,Melbourne (CBD),"Professional, Scientific and Technical Services",Medium business,431,22534
2018,Melbourne (CBD),"Professional, Scientific and Technical Services",Non employing,6,0
2018,Melbourne (CBD),"Professional, Scientific and Technical Services",Small business,1391,9186
2018,Melbourne (CBD),Retail Trade,Large business,3,1722
2018,Melbourne (CBD),Retail Trade,Non employing,10,0
2018,Melbourne (CBD),Retail Trade,Small business,1355,7753
2018,Melbourne (CBD),"Transport, Postal and Warehousing",Small business,57,375
2018,Melbourne (Remainder),Administrative and Support Services,Medium business,1,
2018,Melbourne (Remainder),Administrative and Support Services,Non employing,2,
2018,Melbourne (Remainder),Administrative and Support Services,Small business,10,73
2018,Melbourne (Remainder),Arts and Recreation Services,Large business,3,3339
2018,Melbourne (Remainder),Education and Training,Small business,6,53
2018,Melbourne (Remainder),"Electricity, Gas, Water and Waste Services",Medium business,1,
2018,Melbourne (Remainder),Financial and Insurance Services,Medium business,8,342
2018,Melbourne (Remainder),Health Care and Social Assistance,Medium business,6,336
2018,Melbourne (Remainder),Manufacturing,Small business,6,21
2018,Melbourne (Remainder),Other Services,Small business,13,63
2018,Melbourne (Remainder),"Professional, Scientific and Technical Services",Large business,4,2782
2018,Melbourne (Remainder),"Professional, Scientific and Technical Services",Medium business,20,1181
2018,Melbourne (Remainder),"Professional, Scientific and Technical Services",Small business,33,250
2018,Melbourne (Remainder),Retail Trade,Small business,16,77
2018,Melbourne (Remainder),Wholesale Trade,Medium business,4,296
2018,Melbourne (Remainder),Wholesale Trade,Small business,4,31
2018,North Melbourne,Accommodation and Food Services,Small business,121,665
2018,North Melbourne,Administrative and Support Services,Non employing,2,
2018,North Melbourne,Construction,Medium business,9,438
2018,North Melbourne,Construction,Small business,34,244
2018,North Melbourne,Education and Training,Medium business,10,533
2018,North Melbourne,Financial and Insurance Services,Medium business,3,88
2018,North Melbourne,Health Care and Social Assistance,Large business,1,
2018,North Melbourne,Information Media and Telecommunications,Medium business,4,138
2018,North Melbourne,Manufacturing,Small business,34,180
2018,North Melbourne,Other Services,Non employing,9,0
2018,North Melbourne,"Professional, Scientific and Technical Services",Medium business,18,866
2018,North Melbourne,"Professional, Scientific and Technical Services",Small business,133,697
2018,North Melbourne,Public Administration and Safety,Small business,6,32
2018,North Melbourne,"Rental, Hiring and Real Estate Services",Small business,18,125
2018,North Melbourne,Retail Trade,Small business,86,346
2018,North Melbourne,"Transport, Postal and Warehousing",Medium business,5,232
2018,North Melbourne,Wholesale Trade,Medium business,4,167
2018,North Melbourne,Wholesale Trade,Small business,46,259
2018,Parkville,Accommodation and Food Services,Medium business,16,956
2018,Parkville,Administrative and Support Services,Medium business,2,
2018,Parkville,Arts and Recreation Services,Large business,1,
2018,Parkville,Arts and Recreation Services,Small business,10,70
2018,Parkville,Education and Training,Non employing,4,0
2018,Parkville,"Electricity, Gas, Water and Waste Services",Non employing,5,0
2018,Parkville,Health Care and Social Assistance,Small business,70,320
2018,Parkville,Manufacturing,Large business,1,
2018,Parkville,Manufacturing,Small business,2,
2018,Parkville,Other Services,Small business,14,61
2018,Parkville,"Professional, Scientific and Technical Services",Large business,1,
2018,Parkville,"Professional, Scientific and Technical Services",Medium business,8,374
2018,Parkville,"Rental, Hiring and Real Estate Services",Non employing,1,
2018,Parkville,"Transport, Postal and Warehousing",Non employing,2,
2018,Port Melbourne,Accommodation and Food Services,Non employing,1,
2018,Port Melbourne,Administrative and Support Services,Medium business,5,240
2018,Port Melbourne,Administrative and Support Services,Non employing,1,
2018,Port Melbourne,"Agriculture, Forestry and Fishing",Small business,1,
2018,Port Melbourne,Arts and Recreation Services,Non employing,4,0
2018,Port Melbourne,Construction,Medium business,15,655
2018,Port Melbourne,Construction,Non employing,4,0
2018,Port Melbourne,Construction,Small business,52,323
2018,Port Melbourne,Financial and Insurance Services,Small business,8,52
2018,Port Melbourne,Health Care and Social Assistance,Medium business,1,
2018,Port Melbourne,Health Care and Social Assistance,Small business,2,
2018,Port Melbourne,Information Media and Telecommunications,Medium business,5,197
2018,Port Melbourne,Information Media and Telecommunications,Small business,14,89
2018,Port Melbourne,Public Administration and Safety,Medium business,5,171
2018,Port Melbourne,"Rental, Hiring and Real Estate Services",Small business,18,153
2018,Port Melbourne,"Transport, Postal and Warehousing",Small business,28,225
2018,Port Melbourne,Wholesale Trade,Large business,1,
2018,Port Melbourne,Wholesale Trade,Non employing,1,
2018,South Yarra,Accommodation and Food Services,Medium business,3,112
2018,South Yarra,Accommodation and Food Services,Non employing,1,
2018,South Yarra,Education and Training,Medium business,5,192
2018,South Yarra,Education and Training,Non employing,7,0
2018,South Yarra,Health Care and Social Assistance,Medium business,1,
2018,Southbank,Accommodation and Food Services,Large business,3,1421
2018,Southbank,Accommodation and Food Services,Medium business,78,3627
2018,Southbank,Accommodation and Food Services,Small business,128,1096
2018,Southbank,Administrative and Support Services,Large business,1,
2018,Southbank,Administrative and Support Services,Medium business,16,821
2018,Southbank,"Agriculture, Forestry and Fishing",Small business,1,
2018,Southbank,Arts and Recreation Services,Large business,5,8004
2018,Southbank,Construction,Non employing,1,
2018,Southbank,"Electricity, Gas, Water and Waste Services",Medium business,2,
2018,Southbank,Financial and Insurance Services,Large business,1,
2018,Southbank,Financial and Insurance Services,Non employing,1,
2018,Southbank,Health Care and Social Assistance,Non employing,1,
2018,Southbank,Health Care and Social Assistance,Small business,25,181
2018,Southbank,Information Media and Telecommunications,Large business,3,1537
2018,Southbank,Manufacturing,Medium business,6,581
2018,Southbank,Manufacturing,Small business,4,41
2018,Southbank,Mining,Medium business,2,
2018,Southbank,Other Services,Large business,1,
2018,Southbank,Other Services,Small business,19,112
2018,Southbank,"Professional, Scientific and Technical Services",Small business,53,462
2018,Southbank,Public Administration and Safety,Small business,1,
2018,Southbank,"Rental, Hiring and Real Estate Services",Medium business,6,353
2018,Southbank,"Transport, Postal and Warehousing",Non employing,1,
2018,Southbank,Wholesale Trade,Large business,2,
2018,Southbank,Wholesale Trade,Medium business,4,225
2018,Southbank,Wholesale Trade,Small business,11,57
2018,West Melbourne (Industrial),Arts and Recreation Services,Small business,3,14
2018,West Melbourne (Industrial),Construction,Non employing,1,
2018,West Melbourne (Industrial),"Electricity, Gas, Water and Waste Services",Non employing,6,0
2018,West Melbourne (Industrial),"Electricity, Gas, Water and Waste Services",Small business,2,
2018,West Melbourne (Industrial),Information Media and Telecommunications,Non employing,2,
2018,West Melbourne (Industrial),Manufacturing,Small business,4,44
2018,West Melbourne (Industrial),Other Services,Medium business,1,
2018,West Melbourne (Industrial),"Professional, Scientific and Technical Services",Medium business,1,
2018,West Melbourne (Industrial),"Transport, Postal and Warehousing",Medium business,20,1216
2018,West Melbourne (Industrial),Wholesale Trade,Large business,1,
2018,West Melbourne (Residential),Accommodation and Food Services,Non employing,3,0
2018,West Melbourne (Residential),Accommodation and Food Services,Small business,57,282
2018,West Melbourne (Residential),Administrative and Support Services,Small business,10,65
2018,West Melbourne (Residential),Arts and Recreation Services,Medium business,5,427
2018,West Melbourne (Residential),Arts and Recreation Services,Small business,5,30
2018,West Melbourne (Residential),Education and Training,Medium business,8,342
2018,West Melbourne (Residential),Information Media and Telecommunications,Medium business,5,138
2018,West Melbourne (Residential),Information Media and Telecommunications,Small business,4,35
2018,West Melbourne (Residential),Manufacturing,Medium business,3,83
2018,West Melbourne (Residential),Manufacturing,Small business,5,42
2018,West Melbourne (Residential),Other Services,Medium business,5,242
2018,West Melbourne (Residential),Other Services,Small business,44,213
2018,West Melbourne (Residential),Public Administration and Safety,Large business,1,
2018,West Melbourne (Residential),Public Administration and Safety,Non employing,1,
2018,West Melbourne (Residential),Retail Trade,Non employing,1,
2018,West Melbourne (Residential),Retail Trade,Small business,40,137
2018,West Melbourne (Residential),"Transport, Postal and Warehousing",Non employing,1,
2018,West Melbourne (Residential),"Transport, Postal and Warehousing",Small business,15,79
2019,Carlton,Accommodation and Food Services,Medium business,18,595
2019,Carlton,Accommodation and Food Services,Non employing,17,0
2019,Carlton,Arts and Recreation Services,Non employing,21,0
2019,Carlton,Construction,Medium business,2,
2019,Carlton,Financial and Insurance Services,Medium business,5,197
2019,Carlton,Health Care and Social Assistance,Large business,4,1394
2019,Carlton,Health Care and Social Assistance,Medium business,22,1261
2019,Carlton,Manufacturing,Small business,20,137
2019,Carlton,Other Services,Small business,92,417
2019,Carlton,Public Administration and Safety,Large business,3,931
2019,Carlton,"Rental, Hiring and Real Estate Services",Small business,26,117
2019,Carlton,Retail Trade,Small business,115,531
2019,Carlton,"Transport, Postal and Warehousing",Small business,4,17
2019,Carlton,Wholesale Trade,Medium business,2,
2019,Docklands,Administrative and Support Services,Large business,1,
2019,Docklands,Administrative and Support Services,Small business,26,162
2019,Docklands,Arts and Recreation Services,Large business,3,1350
2019,Docklands,Construction,Small business,16,106
2019,Docklands,Education and Training,Medium business,4,365
2019,Docklands,"Electricity, Gas, Water and Waste Services",Small business,2,
2019,Docklands,Financial and Insurance Services,Small business,41,209
2019,Docklands,Information Media and Telecommunications,Large business,10,4720
2019,Docklands,Manufacturing,Medium business,2,
2019,Docklands,Manufacturing,Small business,14,59
2019,Docklands,Other Services,Non employing,21,0
2019,Docklands,"Professional, Scientific and Technical Services",Large business,9,8639
2019,Docklands,Public Administration and Safety,Large business,6,7212
2019,Docklands,Public Administration and Safety,Medium business,10,902
2019,Docklands,"Rental, Hiring and Real Estate Services",Small business,61,368
2019,Docklands,Retail Trade,Large business,2,
2019,Docklands,"Transport, Postal and Warehousing",Non employing,4,0
2019,Docklands,"Transport, Postal and Warehousing",Small business,29,182
2019,Docklands,Wholesale Trade,Medium business,2,
2019,East Melbourne,Accommodation and Food Services,Medium business,3,113
2019,East Melbourne,Accommodation and Food Services,Non employing,9,0
2019,East Melbourne,Arts and Recreation Services,Medium business,7,288
2019,East Melbourne,Construction,Medium business,2,
2019,East Melbourne,Construction,Non employing,1,
2019,East Melbourne,Education and Training,Large business,3,702
2019,East Melbourne,Financial and Insurance Services,Large business,3,758
2019,East Melbourne,Financial and Insurance Services,Medium business,4,233
2019,East Melbourne,Financial and Insurance Services,Small business,10,32
2019,East Melbourne,Health Care and Social Assistance,Medium business,30,1438
2019,East Melbourne,Health Care and Social Assistance,Non employing,3,0
2019,East Melbourne,Information Media and Telecommunications,Small business,5,59
2019,East Melbourne,Manufacturing,Large business,2,
2019,East Melbourne,Public Administration and Safety,Large business,6,4048
2019,East Melbourne,Retail Trade,Non employing,1,
2019,Kensington,Accommodation and Food Services,Medium business,4,113
2019,Kensington,Administrative and Support Services,Medium business,2,
2019,Kensington,"Agriculture, Forestry and Fishing",Small business,2,
2019,Kensington,Construction,Large business,1,
2019,Kensington,Construction,Medium business,1,
2019,Kensington,"Electricity, Gas, Water and Waste Services",Non employing,8,0
2019,Kensington,Financial and Insurance Services,Small business,2,
2019,Kensington,Manufacturing,Small business,35,155
2019,Kensington,Other Services,Small business,35,166
2019,Kensington,"Professional, Scientific and Technical Services",Large business,1,
2019,Kensington,Retail Trade,Medium business,3,317
2019,Kensington,Retail Trade,Small business,28,148
2019,Kensington,"Transport, Postal and Warehousing",Small business,11,52
2019,Melbourne (CBD),Accommodation and Food Services,Large business,4,1523
2019,Melbourne (CBD),Accommodation and Food Services,Small business,1538,12175
2019,Melbourne (CBD),Administrative and Support Services,Large business,7,2497
2019,Melbourne (CBD),Administrative and Support Services,Small business,285,2045
2019,Melbourne (CBD),"Agriculture, Forestry and Fishing",Medium business,1,
2019,Melbourne (CBD),Arts and Recreation Services,Large business,2,
2019,Melbourne (CBD),Arts and Recreation Services,Non employing,20,0
2019,Melbourne (CBD),Arts and Recreation Services,Small business,127,695
2019,Melbourne (CBD),Education and Training,Large business,6,1830
2019,Melbourne (CBD),Education and Training,Non employing,5,0
2019,Melbourne (CBD),Education and Training,Small business,241,2020
2019,Melbourne (CBD),Financial and Insurance Services,Large business,37,23758
2019,Melbourne (CBD),Financial and Insurance Services,Medium business,180,10530
2019,Melbourne (CBD),Health Care and Social Assistance,Medium business,49,2009
2002,Carlton,Accommodation and Food Services,Non employing,10,0
2002,Carlton,Arts and Recreation Services,Large business,2,
2002,Carlton,Arts and Recreation Services,Small business,11,37
2002,Carlton,"Electricity, Gas, Water and Waste Services",Non employing,13,0
2002,Carlton,Health Care and Social Assistance,Non employing,1,
2002,Carlton,Health Care and Social Assistance,Small business,89,460
2002,Carlton,Information Media and Telecommunications,Small business,21,105
2002,Carlton,"Professional, Scientific and Technical Services",Large business,1,
2002,Carlton,"Professional, Scientific and Technical Services",Small business,129,712
2002,Carlton,Public Administration and Safety,Medium business,6,409
2002,Carlton,"Rental, Hiring and Real Estate Services",Medium business,1,
2002,Carlton,Retail Trade,Small business,154,695
2002,Carlton,"Transport, Postal and Warehousing",Non employing,2,
2002,Carlton,Wholesale Trade,Large business,1,
2002,Docklands,Accommodation and Food Services,Small business,15,124
2002,Docklands,Arts and Recreation Services,Small business,5,24
2002,Docklands,Construction,Non employing,1,
2002,Docklands,"Electricity, Gas, Water and Waste Services",Small business,1,
2002,Docklands,Manufacturing,Medium business,1,
2002,Docklands,"Professional, Scientific and Technical Services",Small business,6,43
2002,Docklands,"Transport, Postal and Warehousing",Medium business,8,318
2002,Docklands,Wholesale Trade,Non employing,1,
2002,Docklands,Wholesale Trade,Small business,2,
2002,East Melbourne,Accommodation and Food Services,Non employing,6,0
2002,East Melbourne,Administrative and Support Services,Medium business,4,133
2002,East Melbourne,Administrative and Support Services,Small business,18,106
2002,East Melbourne,Arts and Recreation Services,Medium business,5,285
2002,East Melbourne,Financial and Insurance Services,Large business,3,1609
2002,East Melbourne,Financial and Insurance Services,Medium business,6,394
2002,East Melbourne,Financial and Insurance Services,Small business,8,66
2002,East Melbourne,Health Care and Social Assistance,Small business,137,697
2002,East Melbourne,Manufacturing,Large business,1,
2002,East Melbourne,Manufacturing,Small business,6,29
2002,East Melbourne,Other Services,Non employing,4,0
2002,East Melbourne,"Professional, Scientific and Technical Services",Small business,51,351
2002,East Melbourne,Public Administration and Safety,Non employing,1,
2002,East Melbourne,"Transport, Postal and Warehousing",Medium business,2,
2002,Kensington,Arts and Recreation Services,Large business,1,
2002,Kensington,Arts and Recreation Services,Medium business,7,315
2002,Kensington,Construction,Non employing,1,
2002,Kensington,Health Care and Social Assistance,Non employing,1,
2002,Kensington,Information Media and Telecommunications,Medium business,1,
2002,Kensington,Manufacturing,Large business,1,
2002,Kensington,Manufacturing,Medium business,7,284
2002,Kensington,Other Services,Small business,8,34
2002,Kensington,Public Administration and Safety,Medium business,1,
2002,Kensington,Public Administration and Safety,Small business,2,
2002,Kensington,Retail Trade,Small business,7,38
2002,Kensington,"Transport, Postal and Warehousing",Non employing,1,
2002,Kensington,"Transport, Postal and Warehousing",Small business,3,14
2002,Kensington,Wholesale Trade,Small business,23,169
2002,Melbourne (CBD),Accommodation and Food Services,Small business,852,6095
2002,Melbourne (CBD),Administrative and Support Services,Large business,3,877
2002,Melbourne (CBD),Administrative and Support Services,Small business,404,2353
2002,Melbourne (CBD),Arts and Recreation Services,Non employing,7,0
2002,Melbourne (CBD),Arts and Recreation Services,Small business,69,352
2002,Melbourne (CBD),Construction,Non employing,1,
2002,Melbourne (CBD),Education and Training,Small business,98,713
2002,Melbourne (CBD),"Electricity, Gas, Water and Waste Services",Small business,10,94
2002,Melbourne (CBD),Financial and Insurance Services,Large business,39,25934
2002,Melbourne (CBD),Information Media and Telecommunications,Large business,19,14366
2002,Melbourne (CBD),Information Media and Telecommunications,Small business,143,812
2002,Melbourne (CBD),Manufacturing,Medium business,12,576
2002,Melbourne (CBD),Manufacturing,Small business,275,892
2002,Melbourne (CBD),Mining,Large business,3,2383
2002,Melbourne (CBD),Other Services,Medium business,44,2042
2002,Melbourne (CBD),"Professional, Scientific and Technical Services",Large business,38,19380
2002,Melbourne (CBD),"Professional, Scientific and Technical Services",Small business,1072,6384
2002,Melbourne (CBD),Public Administration and Safety,Small business,65,495
2002,Melbourne (CBD),"Rental, Hiring and Real Estate Services",Non employing,3,0
2002,Melbourne (CBD),"Rental, Hiring and Real Estate Services",Small business,123,682
2002,Melbourne (CBD),Retail Trade,Medium business,60,2725
2002,Melbourne (CBD),Retail Trade,Non employing,13,0
2002,Melbourne (CBD),"Transport, Postal and Warehousing",Non employing,13,0
2002,Melbourne (CBD),"Transport, Postal and Warehousing",Small business,85,582
2002,Melbourne (CBD),Wholesale Trade,Medium business,10,403
2002,Melbourne (CBD),Wholesale Trade,Small business,115,447
2002,Melbourne (Remainder),Accommodation and Food Services,Large business,1,
2002,Melbourne (Remainder),Accommodation and Food Services,Small business,17,99
2002,Melbourne (Remainder),Construction,Medium business,2,
2002,Melbourne (Remainder),Construction,Small business,3,24
2002,Melbourne (Remainder),Financial and Insurance Services,Large business,4,1533
2002,Melbourne (Remainder),Financial and Insurance Services,Medium business,10,461
2002,Melbourne (Remainder),Health Care and Social Assistance,Medium business,3,195
2002,Melbourne (Remainder),Information Media and Telecommunications,Medium business,6,208
2002,Melbourne (Remainder),Manufacturing,Large business,1,
2002,Melbourne (Remainder),Manufacturing,Medium business,1,
2002,Melbourne (Remainder),Other Services,Non employing,6,0
2002,Melbourne (Remainder),Other Services,Small business,19,64
2002,Melbourne (Remainder),"Professional, Scientific and Technical Services",Medium business,18,1315
2002,Melbourne (Remainder),"Professional, Scientific and Technical Services",Non employing,1,
2002,Melbourne (Remainder),Public Administration and Safety,Small business,2,
2002,Melbourne (Remainder),"Transport, Postal and Warehousing",Medium business,1,
2002,North Melbourne,Accommodation and Food Services,Medium business,6,235
2002,North Melbourne,Accommodation and Food Services,Small business,74,436
2002,North Melbourne,Administrative and Support Services,Small business,25,116
2002,North Melbourne,"Agriculture, Forestry and Fishing",Small business,2,
2002,North Melbourne,Arts and Recreation Services,Small business,23,87
2002,North Melbourne,Education and Training,Medium business,5,176
2002,North Melbourne,Education and Training,Non employing,1,
2002,North Melbourne,Financial and Insurance Services,Small business,21,164
2002,North Melbourne,Health Care and Social Assistance,Non employing,1,
2002,North Melbourne,Information Media and Telecommunications,Medium business,2,
2002,North Melbourne,Manufacturing,Non employing,1,
2002,North Melbourne,"Professional, Scientific and Technical Services",Medium business,14,602
2002,North Melbourne,"Professional, Scientific and Technical Services",Small business,96,487
2002,North Melbourne,Retail Trade,Medium business,4,259
2002,North Melbourne,Wholesale Trade,Medium business,3,91
2002,North Melbourne,Wholesale Trade,Small business,72,400
2002,Parkville,Accommodation and Food Services,Medium business,10,362
2002,Parkville,Arts and Recreation Services,Large business,1,
2002,Parkville,Education and Training,Small business,3,53
2002,Parkville,Financial and Insurance Services,Medium business,1,
2002,Parkville,Health Care and Social Assistance,Non employing,1,
2002,Parkville,Health Care and Social Assistance,Small business,38,170
2002,Parkville,Information Media and Telecommunications,Non employing,1,
2002,Parkville,Manufacturing,Medium business,1,
2002,Parkville,"Rental, Hiring and Real Estate Services",Medium business,1,
2002,Parkville,Retail Trade,Non employing,2,
2002,Parkville,"Transport, Postal and Warehousing",Non employing,1,
2002,Port Melbourne,Accommodation and Food Services,Medium business,2,
2002,Port Melbourne,Accommodation and Food Services,Small business,2,
2002,Port Melbourne,Arts and Recreation Services,Medium business,1,
2002,Port Melbourne,Arts and Recreation Services,Small business,3,14
2002,Port Melbourne,Construction,Medium business,4,185
2002,Port Melbourne,Construction,Small business,7,50
2002,Port Melbourne,Education and Training,Small business,1,
2002,Port Melbourne,"Electricity, Gas, Water and Waste Services",Non employing,5,0
2002,Port Melbourne,Information Media and Telecommunications,Large business,1,
2002,Port Melbourne,Information Media and Telecommunications,Small business,6,56
2002,Port Melbourne,Public Administration and Safety,Medium business,2,
2002,Port Melbourne,Retail Trade,Small business,5,29
2002,Port Melbourne,"Transport, Postal and Warehousing",Medium business,8,413
2002,Port Melbourne,"Transport, Postal and Warehousing",Non employing,4,0
2002,Port Melbourne,Wholesale Trade,Medium business,11,450
2002,South Yarra,Accommodation and Food Services,Non employing,1,
2002,South Yarra,"Electricity, Gas, Water and Waste Services",Non employing,6,0
2002,Southbank,Accommodation and Food Services,Large business,1,
2002,Southbank,Accommodation and Food Services,Small business,51,449
2002,Southbank,"Agriculture, Forestry and Fishing",Medium business,2,
2002,Southbank,Arts and Recreation Services,Large business,4,8684
2002,Southbank,Arts and Recreation Services,Non employing,6,0
2002,Southbank,Education and Training,Large business,2,
2002,Southbank,Education and Training,Medium business,3,227
2002,Southbank,"Electricity, Gas, Water and Waste Services",Medium business,3,190
2002,Southbank,Financial and Insurance Services,Large business,1,
2002,Southbank,Financial and Insurance Services,Small business,15,105
2002,Southbank,Health Care and Social Assistance,Large business,1,
2002,Southbank,Health Care and Social Assistance,Medium business,1,
2002,Southbank,Health Care and Social Assistance,Non employing,1,
2002,Southbank,Information Media and Telecommunications,Large business,5,2757
2002,Southbank,Manufacturing,Medium business,1,
2002,Southbank,Mining,Small business,2,
2002,Southbank,Public Administration and Safety,Large business,2,
2002,Southbank,Public Administration and Safety,Small business,1,
2002,Southbank,"Rental, Hiring and Real Estate Services",Large business,2,
2002,Southbank,"Transport, Postal and Warehousing",Medium business,4,221
2002,Southbank,"Transport, Postal and Warehousing",Non employing,1,
2002,Southbank,Wholesale Trade,Medium business,2,
2002,West Melbourne (Industrial),Administrative and Support Services,Small business,3,17
2002,West Melbourne (Industrial),"Agriculture, Forestry and Fishing",Medium business,1,
2002,West Melbourne (Industrial),Construction,Non employing,2,
2002,West Melbourne (Industrial),Construction,Small business,3,8
2002,West Melbourne (Industrial),Information Media and Telecommunications,Small business,1,
2002,West Melbourne (Industrial),Manufacturing,Medium business,6,299
2002,West Melbourne (Industrial),Manufacturing,Small business,12,89
2002,West Melbourne (Industrial),"Transport, Postal and Warehousing",Medium business,23,1305
2002,West Melbourne (Industrial),"Transport, Postal and Warehousing",Small business,27,223
2002,West Melbourne (Industrial),Wholesale Trade,Medium business,17,703
2002,West Melbourne (Industrial),Wholesale Trade,Non employing,4,0
2002,West Melbourne (Industrial),Wholesale Trade,Small business,176,982
2002,West Melbourne (Residential),Administrative and Support Services,Medium business,10,505
2002,West Melbourne (Residential),Administrative and Support Services,Non employing,2,
2002,West Melbourne (Residential),Arts and Recreation Services,Medium business,4,194
2002,West Melbourne (Residential),Arts and Recreation Services,Non employing,7,0
2002,West Melbourne (Residential),Education and Training,Medium business,4,123
2002,West Melbourne (Residential),"Electricity, Gas, Water and Waste Services",Medium business,1,
2002,West Melbourne (Residential),"Electricity, Gas, Water and Waste Services",Non employing,8,0
2002,West Melbourne (Residential),Financial and Insurance Services,Medium business,1,
2002,West Melbourne (Residential),Financial and Insurance Services,Small business,13,82
2002,West Melbourne (Residential),Information Media and Telecommunications,Medium business,3,128
2002,West Melbourne (Residential),Information Media and Telecommunications,Small business,12,64
2002,West Melbourne (Residential),Manufacturing,Medium business,8,216
2002,West Melbourne (Residential),Other Services,Medium business,2,
2002,West Melbourne (Residential),Other Services,Small business,55,309
2002,West Melbourne (Residential),"Professional, Scientific and Technical Services",Medium business,9,550
2002,West Melbourne (Residential),Public Administration and Safety,Medium business,4,228
2002,West Melbourne (Residential),Retail Trade,Non employing,1,
2002,West Melbourne (Residential),"Transport, Postal and Warehousing",Small business,18,122
2002,West Melbourne (Residential),Wholesale Trade,Small business,49,280
2003,Carlton,Accommodation and Food Services,Medium business,17,589
2003,Carlton,Administrative and Support Services,Non employing,1,
2003,Carlton,Arts and Recreation Services,Non employing,17,0
2003,Carlton,Arts and Recreation Services,Small business,16,70
2003,Carlton,Construction,Small business,7,41
2003,Carlton,Education and Training,Small business,43,352
2003,Carlton,Health Care and Social Assistance,Large business,3,2791
2003,Carlton,Health Care and Social Assistance,Medium business,15,726
2003,Carlton,Information Media and Telecommunications,Medium business,9,411
2003,Carlton,Manufacturing,Medium business,1,
2003,Carlton,Other Services,Large business,1,
2003,Carlton,"Professional, Scientific and Technical Services",Small business,135,754
2003,Carlton,Public Administration and Safety,Small business,9,37
2003,Carlton,"Rental, Hiring and Real Estate Services",Small business,21,141
2003,Carlton,Retail Trade,Medium business,7,333
2003,Carlton,Retail Trade,Non employing,4,0
2003,Carlton,Wholesale Trade,Medium business,4,387
2003,Docklands,Accommodation and Food Services,Large business,2,
2003,Docklands,Accommodation and Food Services,Small business,25,266
2003,Docklands,Administrative and Support Services,Large business,1,
2003,Docklands,Administrative and Support Services,Medium business,1,
2003,Docklands,Administrative and Support Services,Small business,3,18
2003,Docklands,Construction,Small business,4,34
2003,Docklands,Education and Training,Small business,2,
2003,Docklands,Financial and Insurance Services,Small business,1,
2003,Docklands,Health Care and Social Assistance,Small business,6,32
2003,Docklands,Manufacturing,Medium business,1,
2003,Docklands,Manufacturing,Non employing,2,
2003,Docklands,Other Services,Small business,10,34
2003,Docklands,Public Administration and Safety,Medium business,4,345
2003,Docklands,Wholesale Trade,Small business,3,26
2003,East Melbourne,Accommodation and Food Services,Large business,3,1882
2003,East Melbourne,Administrative and Support Services,Medium business,4,128
2003,East Melbourne,Administrative and Support Services,Small business,16,91
2003,East Melbourne,Arts and Recreation Services,Small business,21,130
2003,East Melbourne,"Electricity, Gas, Water and Waste Services",Medium business,2,
2003,East Melbourne,"Electricity, Gas, Water and Waste Services",Non employing,4,0
2003,East Melbourne,Other Services,Medium business,4,213
2003,East Melbourne,"Professional, Scientific and Technical Services",Medium business,15,734
2003,East Melbourne,"Rental, Hiring and Real Estate Services",Small business,7,63
2003,East Melbourne,"Transport, Postal and Warehousing",Medium business,1,
2003,East Melbourne,"Transport, Postal and Warehousing",Small business,2,
2003,East Melbourne,Wholesale Trade,Small business,6,66
2003,Kensington,Accommodation and Food Services,Small business,11,55
2003,Kensington,Construction,Non employing,1,
2003,Kensington,Financial and Insurance Services,Small business,2,
2003,Kensington,Information Media and Telecommunications,Medium business,1,
2003,Kensington,Manufacturing,Medium business,7,284
2003,Kensington,Manufacturing,Small business,14,119
2003,Kensington,Other Services,Small business,8,34
2003,Kensington,"Professional, Scientific and Technical Services",Small business,6,29
2003,Kensington,Public Administration and Safety,Medium business,1,
2003,Kensington,Retail Trade,Small business,7,38
2003,Kensington,"Transport, Postal and Warehousing",Non employing,1,
2003,Melbourne (CBD),Accommodation and Food Services,Small business,852,6095
2003,Melbourne (CBD),Administrative and Support Services,Small business,404,2353
2003,Melbourne (CBD),"Agriculture, Forestry and Fishing",Medium business,1,
2003,Melbourne (CBD),Arts and Recreation Services,Small business,69,352
2003,Melbourne (CBD),Construction,Non employing,1,
2003,Melbourne (CBD),Construction,Small business,57,334
2003,Melbourne (CBD),Education and Training,Large business,5,2632
2003,Melbourne (CBD),Education and Training,Medium business,36,1999
2003,Melbourne (CBD),Education and Training,Non employing,4,0
2003,Melbourne (CBD),"Electricity, Gas, Water and Waste Services",Medium business,6,538
2003,Melbourne (CBD),Financial and Insurance Services,Non employing,6,0
2003,Melbourne (CBD),Health Care and Social Assistance,Medium business,20,696
2003,Melbourne (CBD),Information Media and Telecommunications,Medium business,49,3066
2003,Melbourne (CBD),Information Media and Telecommunications,Non employing,5,0
2003,Melbourne (CBD),Information Media and Telecommunications,Small business,143,812
2003,Melbourne (CBD),Manufacturing,Medium business,12,576
2003,Melbourne (CBD),Manufacturing,Non employing,2,
2003,Melbourne (CBD),Mining,Large business,3,2383
2003,Melbourne (CBD),Mining,Medium business,3,137
2003,Melbourne (CBD),Other Services,Large business,3,725
2003,Melbourne (CBD),"Professional, Scientific and Technical Services",Large business,38,19380
2003,Melbourne (CBD),"Professional, Scientific and Technical Services",Non employing,5,0
2003,Melbourne (CBD),"Professional, Scientific and Technical Services",Small business,1072,6384
2003,Melbourne (CBD),Public Administration and Safety,Medium business,70,4842
2003,Melbourne (CBD),Public Administration and Safety,Small business,65,495
2003,Melbourne (CBD),"Rental, Hiring and Real Estate Services",Medium business,22,1021
2003,Melbourne (CBD),"Rental, Hiring and Real Estate Services",Non employing,3,0
2003,Melbourne (CBD),"Transport, Postal and Warehousing",Medium business,24,1289
2003,Melbourne (Remainder),Accommodation and Food Services,Large business,1,
2003,Melbourne (Remainder),Administrative and Support Services,Medium business,1,
2003,Melbourne (Remainder),Arts and Recreation Services,Large business,1,
2003,Melbourne (Remainder),Arts and Recreation Services,Small business,9,72
2003,Melbourne (Remainder),"Electricity, Gas, Water and Waste Services",Non employing,3,0
2003,Melbourne (Remainder),"Electricity, Gas, Water and Waste Services",Small business,1,
2003,Melbourne (Remainder),Information Media and Telecommunications,Medium business,6,208
2003,Melbourne (Remainder),Information Media and Telecommunications,Small business,5,27
2003,Melbourne (Remainder),Manufacturing,Medium business,1,
2003,Melbourne (Remainder),Other Services,Non employing,6,0
2003,Melbourne (Remainder),"Professional, Scientific and Technical Services",Medium business,18,1315
2003,Melbourne (Remainder),Public Administration and Safety,Medium business,2,
2003,Melbourne (Remainder),"Transport, Postal and Warehousing",Small business,6,38
2003,North Melbourne,Administrative and Support Services,Medium business,6,384
2003,North Melbourne,Administrative and Support Services,Small business,27,146
2003,North Melbourne,Arts and Recreation Services,Medium business,7,327
2003,North Melbourne,Arts and Recreation Services,Small business,15,63
2003,North Melbourne,Education and Training,Small business,9,53
2003,North Melbourne,"Electricity, Gas, Water and Waste Services",Medium business,1,
2003,North Melbourne,Financial and Insurance Services,Small business,20,129
2003,North Melbourne,Health Care and Social Assistance,Medium business,3,160
2003,North Melbourne,Health Care and Social Assistance,Small business,32,162
2003,North Melbourne,Mining,Small business,1,
2003,North Melbourne,Other Services,Small business,112,526
2003,North Melbourne,"Professional, Scientific and Technical Services",Medium business,15,618
2003,North Melbourne,"Professional, Scientific and Technical Services",Small business,127,546
2003,North Melbourne,"Rental, Hiring and Real Estate Services",Small business,17,109
2003,North Melbourne,Retail Trade,Medium business,3,233
2003,North Melbourne,Retail Trade,Non employing,2,
2003,North Melbourne,"Transport, Postal and Warehousing",Medium business,5,197
2003,North Melbourne,"Transport, Postal and Warehousing",Small business,33,200
2003,North Melbourne,Wholesale Trade,Medium business,4,140
2003,Parkville,Education and Training,Large business,1,
2003,Parkville,"Electricity, Gas, Water and Waste Services",Medium business,1,
2003,Parkville,Financial and Insurance Services,Small business,5,29
2003,Parkville,Health Care and Social Assistance,Large business,5,9409
2003,Parkville,Health Care and Social Assistance,Non employing,1,
2003,Parkville,Other Services,Non employing,3,0
2003,Parkville,"Professional, Scientific and Technical Services",Medium business,3,316
2003,Parkville,Public Administration and Safety,Small business,3,26
2003,Parkville,Retail Trade,Non employing,1,
2003,Port Melbourne,Accommodation and Food Services,Medium business,2,
2003,Port Melbourne,Construction,Small business,7,50
2003,Port Melbourne,Information Media and Telecommunications,Large business,1,
2003,Port Melbourne,Information Media and Telecommunications,Small business,6,56
2003,Port Melbourne,Manufacturing,Large business,6,4951
2003,Port Melbourne,Other Services,Medium business,2,
2003,Port Melbourne,"Professional, Scientific and Technical Services",Medium business,8,603
2003,Port Melbourne,Public Administration and Safety,Medium business,2,
2003,Port Melbourne,Public Administration and Safety,Small business,1,
2003,Port Melbourne,"Rental, Hiring and Real Estate Services",Small business,2,
2003,Port Melbourne,Retail Trade,Medium business,3,98
2003,Port Melbourne,Retail Trade,Small business,5,29
2003,Port Melbourne,"Transport, Postal and Warehousing",Large business,2,
2003,Port Melbourne,"Transport, Postal and Warehousing",Medium business,8,413
2003,Port Melbourne,Wholesale Trade,Medium business,11,450
2003,South Yarra,Accommodation and Food Services,Medium business,3,71
2003,South Yarra,Accommodation and Food Services,Small business,11,66
2003,South Yarra,Education and Training,Small business,6,29
2003,South Yarra,Other Services,Small business,8,34
2003,South Yarra,Public Administration and Safety,Small business,2,
2003,Southbank,Administrative and Support Services,Medium business,4,101
2003,Southbank,Arts and Recreation Services,Medium business,8,585
2003,Southbank,Education and Training,Large business,2,
2003,Southbank,Education and Training,Medium business,3,227
2003,Southbank,Education and Training,Small business,5,30
2003,Southbank,Financial and Insurance Services,Large business,1,
2003,Southbank,Financial and Insurance Services,Medium business,7,433
2003,Southbank,Health Care and Social Assistance,Medium business,1,
2003,Southbank,Health Care and Social Assistance,Non employing,1,
2003,Southbank,Information Media and Telecommunications,Non employing,1,
2003,Southbank,Manufacturing,Small business,9,62
2003,Southbank,"Professional, Scientific and Technical Services",Small business,60,464
2003,Southbank,Public Administration and Safety,Small business,1,
2003,Southbank,"Rental, Hiring and Real Estate Services",Medium business,2,
2003,Southbank,"Rental, Hiring and Real Estate Services",Small business,13,77
2003,Southbank,"Transport, Postal and Warehousing",Medium business,4,221
2003,Southbank,"Transport, Postal and Warehousing",Non employing,1,
2003,West Melbourne (Industrial),Arts and Recreation Services,Non employing,6,0
2003,West Melbourne (Industrial),Arts and Recreation Services,Small business,1,
2003,West Melbourne (Industrial),"Electricity, Gas, Water and Waste Services",Non employing,7,0
2003,West Melbourne (Industrial),"Electricity, Gas, Water and Waste Services",Small business,2,
2003,West Melbourne (Industrial),Manufacturing,Medium business,5,294
2003,West Melbourne (Industrial),"Rental, Hiring and Real Estate Services",Small business,14,58
2003,West Melbourne (Industrial),Retail Trade,Medium business,1,
2003,West Melbourne (Industrial),"Transport, Postal and Warehousing",Medium business,24,1501
2003,West Melbourne (Industrial),"Transport, Postal and Warehousing",Non employing,36,0
2003,West Melbourne (Residential),Administrative and Support Services,Non employing,1,
2003,West Melbourne (Residential),Arts and Recreation Services,Large business,1,
2003,West Melbourne (Residential),Arts and Recreation Services,Small business,10,49
2003,West Melbourne (Residential),Construction,Small business,6,39
2003,West Melbourne (Residential),Education and Training,Small business,5,46
2003,West Melbourne (Residential),Health Care and Social Assistance,Small business,13,67
2003,West Melbourne (Residential),Other Services,Non employing,6,0
2003,West Melbourne (Residential),Other Services,Small business,61,314
2003,West Melbourne (Residential),Public Administration and Safety,Large business,2,
2003,West Melbourne (Residential),"Transport, Postal and Warehousing",Small business,21,129
2003,West Melbourne (Residential),Wholesale Trade,Medium business,6,210
2004,Carlton,Construction,Small business,7,41
2004,Carlton,Education and Training,Non employing,6,0
2004,Carlton,Education and Training,Small business,43,352
2004,Carlton,"Electricity, Gas, Water and Waste Services",Non employing,15,0
2004,Carlton,Financial and Insurance Services,Medium business,8,491
2004,Carlton,Financial and Insurance Services,Small business,36,233
2004,Carlton,Health Care and Social Assistance,Small business,78,443
2004,Carlton,Information Media and Telecommunications,Medium business,9,411
2004,Carlton,Information Media and Telecommunications,Non employing,1,
2004,Carlton,Information Media and Telecommunications,Small business,18,129
2004,Carlton,Manufacturing,Medium business,1,
2004,Carlton,Manufacturing,Small business,29,155
2004,Carlton,"Professional, Scientific and Technical Services",Small business,135,754
2004,Carlton,Retail Trade,Non employing,4,0
2004,Carlton,"Transport, Postal and Warehousing",Non employing,4,0
2004,Carlton,Wholesale Trade,Medium business,4,387
2004,Carlton,Wholesale Trade,Non employing,1,
2004,Carlton,Wholesale Trade,Small business,23,99
2004,Docklands,Accommodation and Food Services,Large business,2,
2004,Docklands,Accommodation and Food Services,Medium business,9,505
2004,Docklands,Arts and Recreation Services,Medium business,2,
2004,Docklands,Construction,Small business,4,34
2004,Docklands,"Electricity, Gas, Water and Waste Services",Medium business,1,
2004,Docklands,Information Media and Telecommunications,Large business,1,
2004,Docklands,Information Media and Telecommunications,Small business,2,
2004,Docklands,Other Services,Non employing,3,0
2004,Docklands,"Professional, Scientific and Technical Services",Small business,4,29
2004,Docklands,"Transport, Postal and Warehousing",Non employing,2,
2004,East Melbourne,Accommodation and Food Services,Large business,3,1882
2004,East Melbourne,Arts and Recreation Services,Large business,1,
2004,East Melbourne,Arts and Recreation Services,Small business,21,130
2004,East Melbourne,Education and Training,Medium business,7,533
2004,East Melbourne,"Electricity, Gas, Water and Waste Services",Non employing,4,0
2004,East Melbourne,Financial and Insurance Services,Large business,2,
2004,East Melbourne,Financial and Insurance Services,Small business,7,49
2004,East Melbourne,Health Care and Social Assistance,Large business,6,5089
2004,East Melbourne,Information Media and Telecommunications,Large business,1,
2004,East Melbourne,Manufacturing,Large business,1,
2004,East Melbourne,Other Services,Large business,1,
2004,East Melbourne,Other Services,Small business,38,177
2004,East Melbourne,"Professional, Scientific and Technical Services",Medium business,15,734
2004,East Melbourne,"Professional, Scientific and Technical Services",Small business,57,389
2004,East Melbourne,Public Administration and Safety,Large business,8,3209
2004,East Melbourne,Public Administration and Safety,Small business,3,22
2004,Kensington,"Electricity, Gas, Water and Waste Services",Non employing,5,0
2004,Kensington,Manufacturing,Medium business,9,373
2004,Kensington,Other Services,Medium business,1,
2004,Kensington,Public Administration and Safety,Non employing,1,
2004,Kensington,Public Administration and Safety,Small business,2,
2004,Kensington,"Rental, Hiring and Real Estate Services",Small business,1,
2004,Kensington,"Transport, Postal and Warehousing",Small business,3,11
2004,Melbourne (CBD),Administrative and Support Services,Large business,3,1111
2004,Melbourne (CBD),Administrative and Support Services,Medium business,81,3760
2004,Melbourne (CBD),Administrative and Support Services,Non employing,6,0
2004,Melbourne (CBD),Arts and Recreation Services,Medium business,22,1056
2004,Melbourne (CBD),Arts and Recreation Services,Non employing,8,0
2004,Melbourne (CBD),Construction,Medium business,12,603
2004,Melbourne (CBD),Construction,Non employing,1,
2004,Melbourne (CBD),Education and Training,Small business,103,698
2004,Melbourne (CBD),"Electricity, Gas, Water and Waste Services",Small business,14,99
2004,Melbourne (CBD),Financial and Insurance Services,Large business,45,28723
2004,Melbourne (CBD),Financial and Insurance Services,Small business,399,2754
2004,Melbourne (CBD),Health Care and Social Assistance,Non employing,2,
2004,Melbourne (CBD),Information Media and Telecommunications,Small business,150,951
2004,Melbourne (CBD),"Rental, Hiring and Real Estate Services",Small business,120,649
2004,Melbourne (CBD),Retail Trade,Small business,1319,6046
2004,Melbourne (CBD),"Transport, Postal and Warehousing",Large business,5,4062
2004,Melbourne (CBD),"Transport, Postal and Warehousing",Medium business,23,1461
2004,Melbourne (CBD),"Transport, Postal and Warehousing",Small business,78,567
2004,Melbourne (CBD),Wholesale Trade,Large business,2,
2004,Melbourne (Remainder),Accommodation and Food Services,Medium business,6,249
2004,Melbourne (Remainder),Administrative and Support Services,Medium business,1,
2004,Melbourne (Remainder),Arts and Recreation Services,Non employing,21,0
2004,Melbourne (Remainder),Arts and Recreation Services,Small business,13,91
2004,Melbourne (Remainder),Education and Training,Large business,2,
2004,Melbourne (Remainder),Financial and Insurance Services,Medium business,10,456
2004,Melbourne (Remainder),Health Care and Social Assistance,Large business,2,
2004,Melbourne (Remainder),Health Care and Social Assistance,Small business,43,186
2004,Melbourne (Remainder),Information Media and Telecommunications,Medium business,5,180
2004,Melbourne (Remainder),Manufacturing,Large business,1,
2004,Melbourne (Remainder),Mining,Medium business,1,
2004,Melbourne (Remainder),Mining,Small business,2,
2004,Melbourne (Remainder),Other Services,Non employing,7,0
2004,Melbourne (Remainder),Public Administration and Safety,Small business,2,
2004,Melbourne (Remainder),"Transport, Postal and Warehousing",Small business,7,61
2004,North Melbourne,Administrative and Support Services,Medium business,6,384
2004,North Melbourne,Construction,Small business,15,99
2004,North Melbourne,Education and Training,Medium business,5,198
2004,North Melbourne,Education and Training,Non employing,1,
2004,North Melbourne,"Electricity, Gas, Water and Waste Services",Non employing,20,0
2004,North Melbourne,Health Care and Social Assistance,Medium business,3,160
2004,North Melbourne,Information Media and Telecommunications,Medium business,3,153
2004,North Melbourne,Information Media and Telecommunications,Non employing,1,
2004,North Melbourne,Information Media and Telecommunications,Small business,26,122
2004,North Melbourne,Manufacturing,Small business,68,349
2004,North Melbourne,Public Administration and Safety,Medium business,3,112
2004,North Melbourne,Retail Trade,Medium business,3,233
2004,North Melbourne,Retail Trade,Non employing,2,
2004,North Melbourne,"Transport, Postal and Warehousing",Medium business,5,197
2004,North Melbourne,"Transport, Postal and Warehousing",Small business,33,200
2004,North Melbourne,Wholesale Trade,Medium business,4,140
2004,Parkville,Accommodation and Food Services,Non employing,2,
2004,Parkville,"Agriculture, Forestry and Fishing",Small business,1,
2004,Parkville,Arts and Recreation Services,Large business,1,
2004,Parkville,Arts and Recreation Services,Medium business,1,
2004,Parkville,Education and Training,Large business,1,
2004,Parkville,Financial and Insurance Services,Medium business,1,
2004,Parkville,Financial and Insurance Services,Small business,5,29
2004,Parkville,Health Care and Social Assistance,Small business,37,193
2004,Parkville,Information Media and Telecommunications,Non employing,1,
2004,Parkville,Manufacturing,Medium business,1,
2004,Parkville,Other Services,Non employing,3,0
2004,Parkville,Other Services,Small business,19,114
2004,Parkville,"Transport, Postal and Warehousing",Small business,3,12
2004,Parkville,Wholesale Trade,Small business,2,
2004,Port Melbourne,Accommodation and Food Services,Small business,4,26
2004,Port Melbourne,Construction,Small business,9,53
2004,Port Melbourne,"Electricity, Gas, Water and Waste Services",Non employing,5,0
2004,Port Melbourne,Financial and Insurance Services,Small business,3,14
2004,Port Melbourne,Information Media and Telecommunications,Large business,1,
2004,Port Melbourne,Information Media and Telecommunications,Small business,8,59
2004,Port Melbourne,Manufacturing,Medium business,15,1027
2004,Port Melbourne,Manufacturing,Small business,15,152
2004,Port Melbourne,"Professional, Scientific and Technical Services",Small business,23,185
2004,Port Melbourne,Public Administration and Safety,Large business,1,
2004,Port Melbourne,Public Administration and Safety,Small business,2,
2004,Port Melbourne,"Transport, Postal and Warehousing",Large business,2,
2004,Port Melbourne,Wholesale Trade,Large business,3,857
2004,Port Melbourne,Wholesale Trade,Small business,27,203
2004,South Yarra,Accommodation and Food Services,Medium business,3,71
2004,South Yarra,"Electricity, Gas, Water and Waste Services",Non employing,6,0
2004,South Yarra,Retail Trade,Small business,10,44
2004,Southbank,"Agriculture, Forestry and Fishing",Small business,1,
2004,Southbank,Arts and Recreation Services,Medium business,7,407
2004,Southbank,Construction,Small business,4,37
2004,Southbank,Education and Training,Medium business,3,179
2004,Southbank,Financial and Insurance Services,Small business,9,50
2004,Southbank,Health Care and Social Assistance,Large business,1,
2004,Southbank,Health Care and Social Assistance,Medium business,2,
2004,Southbank,Manufacturing,Small business,5,18
2004,Southbank,Mining,Large business,2,
2004,Southbank,"Professional, Scientific and Technical Services",Large business,1,
2004,Southbank,Public Administration and Safety,Small business,1,
2004,Southbank,Retail Trade,Medium business,8,378
2004,Southbank,"Transport, Postal and Warehousing",Medium business,5,255
2004,Southbank,"Transport, Postal and Warehousing",Small business,4,22
2004,Southbank,Wholesale Trade,Small business,19,120
2004,West Melbourne (Industrial),Accommodation and Food Services,Small business,10,43
2004,West Melbourne (Industrial),Administrative and Support Services,Medium business,1,
2004,West Melbourne (Industrial),Construction,Small business,4,20
2004,West Melbourne (Industrial),"Electricity, Gas, Water and Waste Services",Non employing,7,0
2004,West Melbourne (Industrial),Financial and Insurance Services,Small business,1,
2004,West Melbourne (Industrial),Manufacturing,Small business,14,165
2004,West Melbourne (Industrial),Other Services,Medium business,1,
2004,West Melbourne (Industrial),Other Services,Small business,6,46
2004,West Melbourne (Industrial),"Rental, Hiring and Real Estate Services",Medium business,1,
2004,West Melbourne (Industrial),"Transport, Postal and Warehousing",Medium business,24,1501
2004,West Melbourne (Industrial),"Transport, Postal and Warehousing",Non employing,36,0
2004,West Melbourne (Industrial),"Transport, Postal and Warehousing",Small business,25,212
2004,West Melbourne (Residential),Administrative and Support Services,Large business,1,
2004,West Melbourne (Residential),Administrative and Support Services,Small business,19,132
2004,West Melbourne (Residential),Construction,Medium business,3,170
2004,West Melbourne (Residential),Health Care and Social Assistance,Medium business,5,258
2004,West Melbourne (Residential),Information Media and Telecommunications,Small business,14,83
2004,West Melbourne (Residential),Manufacturing,Non employing,1,
2004,West Melbourne (Residential),Public Administration and Safety,Medium business,3,84
2004,West Melbourne (Residential),Retail Trade,Non employing,1,
2004,West Melbourne (Residential),Retail Trade,Small business,47,167
2004,West Melbourne (Residential),Wholesale Trade,Small business,39,202
2005,Carlton,Accommodation and Food Services,Medium business,23,718
2005,Carlton,Accommodation and Food Services,Small business,188,1333
2005,Carlton,Arts and Recreation Services,Large business,1,
2005,Carlton,Arts and Recreation Services,Non employing,17,0
2005,Carlton,Arts and Recreation Services,Small business,15,48
2005,Carlton,Financial and Insurance Services,Non employing,1,
2005,Carlton,Financial and Insurance Services,Small business,35,244
2005,Carlton,Health Care and Social Assistance,Medium business,12,652
2005,Carlton,Manufacturing,Medium business,1,
2005,Carlton,Manufacturing,Small business,31,170
2005,Carlton,Other Services,Medium business,16,752
2005,Carlton,"Professional, Scientific and Technical Services",Large business,4,1840
2005,Carlton,"Professional, Scientific and Technical Services",Non employing,3,0
2005,Carlton,Public Administration and Safety,Medium business,9,510
2005,Docklands,Accommodation and Food Services,Large business,1,
2005,Docklands,Accommodation and Food Services,Small business,78,676
2005,Docklands,Administrative and Support Services,Small business,13,78
2005,Docklands,"Agriculture, Forestry and Fishing",Small business,2,
2005,Docklands,Arts and Recreation Services,Large business,1,
2005,Docklands,Arts and Recreation Services,Non employing,3,0
2005,Docklands,Construction,Small business,6,43
2005,Docklands,Education and Training,Medium business,1,
2005,Docklands,Financial and Insurance Services,Large business,3,4450
2005,Docklands,Health Care and Social Assistance,Small business,7,49
2005,Docklands,Information Media and Telecommunications,Large business,2,
2005,Docklands,Information Media and Telecommunications,Medium business,3,210
2005,Docklands,Information Media and Telecommunications,Small business,4,33
2005,Docklands,Manufacturing,Medium business,1,
2005,Docklands,Manufacturing,Small business,2,
2005,Docklands,Other Services,Non employing,13,0
2005,Docklands,Other Services,Small business,16,48
2005,Docklands,Public Administration and Safety,Medium business,3,303
2005,Docklands,"Rental, Hiring and Real Estate Services",Medium business,2,
2005,Docklands,Retail Trade,Non employing,1,
2005,Docklands,Retail Trade,Small business,106,599
2005,Docklands,"Transport, Postal and Warehousing",Small business,24,155
2005,East Melbourne,Accommodation and Food Services,Large business,3,1872
2005,East Melbourne,Accommodation and Food Services,Medium business,6,189
2005,East Melbourne,Accommodation and Food Services,Non employing,3,0
2005,East Melbourne,Administrative and Support Services,Small business,10,69
2005,East Melbourne,Arts and Recreation Services,Medium business,7,382
2005,East Melbourne,Arts and Recreation Services,Non employing,17,0
2005,East Melbourne,Education and Training,Small business,5,53
2005,East Melbourne,"Electricity, Gas, Water and Waste Services",Large business,1,
2005,East Melbourne,"Electricity, Gas, Water and Waste Services",Medium business,1,
2005,East Melbourne,"Electricity, Gas, Water and Waste Services",Non employing,5,0
2005,East Melbourne,Financial and Insurance Services,Large business,1,
2005,East Melbourne,Health Care and Social Assistance,Large business,5,4338
2005,East Melbourne,Health Care and Social Assistance,Medium business,10,488
2005,East Melbourne,Health Care and Social Assistance,Non employing,5,0
2005,East Melbourne,Health Care and Social Assistance,Small business,151,713
2005,East Melbourne,Manufacturing,Medium business,1,
2005,East Melbourne,Other Services,Large business,1,
2005,East Melbourne,Other Services,Medium business,6,366
2005,East Melbourne,"Professional, Scientific and Technical Services",Large business,1,
2005,East Melbourne,"Professional, Scientific and Technical Services",Medium business,11,658
2005,East Melbourne,"Professional, Scientific and Technical Services",Small business,67,581
2005,East Melbourne,"Rental, Hiring and Real Estate Services",Small business,6,50
2005,Kensington,Construction,Non employing,1,
2005,Kensington,Health Care and Social Assistance,Small business,9,42
2005,Kensington,Manufacturing,Small business,15,92
2005,Kensington,Other Services,Small business,11,57
2005,Kensington,Public Administration and Safety,Small business,2,
2005,Kensington,Retail Trade,Small business,7,40
2005,Kensington,"Transport, Postal and Warehousing",Small business,3,11
2005,Melbourne (CBD),Administrative and Support Services,Non employing,4,0
2005,Melbourne (CBD),Construction,Medium business,10,585
2005,Melbourne (CBD),Education and Training,Large business,7,3648
2005,Melbourne (CBD),Education and Training,Medium business,48,2838
2005,Melbourne (CBD),"Electricity, Gas, Water and Waste Services",Large business,5,2333
2005,Melbourne (CBD),"Electricity, Gas, Water and Waste Services",Small business,11,90
2005,Melbourne (CBD),Financial and Insurance Services,Large business,44,27221
2005,Melbourne (CBD),Financial and Insurance Services,Non employing,1,
2005,Melbourne (CBD),Financial and Insurance Services,Small business,449,3057
2005,Melbourne (CBD),Information Media and Telecommunications,Non employing,6,0
2005,Melbourne (CBD),Information Media and Telecommunications,Small business,152,997
2005,Melbourne (CBD),Mining,Large business,2,
2005,Melbourne (CBD),Mining,Medium business,4,335
2005,Melbourne (CBD),Other Services,Large business,2,
2005,Melbourne (CBD),Other Services,Medium business,37,1904
2005,Melbourne (CBD),Other Services,Non employing,35,0
2005,Melbourne (CBD),Other Services,Small business,529,2223
2005,Melbourne (CBD),Public Administration and Safety,Small business,63,486
2005,Melbourne (CBD),Retail Trade,Large business,5,3348
2005,Melbourne (CBD),Retail Trade,Medium business,71,3631
2005,Melbourne (CBD),Retail Trade,Non employing,13,0
2005,Melbourne (CBD),"Transport, Postal and Warehousing",Medium business,25,1510
2005,Melbourne (CBD),"Transport, Postal and Warehousing",Non employing,14,0
2005,Melbourne (CBD),Wholesale Trade,Medium business,7,305
2005,Melbourne (Remainder),Accommodation and Food Services,Medium business,6,249
2005,Melbourne (Remainder),Accommodation and Food Services,Non employing,1,
2005,Melbourne (Remainder),Administrative and Support Services,Small business,21,118
2005,Melbourne (Remainder),Education and Training,Medium business,3,161
2005,Melbourne (Remainder),Health Care and Social Assistance,Large business,2,
2005,Melbourne (Remainder),Information Media and Telecommunications,Small business,6,35
2005,Melbourne (Remainder),Manufacturing,Small business,5,30
2005,Melbourne (Remainder),Other Services,Small business,22,73
2005,Melbourne (Remainder),"Professional, Scientific and Technical Services",Small business,53,376
2005,Melbourne (Remainder),Retail Trade,Small business,18,89
2005,Melbourne (Remainder),"Transport, Postal and Warehousing",Medium business,1,
2005,North Melbourne,Accommodation and Food Services,Non employing,5,0
2005,North Melbourne,"Agriculture, Forestry and Fishing",Small business,2,
2005,North Melbourne,Arts and Recreation Services,Medium business,4,168
2005,North Melbourne,Arts and Recreation Services,Small business,26,91
2005,North Melbourne,Construction,Medium business,5,145
2005,North Melbourne,Education and Training,Non employing,1,
2005,North Melbourne,Information Media and Telecommunications,Medium business,4,151
2005,North Melbourne,Manufacturing,Small business,65,329
2005,North Melbourne,Other Services,Non employing,12,0
2005,North Melbourne,Retail Trade,Small business,94,440
2005,North Melbourne,"Transport, Postal and Warehousing",Medium business,5,150
2005,North Melbourne,"Transport, Postal and Warehousing",Non employing,2,
2005,North Melbourne,Wholesale Trade,Non employing,2,
2005,Parkville,Accommodation and Food Services,Small business,36,236
2005,Parkville,Administrative and Support Services,Small business,3,18
2005,Parkville,"Agriculture, Forestry and Fishing",Small business,1,
2005,Parkville,Arts and Recreation Services,Medium business,2,
2005,Parkville,Arts and Recreation Services,Non employing,14,0
2005,Parkville,Arts and Recreation Services,Small business,3,28
2005,Parkville,Education and Training,Medium business,6,390
2005,Parkville,Education and Training,Non employing,1,
2005,Parkville,Education and Training,Small business,5,49
2005,Parkville,"Electricity, Gas, Water and Waste Services",Non employing,9,0
2005,Parkville,Health Care and Social Assistance,Medium business,2,
2005,Parkville,Health Care and Social Assistance,Non employing,1,
2005,Parkville,Health Care and Social Assistance,Small business,35,182
2005,Parkville,Information Media and Telecommunications,Non employing,2,
2005,Parkville,Other Services,Small business,19,121
2019,Melbourne (CBD),Manufacturing,Non employing,1,
2019,Melbourne (CBD),Manufacturing,Small business,216,747
2019,Melbourne (CBD),Other Services,Small business,860,3971
2019,Melbourne (CBD),"Professional, Scientific and Technical Services",Large business,40,19173
2019,Melbourne (CBD),"Professional, Scientific and Technical Services",Medium business,483,25589
2019,Melbourne (CBD),"Professional, Scientific and Technical Services",Non employing,3,0
2019,Melbourne (CBD),"Professional, Scientific and Technical Services",Small business,1305,9082
2019,Melbourne (CBD),Public Administration and Safety,Large business,31,19861
2019,Melbourne (CBD),Public Administration and Safety,Non employing,2,
2019,Melbourne (CBD),"Rental, Hiring and Real Estate Services",Medium business,60,3718
2019,Melbourne (CBD),"Rental, Hiring and Real Estate Services",Non employing,9,0
2019,Melbourne (CBD),Retail Trade,Non employing,11,0
2019,Melbourne (CBD),"Transport, Postal and Warehousing",Non employing,6,0
2019,Melbourne (CBD),"Transport, Postal and Warehousing",Small business,54,357
2019,Melbourne (CBD),Wholesale Trade,Medium business,5,111
2019,Melbourne (Remainder),Accommodation and Food Services,Medium business,7,311
2019,Melbourne (Remainder),Accommodation and Food Services,Small business,38,224
2019,Melbourne (Remainder),Administrative and Support Services,Medium business,1,
2019,Melbourne (Remainder),Arts and Recreation Services,Medium business,11,1082
2019,Melbourne (Remainder),"Electricity, Gas, Water and Waste Services",Non employing,2,
2019,Melbourne (Remainder),Financial and Insurance Services,Large business,2,
2019,Melbourne (Remainder),Health Care and Social Assistance,Large business,3,6052
2019,Melbourne (Remainder),"Professional, Scientific and Technical Services",Medium business,11,695
2019,Melbourne (Remainder),"Rental, Hiring and Real Estate Services",Small business,9,39
2019,Melbourne (Remainder),Retail Trade,Medium business,1,
2019,Melbourne (Remainder),Wholesale Trade,Small business,4,27
2019,North Melbourne,Accommodation and Food Services,Non employing,8,0
2019,North Melbourne,Administrative and Support Services,Small business,29,170
2019,North Melbourne,Arts and Recreation Services,Large business,1,
2019,North Melbourne,Health Care and Social Assistance,Large business,1,
2019,North Melbourne,Health Care and Social Assistance,Non employing,1,
2019,North Melbourne,Information Media and Telecommunications,Small business,12,81
2019,North Melbourne,Manufacturing,Medium business,6,201
2019,North Melbourne,Public Administration and Safety,Small business,6,32
2019,North Melbourne,"Rental, Hiring and Real Estate Services",Medium business,2,
2019,North Melbourne,"Transport, Postal and Warehousing",Non employing,4,0
2019,North Melbourne,"Transport, Postal and Warehousing",Small business,16,80
2019,North Melbourne,Wholesale Trade,Medium business,4,167
2019,Parkville,Administrative and Support Services,Medium business,2,
2019,Parkville,Administrative and Support Services,Small business,5,16
2019,Parkville,Education and Training,Large business,3,1177
2019,Parkville,Education and Training,Small business,12,119
2019,Parkville,"Electricity, Gas, Water and Waste Services",Non employing,5,0
2019,Parkville,Manufacturing,Large business,1,
2019,Parkville,Manufacturing,Small business,2,
2019,Parkville,Other Services,Medium business,5,146
2019,Parkville,"Professional, Scientific and Technical Services",Large business,1,
2019,Parkville,"Professional, Scientific and Technical Services",Small business,11,68
2019,Parkville,Wholesale Trade,Medium business,1,
2019,Port Melbourne,Accommodation and Food Services,Small business,16,97
2019,Port Melbourne,Arts and Recreation Services,Small business,6,38
2019,Port Melbourne,"Electricity, Gas, Water and Waste Services",Small business,3,26
2019,Port Melbourne,Health Care and Social Assistance,Non employing,1,
2019,Port Melbourne,Health Care and Social Assistance,Small business,5,44
2019,Port Melbourne,Information Media and Telecommunications,Large business,1,
2019,Port Melbourne,Manufacturing,Small business,58,412
2019,Port Melbourne,Public Administration and Safety,Non employing,2,
2019,Port Melbourne,Public Administration and Safety,Small business,10,75
2019,Port Melbourne,"Rental, Hiring and Real Estate Services",Small business,17,149
2019,Port Melbourne,Wholesale Trade,Large business,1,
2019,Port Melbourne,Wholesale Trade,Small business,43,331
2019,South Yarra,Accommodation and Food Services,Medium business,3,112
2019,South Yarra,Arts and Recreation Services,Non employing,4,0
2019,South Yarra,Education and Training,Small business,2,
2019,South Yarra,Manufacturing,Small business,1,
2019,South Yarra,Public Administration and Safety,Medium business,1,
2019,South Yarra,Retail Trade,Small business,4,16
2019,Southbank,Accommodation and Food Services,Large business,3,1431
2019,Southbank,Accommodation and Food Services,Small business,153,1282
2019,Southbank,Administrative and Support Services,Large business,1,
2019,Southbank,Administrative and Support Services,Medium business,17,914
2019,Southbank,Education and Training,Large business,2,
2019,Southbank,"Electricity, Gas, Water and Waste Services",Medium business,4,404
2019,Southbank,"Electricity, Gas, Water and Waste Services",Non employing,20,0
2019,Southbank,Information Media and Telecommunications,Medium business,12,938
2019,Southbank,Information Media and Telecommunications,Small business,6,44
2019,Southbank,Manufacturing,Small business,4,43
2019,Southbank,"Professional, Scientific and Technical Services",Large business,7,4114
2019,Southbank,"Professional, Scientific and Technical Services",Medium business,63,3480
2019,Southbank,Retail Trade,Small business,213,1511
2019,Southbank,"Transport, Postal and Warehousing",Large business,2,
2019,Southbank,Wholesale Trade,Medium business,5,246
2019,Southbank,Wholesale Trade,Small business,10,47
2019,West Melbourne (Industrial),Arts and Recreation Services,Non employing,8,0
2019,West Melbourne (Industrial),Construction,Small business,6,31
2019,West Melbourne (Industrial),Manufacturing,Small business,4,44
2019,West Melbourne (Industrial),"Professional, Scientific and Technical Services",Small business,5,53
2019,West Melbourne (Industrial),Retail Trade,Small business,3,22
2019,West Melbourne (Industrial),"Transport, Postal and Warehousing",Medium business,20,1216
2019,West Melbourne (Industrial),"Transport, Postal and Warehousing",Small business,23,195
2019,West Melbourne (Industrial),Wholesale Trade,Large business,1,
2019,West Melbourne (Industrial),Wholesale Trade,Medium business,4,143
2019,West Melbourne (Residential),Accommodation and Food Services,Medium business,2,
2019,West Melbourne (Residential),Education and Training,Medium business,8,342
2019,West Melbourne (Residential),Education and Training,Small business,15,123
2019,West Melbourne (Residential),Health Care and Social Assistance,Large business,1,
2019,West Melbourne (Residential),Health Care and Social Assistance,Medium business,4,235
2019,West Melbourne (Residential),Health Care and Social Assistance,Small business,21,102
2019,West Melbourne (Residential),Information Media and Telecommunications,Small business,4,35
2019,West Melbourne (Residential),Other Services,Small business,44,213
2019,West Melbourne (Residential),"Rental, Hiring and Real Estate Services",Non employing,2,
2019,West Melbourne (Residential),Retail Trade,Medium business,2,
2019,West Melbourne (Residential),Retail Trade,Small business,40,137
2020,Carlton,Accommodation and Food Services,Medium business,19,635
2020,Carlton,Construction,Medium business,1,
2020,Carlton,Construction,Small business,11,51
2020,Carlton,Education and Training,Small business,43,271
2020,Carlton,Information Media and Telecommunications,Medium business,5,257
2020,Carlton,Information Media and Telecommunications,Non employing,1,
2020,Carlton,Information Media and Telecommunications,Small business,7,53
2020,Carlton,Other Services,Non employing,9,0
2020,Carlton,"Professional, Scientific and Technical Services",Small business,92,564
2020,Carlton,Public Administration and Safety,Medium business,3,250
2020,Carlton,Retail Trade,Small business,101,453
2020,Carlton,Wholesale Trade,Medium business,1,
2020,Docklands,Accommodation and Food Services,Medium business,21,809
2020,Docklands,Accommodation and Food Services,Non employing,7,0
2020,Docklands,Administrative and Support Services,Medium business,7,345
2020,Docklands,"Electricity, Gas, Water and Waste Services",Large business,3,3721
2020,Docklands,"Electricity, Gas, Water and Waste Services",Non employing,9,0
2020,Docklands,Financial and Insurance Services,Large business,15,23873
2020,Docklands,Financial and Insurance Services,Small business,40,234
2020,Docklands,Information Media and Telecommunications,Medium business,6,434
2020,Docklands,Other Services,Medium business,3,297
2020,Docklands,Other Services,Small business,54,254
2020,Docklands,Retail Trade,Large business,2,
2020,Docklands,Retail Trade,Non employing,2,
2020,Docklands,Retail Trade,Small business,170,825
2020,Docklands,"Transport, Postal and Warehousing",Medium business,6,398
2020,Docklands,"Transport, Postal and Warehousing",Small business,21,149
2020,Docklands,Wholesale Trade,Small business,17,92
2020,East Melbourne,Accommodation and Food Services,Medium business,2,
2020,East Melbourne,Accommodation and Food Services,Small business,51,288
2020,East Melbourne,Administrative and Support Services,Small business,7,33
2020,East Melbourne,Arts and Recreation Services,Large business,2,
2020,East Melbourne,Construction,Medium business,2,
2020,East Melbourne,Education and Training,Large business,3,702
2020,East Melbourne,Financial and Insurance Services,Large business,1,
2020,East Melbourne,Financial and Insurance Services,Small business,8,38
2020,East Melbourne,Health Care and Social Assistance,Non employing,2,
2020,East Melbourne,Information Media and Telecommunications,Small business,4,48
2020,East Melbourne,Manufacturing,Large business,2,
2020,East Melbourne,Manufacturing,Small business,1,
2020,East Melbourne,Mining,Small business,1,
2020,East Melbourne,Other Services,Large business,1,
2020,East Melbourne,Other Services,Medium business,9,626
2020,East Melbourne,"Professional, Scientific and Technical Services",Medium business,11,625
2020,East Melbourne,Public Administration and Safety,Small business,4,45
2020,East Melbourne,"Rental, Hiring and Real Estate Services",Medium business,1,
2020,East Melbourne,"Transport, Postal and Warehousing",Non employing,1,
2020,Kensington,Accommodation and Food Services,Non employing,1,
2020,Kensington,Accommodation and Food Services,Small business,45,263
2020,Kensington,Administrative and Support Services,Medium business,3,138
2020,Kensington,Arts and Recreation Services,Large business,1,
2020,Kensington,Arts and Recreation Services,Non employing,63,0
2020,Kensington,Construction,Small business,20,157
2020,Kensington,"Electricity, Gas, Water and Waste Services",Non employing,9,0
2020,Kensington,Health Care and Social Assistance,Medium business,6,300
2020,Kensington,Health Care and Social Assistance,Small business,19,152
2020,Kensington,Information Media and Telecommunications,Medium business,2,
2020,Kensington,Information Media and Telecommunications,Small business,4,29
2020,Kensington,Manufacturing,Medium business,5,297
2020,Kensington,Other Services,Medium business,4,134
2020,Kensington,Other Services,Non employing,2,
2020,Kensington,"Professional, Scientific and Technical Services",Large business,1,
2020,Kensington,Public Administration and Safety,Medium business,2,
2020,Kensington,Retail Trade,Medium business,3,250
2020,Kensington,"Transport, Postal and Warehousing",Non employing,6,0
2020,Kensington,Wholesale Trade,Medium business,3,191
2020,Kensington,Wholesale Trade,Small business,26,150
2020,Melbourne (CBD),Accommodation and Food Services,Medium business,212,8637
2020,Melbourne (CBD),Accommodation and Food Services,Small business,1480,10975
2020,Melbourne (CBD),Administrative and Support Services,Medium business,84,4765
2020,Melbourne (CBD),Construction,Medium business,35,1549
2020,Melbourne (CBD),Education and Training,Non employing,8,0
2020,Melbourne (CBD),"Electricity, Gas, Water and Waste Services",Large business,7,6627
2020,Melbourne (CBD),"Electricity, Gas, Water and Waste Services",Small business,11,70
2020,Melbourne (CBD),Financial and Insurance Services,Medium business,171,9785
2020,Melbourne (CBD),Health Care and Social Assistance,Non employing,2,
2020,Melbourne (CBD),Information Media and Telecommunications,Large business,12,13922
2020,Melbourne (CBD),Information Media and Telecommunications,Medium business,31,1653
2020,Melbourne (CBD),Information Media and Telecommunications,Non employing,2,
2020,Melbourne (CBD),Manufacturing,Large business,1,
2020,Melbourne (CBD),Manufacturing,Medium business,8,551
2020,Melbourne (CBD),Manufacturing,Small business,183,601
2020,Melbourne (CBD),Mining,Large business,2,
2020,Melbourne (CBD),Mining,Medium business,4,152
2020,Melbourne (CBD),"Professional, Scientific and Technical Services",Small business,1103,7942
2020,Melbourne (CBD),Public Administration and Safety,Large business,29,19170
2020,Melbourne (CBD),"Rental, Hiring and Real Estate Services",Large business,7,2966
2020,Melbourne (CBD),"Rental, Hiring and Real Estate Services",Medium business,49,3149
2020,Melbourne (CBD),Retail Trade,Large business,3,1722
2020,Melbourne (CBD),Retail Trade,Medium business,67,2866
2020,Melbourne (CBD),Retail Trade,Non employing,13,0
2020,Melbourne (CBD),Retail Trade,Small business,1051,5596
2020,Melbourne (CBD),"Transport, Postal and Warehousing",Medium business,19,1157
2020,Melbourne (CBD),"Transport, Postal and Warehousing",Small business,51,329
2020,Melbourne (CBD),Wholesale Trade,Small business,92,457
2020,Melbourne (Remainder),Accommodation and Food Services,Large business,5,1914
2020,Melbourne (Remainder),Accommodation and Food Services,Medium business,7,307
2020,Melbourne (Remainder),Accommodation and Food Services,Small business,35,224
2020,Melbourne (Remainder),Arts and Recreation Services,Non employing,22,0
2020,Melbourne (Remainder),Health Care and Social Assistance,Non employing,2,
2020,Melbourne (Remainder),Health Care and Social Assistance,Small business,55,251
2020,Melbourne (Remainder),Other Services,Non employing,7,0
2020,Melbourne (Remainder),Other Services,Small business,12,64
2020,Melbourne (Remainder),"Professional, Scientific and Technical Services",Small business,14,129
2020,Melbourne (Remainder),Public Administration and Safety,Small business,2,
2020,Melbourne (Remainder),"Rental, Hiring and Real Estate Services",Medium business,2,
2020,Melbourne (Remainder),Retail Trade,Non employing,1,
2020,Melbourne (Remainder),"Transport, Postal and Warehousing",Non employing,2,
2020,North Melbourne,Accommodation and Food Services,Medium business,5,142
2020,North Melbourne,Accommodation and Food Services,Non employing,8,0
2020,North Melbourne,Accommodation and Food Services,Small business,119,544
2020,North Melbourne,"Agriculture, Forestry and Fishing",Small business,1,
2020,North Melbourne,Construction,Non employing,2,
2020,North Melbourne,Construction,Small business,20,171
2020,North Melbourne,Education and Training,Medium business,12,665
2020,North Melbourne,Education and Training,Non employing,1,
2020,North Melbourne,Financial and Insurance Services,Small business,11,63
2020,North Melbourne,Health Care and Social Assistance,Large business,2,
2020,North Melbourne,Health Care and Social Assistance,Small business,73,370
2020,North Melbourne,Information Media and Telecommunications,Medium business,4,136
2020,North Melbourne,Information Media and Telecommunications,Non employing,2,
2020,North Melbourne,Information Media and Telecommunications,Small business,11,69
2020,North Melbourne,Manufacturing,Small business,26,137
2020,North Melbourne,Other Services,Non employing,12,0
2020,North Melbourne,Public Administration and Safety,Medium business,4,227
2020,North Melbourne,Public Administration and Safety,Non employing,2,
2020,North Melbourne,Public Administration and Safety,Small business,3,18
2020,North Melbourne,"Rental, Hiring and Real Estate Services",Medium business,1,
2020,North Melbourne,"Rental, Hiring and Real Estate Services",Small business,17,102
2020,North Melbourne,Retail Trade,Medium business,4,283
2020,North Melbourne,"Transport, Postal and Warehousing",Small business,14,71
2020,North Melbourne,Wholesale Trade,Medium business,4,157
2020,North Melbourne,Wholesale Trade,Non employing,2,
2020,Parkville,Administrative and Support Services,Medium business,2,
2020,Parkville,Administrative and Support Services,Small business,1,
2020,Parkville,Education and Training,Small business,14,120
2020,Parkville,"Electricity, Gas, Water and Waste Services",Non employing,7,0
2020,Parkville,Financial and Insurance Services,Small business,7,37
2020,Parkville,Manufacturing,Small business,1,
2020,Parkville,Other Services,Small business,11,54
2020,Parkville,"Professional, Scientific and Technical Services",Medium business,8,406
2020,Parkville,"Rental, Hiring and Real Estate Services",Non employing,1,
2020,Parkville,"Transport, Postal and Warehousing",Non employing,2,
2020,Parkville,Wholesale Trade,Medium business,1,
2020,Port Melbourne,Accommodation and Food Services,Small business,16,95
2020,Port Melbourne,Administrative and Support Services,Medium business,4,300
2020,Port Melbourne,Arts and Recreation Services,Medium business,1,
2020,Port Melbourne,Arts and Recreation Services,Non employing,5,0
2020,Port Melbourne,Arts and Recreation Services,Small business,7,40
2020,Port Melbourne,Construction,Medium business,18,648
2020,Port Melbourne,Education and Training,Medium business,1,
2020,Port Melbourne,Education and Training,Non employing,1,
2020,Port Melbourne,Education and Training,Small business,8,80
2020,Port Melbourne,"Electricity, Gas, Water and Waste Services",Medium business,1,
2020,Port Melbourne,Health Care and Social Assistance,Medium business,1,
2020,Port Melbourne,Information Media and Telecommunications,Medium business,6,240
2020,Port Melbourne,Public Administration and Safety,Small business,10,75
2020,Port Melbourne,"Transport, Postal and Warehousing",Medium business,11,439
2020,Port Melbourne,"Transport, Postal and Warehousing",Non employing,5,0
2020,South Yarra,Accommodation and Food Services,Non employing,2,
2020,South Yarra,Administrative and Support Services,Small business,1,
2020,South Yarra,Education and Training,Medium business,3,142
2020,South Yarra,Information Media and Telecommunications,Small business,2,
2020,South Yarra,Other Services,Small business,7,23
2020,South Yarra,Retail Trade,Small business,3,12
2020,Southbank,Accommodation and Food Services,Large business,3,1431
2020,Southbank,Accommodation and Food Services,Medium business,72,3350
2020,Southbank,Accommodation and Food Services,Small business,157,1395
2020,Southbank,Administrative and Support Services,Medium business,15,711
2020,Southbank,"Agriculture, Forestry and Fishing",Small business,1,
2020,Southbank,Arts and Recreation Services,Large business,6,7895
2020,Southbank,Arts and Recreation Services,Medium business,19,1279
2020,Southbank,Arts and Recreation Services,Non employing,12,0
2020,Southbank,Arts and Recreation Services,Small business,19,111
2020,Southbank,Construction,Medium business,15,622
2020,Southbank,Construction,Small business,14,139
2020,Southbank,Education and Training,Large business,2,
2020,Southbank,Education and Training,Non employing,1,
2020,Southbank,Financial and Insurance Services,Large business,1,
2020,Southbank,Financial and Insurance Services,Medium business,13,880
2020,Southbank,Mining,Large business,1,
2020,Southbank,Other Services,Small business,18,78
2020,Southbank,"Professional, Scientific and Technical Services",Small business,41,365
2020,Southbank,"Rental, Hiring and Real Estate Services",Medium business,4,288
2020,Southbank,"Rental, Hiring and Real Estate Services",Non employing,2,
2020,Southbank,"Rental, Hiring and Real Estate Services",Small business,23,186
2020,Southbank,Retail Trade,Non employing,1,
2020,Southbank,Retail Trade,Small business,210,1381
2020,Southbank,"Transport, Postal and Warehousing",Small business,5,37
2020,West Melbourne (Industrial),Accommodation and Food Services,Small business,4,10
2020,West Melbourne (Industrial),"Electricity, Gas, Water and Waste Services",Small business,2,
2020,West Melbourne (Industrial),Information Media and Telecommunications,Non employing,3,0
2020,West Melbourne (Industrial),Manufacturing,Small business,1,
2020,West Melbourne (Industrial),Other Services,Medium business,1,
2020,West Melbourne (Industrial),Other Services,Small business,4,29
2020,West Melbourne (Industrial),Retail Trade,Small business,3,19
2020,West Melbourne (Industrial),"Transport, Postal and Warehousing",Large business,4,1581
2020,West Melbourne (Industrial),"Transport, Postal and Warehousing",Medium business,18,1056
2020,West Melbourne (Residential),Administrative and Support Services,Small business,6,25
2020,West Melbourne (Residential),Arts and Recreation Services,Medium business,4,356
2020,West Melbourne (Residential),Education and Training,Medium business,5,297
2020,West Melbourne (Residential),Education and Training,Small business,11,91
2020,West Melbourne (Residential),Other Services,Non employing,5,0
2020,West Melbourne (Residential),"Professional, Scientific and Technical Services",Non employing,2,
2020,West Melbourne (Residential),"Professional, Scientific and Technical Services",Small business,71,503
2020,West Melbourne (Residential),Retail Trade,Medium business,2,
2020,West Melbourne (Residential),Retail Trade,Non employing,1,
2020,West Melbourne (Residential),Retail Trade,Small business,31,106
2020,West Melbourne (Residential),"Transport, Postal and Warehousing",Small business,12,62
2021,Carlton,Arts and Recreation Services,Non employing,22,0
2021,Carlton,Arts and Recreation Services,Small business,19,90
2021,Carlton,Education and Training,Non employing,13,0
2021,Carlton,Financial and Insurance Services,Medium business,4,171
2021,Carlton,Information Media and Telecommunications,Medium business,5,257
2021,Carlton,"Professional, Scientific and Technical Services",Medium business,20,685
2021,Carlton,Public Administration and Safety,Large business,3,934
2021,Carlton,"Rental, Hiring and Real Estate Services",Small business,20,80
2021,Carlton,Retail Trade,Non employing,3,0
2021,Carlton,Wholesale Trade,Small business,10,55
2021,Docklands,Accommodation and Food Services,Medium business,22,904
2021,Docklands,Accommodation and Food Services,Non employing,6,0
2021,Docklands,Accommodation and Food Services,Small business,239,1450
2021,Docklands,Arts and Recreation Services,Medium business,5,256
2021,Docklands,Arts and Recreation Services,Small business,24,151
2021,Docklands,Construction,Large business,1,
2021,Docklands,Education and Training,Large business,1,
2021,Docklands,Education and Training,Medium business,8,610
2021,Docklands,Financial and Insurance Services,Large business,15,25583
2021,Docklands,Financial and Insurance Services,Non employing,1,
2021,Docklands,Financial and Insurance Services,Small business,25,130
2021,Docklands,Health Care and Social Assistance,Small business,29,120
2021,Docklands,Manufacturing,Medium business,3,270
2021,Docklands,"Professional, Scientific and Technical Services",Non employing,1,
2021,Docklands,Public Administration and Safety,Large business,5,8757
2021,Docklands,Public Administration and Safety,Medium business,10,911
2021,Docklands,"Rental, Hiring and Real Estate Services",Small business,51,293
2021,Docklands,Retail Trade,Small business,135,678
2021,Docklands,"Transport, Postal and Warehousing",Large business,4,2185
2021,East Melbourne,Accommodation and Food Services,Large business,3,3321
2021,East Melbourne,Administrative and Support Services,Medium business,1,
2021,East Melbourne,Arts and Recreation Services,Small business,9,48
2021,East Melbourne,Construction,Small business,1,
2021,East Melbourne,Financial and Insurance Services,Large business,1,
2021,East Melbourne,Financial and Insurance Services,Medium business,4,272
2021,East Melbourne,Financial and Insurance Services,Small business,8,38
2021,East Melbourne,Health Care and Social Assistance,Large business,4,2372
2021,East Melbourne,Health Care and Social Assistance,Medium business,33,1595
2021,East Melbourne,Health Care and Social Assistance,Non employing,2,
2021,East Melbourne,Manufacturing,Large business,2,
2021,East Melbourne,Manufacturing,Small business,1,
2021,East Melbourne,Other Services,Non employing,8,0
2021,East Melbourne,"Professional, Scientific and Technical Services",Small business,47,315
2021,East Melbourne,"Rental, Hiring and Real Estate Services",Small business,6,31
2021,East Melbourne,Retail Trade,Small business,12,75
2021,East Melbourne,"Transport, Postal and Warehousing",Non employing,1,
2021,Kensington,Accommodation and Food Services,Small business,47,251
2021,Kensington,Administrative and Support Services,Medium business,1,
2021,Kensington,"Agriculture, Forestry and Fishing",Small business,1,
2021,Kensington,Arts and Recreation Services,Medium business,13,744
2021,Kensington,Arts and Recreation Services,Non employing,63,0
2021,Kensington,Construction,Medium business,2,
2021,Kensington,Education and Training,Medium business,5,170
2021,Kensington,"Electricity, Gas, Water and Waste Services",Non employing,8,0
2021,Kensington,Information Media and Telecommunications,Medium business,2,
2021,Kensington,Manufacturing,Medium business,5,269
2021,Kensington,Manufacturing,Non employing,2,
2021,Kensington,Manufacturing,Small business,26,132
2021,Kensington,Other Services,Small business,35,146
2021,Kensington,"Transport, Postal and Warehousing",Non employing,5,0
2021,Melbourne (CBD),Accommodation and Food Services,Non employing,20,0
2021,Melbourne (CBD),Administrative and Support Services,Non employing,2,
2021,Melbourne (CBD),"Agriculture, Forestry and Fishing",Small business,3,3
2021,Melbourne (CBD),Arts and Recreation Services,Large business,2,
2021,Melbourne (CBD),Construction,Small business,77,552
2021,Melbourne (CBD),Education and Training,Small business,203,1743
2021,Melbourne (CBD),Financial and Insurance Services,Large business,32,24519
2021,Melbourne (CBD),Financial and Insurance Services,Small business,434,2969
2021,Melbourne (CBD),Health Care and Social Assistance,Large business,2,
2021,Melbourne (CBD),Information Media and Telecommunications,Non employing,4,0
2021,Melbourne (CBD),Manufacturing,Large business,1,
2021,Melbourne (CBD),Manufacturing,Small business,184,564
2021,Melbourne (CBD),Mining,Large business,2,
2021,Melbourne (CBD),Mining,Small business,16,120
2021,Melbourne (CBD),Other Services,Non employing,74,0
2021,Melbourne (CBD),"Professional, Scientific and Technical Services",Small business,1027,7255
2021,Melbourne (CBD),"Rental, Hiring and Real Estate Services",Medium business,51,3316
2021,Melbourne (CBD),Retail Trade,Large business,3,1722
2021,Melbourne (CBD),Retail Trade,Medium business,74,3258
2021,Melbourne (CBD),"Transport, Postal and Warehousing",Large business,4,4071
2021,Melbourne (CBD),"Transport, Postal and Warehousing",Non employing,11,0
2021,Melbourne (CBD),"Transport, Postal and Warehousing",Small business,43,279
2021,Melbourne (CBD),Wholesale Trade,Medium business,2,
2021,Melbourne (CBD),Wholesale Trade,Small business,91,453
2021,Melbourne (Remainder),Accommodation and Food Services,Medium business,6,283
2021,Melbourne (Remainder),Administrative and Support Services,Medium business,1,
2021,Melbourne (Remainder),Arts and Recreation Services,Large business,3,3308
2021,Melbourne (Remainder),Arts and Recreation Services,Medium business,12,1096
2021,Melbourne (Remainder),Education and Training,Small business,3,14
2021,Melbourne (Remainder),Financial and Insurance Services,Medium business,6,284
2021,Melbourne (Remainder),Other Services,Non employing,7,0
2021,Melbourne (Remainder),Other Services,Small business,12,53
2021,Melbourne (Remainder),"Professional, Scientific and Technical Services",Small business,11,102
2021,Melbourne (Remainder),Retail Trade,Non employing,1,
2021,Melbourne (Remainder),Retail Trade,Small business,14,85
2021,Melbourne (Remainder),Wholesale Trade,Medium business,2,
2021,Melbourne (Remainder),Wholesale Trade,Small business,2,
2021,North Melbourne,Accommodation and Food Services,Non employing,8,0
2021,North Melbourne,Accommodation and Food Services,Small business,119,544
2021,North Melbourne,"Agriculture, Forestry and Fishing",Small business,1,
2021,North Melbourne,Construction,Medium business,7,415
2021,North Melbourne,Education and Training,Small business,20,120
2021,North Melbourne,Financial and Insurance Services,Medium business,2,
2021,North Melbourne,Health Care and Social Assistance,Medium business,13,565
2021,North Melbourne,Health Care and Social Assistance,Non employing,4,0
2021,North Melbourne,Health Care and Social Assistance,Small business,73,370
2021,North Melbourne,Information Media and Telecommunications,Small business,11,69
2021,North Melbourne,Manufacturing,Medium business,5,193
2021,North Melbourne,Public Administration and Safety,Small business,3,18
2021,North Melbourne,"Rental, Hiring and Real Estate Services",Medium business,1,
2021,North Melbourne,Retail Trade,Medium business,4,283
2021,Parkville,Accommodation and Food Services,Medium business,16,1078
2021,Parkville,Accommodation and Food Services,Small business,59,386
2021,Parkville,Arts and Recreation Services,Small business,10,75
2021,Parkville,Education and Training,Large business,3,942
2021,Parkville,Health Care and Social Assistance,Large business,8,19653
2021,Parkville,Manufacturing,Large business,1,
2021,Parkville,Other Services,Medium business,4,123
2021,Parkville,"Professional, Scientific and Technical Services",Large business,1,
2021,Parkville,"Rental, Hiring and Real Estate Services",Medium business,1,
2021,Parkville,"Rental, Hiring and Real Estate Services",Non employing,1,
2021,Parkville,Retail Trade,Small business,20,99
2021,Parkville,Wholesale Trade,Medium business,1,
2021,Port Melbourne,"Agriculture, Forestry and Fishing",Small business,1,
2021,Port Melbourne,Arts and Recreation Services,Medium business,1,
2021,Port Melbourne,Arts and Recreation Services,Small business,6,30
2021,Port Melbourne,Education and Training,Medium business,1,
2021,Port Melbourne,Education and Training,Non employing,2,
2021,Port Melbourne,"Electricity, Gas, Water and Waste Services",Medium business,1,
2021,Port Melbourne,Health Care and Social Assistance,Non employing,1,
2021,Port Melbourne,Information Media and Telecommunications,Large business,1,
2021,Port Melbourne,Manufacturing,Large business,5,2356
2021,Port Melbourne,"Professional, Scientific and Technical Services",Medium business,12,575
2021,Port Melbourne,"Professional, Scientific and Technical Services",Small business,49,333
2021,Port Melbourne,Public Administration and Safety,Small business,9,66
2021,Port Melbourne,"Rental, Hiring and Real Estate Services",Medium business,4,97
2021,Port Melbourne,Retail Trade,Non employing,1,
2021,Port Melbourne,"Transport, Postal and Warehousing",Small business,14,103
2021,Port Melbourne,Wholesale Trade,Large business,1,
2021,Port Melbourne,Wholesale Trade,Non employing,2,
2021,South Yarra,Accommodation and Food Services,Medium business,2,
2021,South Yarra,Arts and Recreation Services,Non employing,4,0
2021,South Yarra,Education and Training,Large business,1,
2021,South Yarra,Education and Training,Non employing,6,0
2021,South Yarra,Education and Training,Small business,3,18
2021,South Yarra,"Electricity, Gas, Water and Waste Services",Non employing,6,0
2021,South Yarra,Health Care and Social Assistance,Medium business,1,
2021,South Yarra,Information Media and Telecommunications,Small business,1,
2021,South Yarra,Other Services,Small business,7,31
2021,Southbank,Accommodation and Food Services,Non employing,5,0
2021,Southbank,Accommodation and Food Services,Small business,138,1072
2021,Southbank,Administrative and Support Services,Large business,1,
2021,Southbank,Arts and Recreation Services,Non employing,15,0
2021,Southbank,Education and Training,Large business,2,
2021,Southbank,Education and Training,Small business,9,62
2021,Southbank,Financial and Insurance Services,Small business,17,121
2021,Southbank,Health Care and Social Assistance,Medium business,8,473
2021,Southbank,Manufacturing,Large business,3,3134
2021,Southbank,Manufacturing,Small business,5,38
2021,Southbank,Public Administration and Safety,Small business,1,
2021,Southbank,"Rental, Hiring and Real Estate Services",Medium business,5,309
2021,Southbank,"Rental, Hiring and Real Estate Services",Non employing,2,
2021,Southbank,Retail Trade,Non employing,1,
2021,Southbank,Retail Trade,Small business,196,1342
2021,Southbank,"Transport, Postal and Warehousing",Large business,2,
2021,Southbank,"Transport, Postal and Warehousing",Small business,4,31
2021,Southbank,Wholesale Trade,Medium business,3,222
2021,West Melbourne (Industrial),Construction,Medium business,1,
2021,West Melbourne (Industrial),"Electricity, Gas, Water and Waste Services",Small business,2,
2021,West Melbourne (Industrial),Other Services,Medium business,1,
2021,West Melbourne (Industrial),"Transport, Postal and Warehousing",Small business,15,148
2021,West Melbourne (Industrial),Wholesale Trade,Medium business,5,373
2021,West Melbourne (Residential),Accommodation and Food Services,Medium business,2,
2021,West Melbourne (Residential),Accommodation and Food Services,Small business,55,251
2021,West Melbourne (Residential),Arts and Recreation Services,Medium business,4,356
2021,West Melbourne (Residential),Arts and Recreation Services,Small business,7,29
2021,West Melbourne (Residential),Construction,Medium business,3,84
2021,West Melbourne (Residential),Health Care and Social Assistance,Medium business,5,293
2021,West Melbourne (Residential),Information Media and Telecommunications,Medium business,3,94
2021,West Melbourne (Residential),Manufacturing,Small business,7,48
2021,West Melbourne (Residential),Other Services,Small business,34,176
2021,West Melbourne (Residential),Public Administration and Safety,Small business,3,30
2022,Carlton,Accommodation and Food Services,Medium business,29,937
2022,Carlton,Accommodation and Food Services,Non employing,41,0
2022,Carlton,Accommodation and Food Services,Small business,230,1416
2022,Carlton,Administrative and Support Services,Medium business,2,
2022,Carlton,Administrative and Support Services,Small business,11,68
2022,Carlton,Arts and Recreation Services,Non employing,20,0
2022,Carlton,Education and Training,Small business,44,303
2022,Carlton,Health Care and Social Assistance,Large business,3,1217
2022,Carlton,Health Care and Social Assistance,Non employing,1,
2022,Carlton,Information Media and Telecommunications,Non employing,1,
2022,Carlton,Other Services,Large business,1,
2022,Carlton,Other Services,Medium business,19,992
2022,Carlton,Other Services,Non employing,9,0
2022,Carlton,"Professional, Scientific and Technical Services",Large business,1,
2022,Carlton,"Professional, Scientific and Technical Services",Medium business,20,657
2022,Carlton,"Professional, Scientific and Technical Services",Non employing,1,
2022,Carlton,"Professional, Scientific and Technical Services",Small business,75,503
2022,Carlton,"Rental, Hiring and Real Estate Services",Medium business,1,
2022,Carlton,Retail Trade,Medium business,5,259
2022,Carlton,Retail Trade,Small business,92,400
2022,Docklands,Accommodation and Food Services,Medium business,22,904
2022,Docklands,Accommodation and Food Services,Non employing,6,0
2022,Docklands,Accommodation and Food Services,Small business,239,1450
2022,Docklands,"Agriculture, Forestry and Fishing",Small business,1,
2022,Docklands,Arts and Recreation Services,Medium business,5,256
2022,Docklands,Financial and Insurance Services,Non employing,1,
2022,Docklands,Financial and Insurance Services,Small business,25,130
2022,Docklands,Manufacturing,Medium business,3,270
2022,Docklands,Manufacturing,Non employing,1,
2022,Docklands,Other Services,Non employing,17,0
2022,Docklands,"Professional, Scientific and Technical Services",Large business,17,10691
2022,Docklands,"Rental, Hiring and Real Estate Services",Medium business,4,267
2022,Docklands,"Rental, Hiring and Real Estate Services",Small business,51,293
2022,Docklands,"Transport, Postal and Warehousing",Large business,4,2185
2022,Docklands,"Transport, Postal and Warehousing",Medium business,6,390
2022,Docklands,"Transport, Postal and Warehousing",Non employing,6,0
2022,East Melbourne,Accommodation and Food Services,Medium business,4,118
2022,East Melbourne,Accommodation and Food Services,Small business,46,256
2022,East Melbourne,Construction,Medium business,1,
2022,East Melbourne,Construction,Non employing,1,
2022,East Melbourne,Construction,Small business,3,21
2022,East Melbourne,Education and Training,Small business,2,
2022,East Melbourne,Health Care and Social Assistance,Medium business,29,1487
2022,East Melbourne,Health Care and Social Assistance,Small business,176,968
2022,East Melbourne,Information Media and Telecommunications,Small business,4,49
2022,East Melbourne,Public Administration and Safety,Small business,4,45
2022,East Melbourne,"Rental, Hiring and Real Estate Services",Medium business,1,
2022,East Melbourne,"Rental, Hiring and Real Estate Services",Small business,5,22
2022,East Melbourne,Retail Trade,Non employing,1,
2022,East Melbourne,Retail Trade,Small business,11,66
2022,Kensington,Administrative and Support Services,Small business,5,21
2022,Kensington,"Agriculture, Forestry and Fishing",Small business,1,
2022,Kensington,Arts and Recreation Services,Non employing,63,0
2022,Kensington,Arts and Recreation Services,Small business,12,83
2022,Kensington,Financial and Insurance Services,Small business,1,
2022,Kensington,Information Media and Telecommunications,Medium business,2,
2022,Kensington,Information Media and Telecommunications,Non employing,3,0
2022,Kensington,Information Media and Telecommunications,Small business,2,
2022,Kensington,Manufacturing,Non employing,2,
2022,Kensington,"Professional, Scientific and Technical Services",Large business,1,
2022,Kensington,"Professional, Scientific and Technical Services",Medium business,9,442
2022,Kensington,Public Administration and Safety,Small business,2,
2022,Kensington,"Rental, Hiring and Real Estate Services",Small business,12,49
2022,Melbourne (CBD),Administrative and Support Services,Non employing,3,0
2022,Melbourne (CBD),"Agriculture, Forestry and Fishing",Non employing,1,
2022,Melbourne (CBD),"Agriculture, Forestry and Fishing",Small business,2,
2022,Melbourne (CBD),Arts and Recreation Services,Non employing,19,0
2022,Melbourne (CBD),Education and Training,Medium business,96,5906
2022,Melbourne (CBD),Education and Training,Small business,203,1681
2022,Melbourne (CBD),Financial and Insurance Services,Large business,34,24629
2022,Melbourne (CBD),Financial and Insurance Services,Non employing,5,0
2022,Melbourne (CBD),Financial and Insurance Services,Small business,377,2777
2022,Melbourne (CBD),Health Care and Social Assistance,Small business,292,1730
2022,Melbourne (CBD),Manufacturing,Large business,1,
2022,Melbourne (CBD),Manufacturing,Medium business,12,745
2022,Melbourne (CBD),Other Services,Large business,2,
2022,Melbourne (CBD),Other Services,Medium business,52,2302
2022,Melbourne (CBD),Other Services,Small business,684,3189
2022,Melbourne (CBD),"Professional, Scientific and Technical Services",Medium business,455,24807
2022,Melbourne (CBD),"Professional, Scientific and Technical Services",Non employing,11,0
2022,Melbourne (CBD),Public Administration and Safety,Medium business,79,6674
2022,Melbourne (CBD),"Rental, Hiring and Real Estate Services",Non employing,2,
2022,Melbourne (CBD),"Transport, Postal and Warehousing",Large business,3,3527
2022,Melbourne (CBD),"Transport, Postal and Warehousing",Medium business,14,485
2022,Melbourne (CBD),"Transport, Postal and Warehousing",Non employing,16,0
2022,Melbourne (CBD),Wholesale Trade,Medium business,5,315
2022,Melbourne (CBD),Wholesale Trade,Small business,86,401
2022,Melbourne (Remainder),Accommodation and Food Services,Small business,37,182
2022,Melbourne (Remainder),Arts and Recreation Services,Medium business,12,1096
2022,Melbourne (Remainder),Arts and Recreation Services,Non employing,24,0
2022,Melbourne (Remainder),Construction,Medium business,2,
2022,Melbourne (Remainder),Construction,Non employing,1,
2022,Melbourne (Remainder),Education and Training,Small business,3,14
2022,Melbourne (Remainder),"Electricity, Gas, Water and Waste Services",Medium business,1,
2022,Melbourne (Remainder),"Professional, Scientific and Technical Services",Medium business,6,469
2022,Melbourne (Remainder),"Professional, Scientific and Technical Services",Small business,11,102
2022,Melbourne (Remainder),"Rental, Hiring and Real Estate Services",Medium business,2,
2022,Melbourne (Remainder),Retail Trade,Medium business,1,
2022,Melbourne (Remainder),Retail Trade,Small business,14,85
2022,Melbourne (Remainder),"Transport, Postal and Warehousing",Small business,5,47
2022,North Melbourne,Accommodation and Food Services,Medium business,4,106
2022,North Melbourne,Accommodation and Food Services,Non employing,7,0
2022,North Melbourne,"Agriculture, Forestry and Fishing",Small business,2,
2022,North Melbourne,Construction,Medium business,7,325
2022,North Melbourne,Education and Training,Non employing,2,
2022,North Melbourne,Health Care and Social Assistance,Large business,2,
2022,North Melbourne,Health Care and Social Assistance,Medium business,14,717
2022,North Melbourne,Information Media and Telecommunications,Medium business,3,150
2022,North Melbourne,Information Media and Telecommunications,Non employing,1,
2022,North Melbourne,Other Services,Medium business,6,398
2022,North Melbourne,"Professional, Scientific and Technical Services",Large business,1,
2022,North Melbourne,"Professional, Scientific and Technical Services",Medium business,16,774
2022,North Melbourne,"Professional, Scientific and Technical Services",Small business,101,539
2022,North Melbourne,Public Administration and Safety,Medium business,4,292
2022,North Melbourne,Public Administration and Safety,Small business,3,13
2022,North Melbourne,Retail Trade,Non employing,3,0
2022,North Melbourne,"Transport, Postal and Warehousing",Medium business,3,161
2022,North Melbourne,"Transport, Postal and Warehousing",Small business,9,44
2022,North Melbourne,Wholesale Trade,Medium business,3,144
2022,Parkville,Accommodation and Food Services,Small business,48,312
2022,Parkville,Arts and Recreation Services,Medium business,3,131
2022,Parkville,Education and Training,Small business,11,100
2022,Parkville,Manufacturing,Large business,1,
2022,Parkville,Manufacturing,Small business,1,
2022,Parkville,Other Services,Medium business,3,162
2022,Parkville,"Professional, Scientific and Technical Services",Small business,6,49
2022,Parkville,Public Administration and Safety,Medium business,2,
2022,Parkville,Public Administration and Safety,Non employing,1,
2022,Parkville,"Rental, Hiring and Real Estate Services",Non employing,1,
2022,Parkville,"Transport, Postal and Warehousing",Non employing,2,
2022,Port Melbourne,Administrative and Support Services,Small business,16,133
2022,Port Melbourne,Education and Training,Medium business,1,
2022,Port Melbourne,Health Care and Social Assistance,Small business,3,25
2022,Port Melbourne,Information Media and Telecommunications,Large business,1,
2022,Port Melbourne,Information Media and Telecommunications,Small business,13,69
2022,Port Melbourne,Manufacturing,Non employing,2,
2022,Port Melbourne,"Professional, Scientific and Technical Services",Large business,1,
2022,Port Melbourne,Public Administration and Safety,Small business,9,66
2022,Port Melbourne,Retail Trade,Medium business,5,263
2022,Port Melbourne,"Transport, Postal and Warehousing",Non employing,2,
2022,Port Melbourne,Wholesale Trade,Large business,1,
2022,Port Melbourne,Wholesale Trade,Non employing,2,
2022,Port Melbourne,Wholesale Trade,Small business,35,286
2022,South Yarra,Accommodation and Food Services,Medium business,2,
2022,South Yarra,Accommodation and Food Services,Small business,9,87
2022,South Yarra,Administrative and Support Services,Small business,1,
2022,South Yarra,Education and Training,Small business,3,18
2022,South Yarra,"Electricity, Gas, Water and Waste Services",Non employing,6,0
2022,Southbank,Accommodation and Food Services,Large business,3,1502
2022,Southbank,Accommodation and Food Services,Non employing,5,0
2022,Southbank,Administrative and Support Services,Large business,1,
2022,Southbank,Administrative and Support Services,Small business,10,88
2022,Southbank,Arts and Recreation Services,Small business,16,81
2022,Southbank,Construction,Large business,1,
2022,Southbank,Construction,Medium business,11,515
2022,Southbank,Education and Training,Large business,2,
2022,Southbank,"Electricity, Gas, Water and Waste Services",Medium business,5,446
2022,Southbank,Other Services,Non employing,16,0
2022,Southbank,"Professional, Scientific and Technical Services",Large business,6,3800
2022,Southbank,"Professional, Scientific and Technical Services",Medium business,58,3462
2022,Southbank,"Professional, Scientific and Technical Services",Small business,31,296
2022,Southbank,Public Administration and Safety,Large business,2,
2022,Southbank,Public Administration and Safety,Medium business,6,383
2022,Southbank,Public Administration and Safety,Small business,1,
2022,Southbank,Retail Trade,Medium business,20,945
2022,Southbank,Retail Trade,Non employing,1,
2022,Southbank,Retail Trade,Small business,196,1342
2022,West Melbourne (Industrial),Construction,Small business,7,55
2022,West Melbourne (Industrial),"Electricity, Gas, Water and Waste Services",Non employing,5,0
2022,West Melbourne (Industrial),Other Services,Small business,4,26
2022,West Melbourne (Industrial),"Professional, Scientific and Technical Services",Medium business,2,
2022,West Melbourne (Industrial),Wholesale Trade,Medium business,6,299
2022,West Melbourne (Industrial),Wholesale Trade,Small business,24,151
2022,West Melbourne (Residential),Accommodation and Food Services,Non employing,3,0
2022,West Melbourne (Residential),Arts and Recreation Services,Small business,10,47
2022,West Melbourne (Residential),Construction,Medium business,6,235
2022,West Melbourne (Residential),Financial and Insurance Services,Small business,4,32
2022,West Melbourne (Residential),Health Care and Social Assistance,Large business,1,
2022,West Melbourne (Residential),Manufacturing,Small business,9,51
2022,West Melbourne (Residential),Mining,Medium business,1,
2022,West Melbourne (Residential),Other Services,Small business,27,125
2022,West Melbourne (Residential),"Professional, Scientific and Technical Services",Medium business,12,583
2022,West Melbourne (Residential),Retail Trade,Small business,28,95
2022,West Melbourne (Residential),"Transport, Postal and Warehousing",Small business,7,51
2023,Carlton,Administrative and Support Services,Large business,1,
2023,Carlton,Arts and Recreation Services,Large business,1,
2023,Carlton,Arts and Recreation Services,Medium business,5,359
2023,Carlton,Arts and Recreation Services,Non employing,21,0
2023,Carlton,Arts and Recreation Services,Small business,22,95
2023,Carlton,Financial and Insurance Services,Medium business,5,122
2023,Carlton,Health Care and Social Assistance,Medium business,16,1116
2023,Carlton,Information Media and Telecommunications,Medium business,7,285
2023,Carlton,Other Services,Medium business,20,908
2023,Carlton,"Professional, Scientific and Technical Services",Medium business,21,943
2023,Carlton,"Professional, Scientific and Technical Services",Small business,79,530
2023,Carlton,"Transport, Postal and Warehousing",Small business,3,14
2023,Docklands,Accommodation and Food Services,Medium business,31,1250
2023,Docklands,Administrative and Support Services,Medium business,4,126
2023,Docklands,Arts and Recreation Services,Medium business,4,204
2023,Docklands,Arts and Recreation Services,Non employing,24,0
2023,Docklands,"Electricity, Gas, Water and Waste Services",Large business,4,5248
2023,Docklands,"Electricity, Gas, Water and Waste Services",Non employing,8,0
2023,Docklands,Financial and Insurance Services,Medium business,6,517
2023,Docklands,Financial and Insurance Services,Small business,19,106
2023,Docklands,Information Media and Telecommunications,Small business,14,119
2023,Docklands,Manufacturing,Small business,14,76
2023,Docklands,Other Services,Medium business,7,327
2023,Docklands,"Professional, Scientific and Technical Services",Small business,121,735
2023,Docklands,"Rental, Hiring and Real Estate Services",Large business,1,
2023,Docklands,"Rental, Hiring and Real Estate Services",Medium business,9,784
2023,Docklands,"Rental, Hiring and Real Estate Services",Small business,58,363
2023,Docklands,Retail Trade,Large business,3,824
2023,Docklands,Retail Trade,Medium business,11,831
2023,Docklands,Retail Trade,Non employing,1,
2023,Docklands,Wholesale Trade,Medium business,1,
2023,East Melbourne,Accommodation and Food Services,Non employing,6,0
2023,East Melbourne,Administrative and Support Services,Non employing,1,
2023,East Melbourne,Administrative and Support Services,Small business,3,17
2023,East Melbourne,Arts and Recreation Services,Non employing,21,0
2023,East Melbourne,"Electricity, Gas, Water and Waste Services",Small business,1,
2023,East Melbourne,Health Care and Social Assistance,Large business,5,4186
2023,East Melbourne,Other Services,Small business,22,91
2023,East Melbourne,"Professional, Scientific and Technical Services",Small business,27,200
2023,East Melbourne,Public Administration and Safety,Small business,2,
2023,East Melbourne,"Rental, Hiring and Real Estate Services",Small business,6,33
2023,East Melbourne,"Transport, Postal and Warehousing",Non employing,2,
2023,Kensington,Accommodation and Food Services,Non employing,2,
2023,Kensington,Accommodation and Food Services,Small business,50,294
2023,Kensington,Administrative and Support Services,Medium business,1,
2023,Kensington,Administrative and Support Services,Small business,6,26
2023,Kensington,Arts and Recreation Services,Non employing,65,0
2023,Kensington,Arts and Recreation Services,Small business,10,61
2023,Kensington,Education and Training,Medium business,5,205
2023,Kensington,Education and Training,Small business,6,36
2023,Kensington,"Electricity, Gas, Water and Waste Services",Non employing,8,0
2023,Kensington,Financial and Insurance Services,Small business,2,
2023,Kensington,Health Care and Social Assistance,Medium business,8,384
2023,Kensington,Information Media and Telecommunications,Medium business,1,
2023,Kensington,Information Media and Telecommunications,Non employing,3,0
2023,Kensington,Information Media and Telecommunications,Small business,1,
2023,Kensington,Manufacturing,Non employing,4,0
2023,Kensington,Manufacturing,Small business,22,120
2023,Kensington,"Rental, Hiring and Real Estate Services",Medium business,2,
2023,Kensington,"Rental, Hiring and Real Estate Services",Non employing,1,
2023,Kensington,"Rental, Hiring and Real Estate Services",Small business,10,47
2023,Kensington,"Transport, Postal and Warehousing",Medium business,1,
2023,Kensington,"Transport, Postal and Warehousing",Non employing,3,0
2023,Kensington,Wholesale Trade,Non employing,3,0
2023,Melbourne (CBD),Accommodation and Food Services,Non employing,30,0
2023,Melbourne (CBD),Accommodation and Food Services,Small business,1301,9579
2023,Melbourne (CBD),Administrative and Support Services,Medium business,67,3698
2023,Melbourne (CBD),"Agriculture, Forestry and Fishing",Small business,2,
2023,Melbourne (CBD),Arts and Recreation Services,Small business,82,447
2023,Melbourne (CBD),Construction,Large business,5,1245
2023,Melbourne (CBD),Construction,Non employing,1,
2023,Melbourne (CBD),Education and Training,Large business,4,1155
2023,Melbourne (CBD),Education and Training,Medium business,96,5906
2023,Melbourne (CBD),Education and Training,Small business,203,1681
2023,Melbourne (CBD),"Electricity, Gas, Water and Waste Services",Medium business,14,798
2023,Melbourne (CBD),Financial and Insurance Services,Non employing,5,0
2023,Melbourne (CBD),Financial and Insurance Services,Small business,377,2777
2023,Melbourne (CBD),Health Care and Social Assistance,Large business,1,
2023,Melbourne (CBD),Health Care and Social Assistance,Medium business,54,2633
2023,Melbourne (CBD),Health Care and Social Assistance,Non employing,4,0
2023,Melbourne (CBD),Manufacturing,Large business,1,
2023,Melbourne (CBD),Manufacturing,Medium business,12,745
2023,Melbourne (CBD),Mining,Large business,1,
2023,Melbourne (CBD),Other Services,Small business,684,3189
2023,Melbourne (CBD),"Professional, Scientific and Technical Services",Non employing,11,0
2023,Melbourne (CBD),Public Administration and Safety,Non employing,5,0
2023,Melbourne (CBD),"Rental, Hiring and Real Estate Services",Medium business,50,3278
2023,Melbourne (CBD),"Rental, Hiring and Real Estate Services",Non employing,2,
2023,Melbourne (CBD),Retail Trade,Small business,1015,5620
2023,Melbourne (CBD),"Transport, Postal and Warehousing",Large business,3,3527
2023,Melbourne (CBD),"Transport, Postal and Warehousing",Medium business,14,485
2023,Melbourne (CBD),"Transport, Postal and Warehousing",Non employing,16,0
2023,Melbourne (CBD),Wholesale Trade,Medium business,5,315
2023,Melbourne (Remainder),Accommodation and Food Services,Small business,36,183
2023,Melbourne (Remainder),Arts and Recreation Services,Medium business,11,1277
2023,Melbourne (Remainder),Construction,Non employing,1,
2023,Melbourne (Remainder),Construction,Small business,6,30
2023,Melbourne (Remainder),Education and Training,Medium business,1,
2023,Melbourne (Remainder),"Electricity, Gas, Water and Waste Services",Medium business,1,
2023,Melbourne (Remainder),Financial and Insurance Services,Medium business,6,369
2023,Melbourne (Remainder),"Rental, Hiring and Real Estate Services",Medium business,2,
2023,North Melbourne,Accommodation and Food Services,Non employing,8,0
2023,North Melbourne,Education and Training,Non employing,1,
2023,North Melbourne,"Electricity, Gas, Water and Waste Services",Non employing,24,0
2023,North Melbourne,Financial and Insurance Services,Small business,7,36
2023,North Melbourne,Information Media and Telecommunications,Medium business,3,150
2023,North Melbourne,Information Media and Telecommunications,Small business,7,39
2023,North Melbourne,Other Services,Medium business,7,448
2023,North Melbourne,"Professional, Scientific and Technical Services",Large business,2,
2023,North Melbourne,"Professional, Scientific and Technical Services",Medium business,20,876
2023,North Melbourne,"Professional, Scientific and Technical Services",Small business,91,514
2023,North Melbourne,"Rental, Hiring and Real Estate Services",Non employing,1,
2023,North Melbourne,"Rental, Hiring and Real Estate Services",Small business,19,93
2023,North Melbourne,Retail Trade,Non employing,1,
2023,North Melbourne,Retail Trade,Small business,71,322
2023,North Melbourne,"Transport, Postal and Warehousing",Medium business,2,
2023,North Melbourne,"Transport, Postal and Warehousing",Non employing,1,
2023,North Melbourne,Wholesale Trade,Medium business,3,144
2023,North Melbourne,Wholesale Trade,Small business,35,202
2023,Parkville,Arts and Recreation Services,Large business,1,
2023,Parkville,Education and Training,Large business,9,3522
2023,Parkville,Education and Training,Non employing,4,0
2023,Parkville,"Electricity, Gas, Water and Waste Services",Non employing,7,0
2023,Parkville,Health Care and Social Assistance,Large business,8,25616
2023,Parkville,Health Care and Social Assistance,Medium business,13,732
2023,Parkville,Health Care and Social Assistance,Small business,66,370
2023,Parkville,Manufacturing,Large business,1,
2023,Parkville,Other Services,Medium business,3,146
2023,Parkville,"Professional, Scientific and Technical Services",Large business,1,
2023,Parkville,Public Administration and Safety,Non employing,1,
2023,Parkville,"Rental, Hiring and Real Estate Services",Medium business,1,
2023,Parkville,Retail Trade,Medium business,1,
2023,Parkville,Retail Trade,Small business,13,53
2023,Parkville,"Transport, Postal and Warehousing",Non employing,2,
2023,Port Melbourne,Construction,Small business,45,344
2023,Port Melbourne,Education and Training,Small business,4,23
2023,Port Melbourne,"Electricity, Gas, Water and Waste Services",Medium business,1,
2023,Port Melbourne,"Electricity, Gas, Water and Waste Services",Small business,4,20
2023,Port Melbourne,Health Care and Social Assistance,Medium business,2,
2023,Port Melbourne,Information Media and Telecommunications,Non employing,2,
2023,Port Melbourne,Manufacturing,Small business,53,372
2023,Port Melbourne,Other Services,Small business,15,103
2023,Port Melbourne,"Professional, Scientific and Technical Services",Medium business,14,778
2023,Port Melbourne,Public Administration and Safety,Large business,1,
2023,Port Melbourne,Public Administration and Safety,Non employing,2,
2023,Port Melbourne,"Rental, Hiring and Real Estate Services",Medium business,2,
2023,Port Melbourne,"Rental, Hiring and Real Estate Services",Small business,13,100
2023,Port Melbourne,Retail Trade,Non employing,1,
2023,Port Melbourne,Wholesale Trade,Non employing,1,
2023,South Yarra,Arts and Recreation Services,Non employing,4,0
2023,South Yarra,Arts and Recreation Services,Small business,1,
2023,South Yarra,Education and Training,Medium business,4,226
2023,South Yarra,Education and Training,Non employing,6,0
2023,South Yarra,Health Care and Social Assistance,Medium business,1,
2023,South Yarra,Information Media and Telecommunications,Small business,1,
2023,South Yarra,Public Administration and Safety,Medium business,1,
2023,Southbank,Accommodation and Food Services,Large business,3,1553
2023,Southbank,Administrative and Support Services,Medium business,10,503
2023,Southbank,Administrative and Support Services,Small business,9,85
2023,Southbank,"Agriculture, Forestry and Fishing",Medium business,1,
2023,Southbank,Arts and Recreation Services,Large business,6,9959
2023,Southbank,Arts and Recreation Services,Medium business,14,1144
2023,Southbank,Arts and Recreation Services,Non employing,15,0
2023,Southbank,Arts and Recreation Services,Small business,18,113
2023,Southbank,Construction,Medium business,11,597
2023,Southbank,Education and Training,Large business,1,
2023,Southbank,Education and Training,Non employing,1,
2023,Southbank,Education and Training,Small business,5,36
2023,Southbank,"Electricity, Gas, Water and Waste Services",Non employing,20,0
2023,Southbank,Financial and Insurance Services,Medium business,11,951
2023,Southbank,Information Media and Telecommunications,Large business,4,1754
2023,Southbank,Manufacturing,Medium business,7,719
2023,Southbank,Manufacturing,Small business,3,31
2023,Southbank,Other Services,Small business,19,75
2023,Southbank,Public Administration and Safety,Medium business,6,606
2023,Southbank,"Rental, Hiring and Real Estate Services",Medium business,15,823
2023,Southbank,"Rental, Hiring and Real Estate Services",Non employing,1,
2023,Southbank,Retail Trade,Non employing,1,
2023,Southbank,Retail Trade,Small business,191,1414
2023,Southbank,"Transport, Postal and Warehousing",Large business,2,
2023,Southbank,Wholesale Trade,Large business,2,
2023,Southbank,Wholesale Trade,Medium business,4,245
2023,West Melbourne (Industrial),Administrative and Support Services,Small business,1,
2023,West Melbourne (Industrial),"Electricity, Gas, Water and Waste Services",Non employing,5,0
2023,West Melbourne (Industrial),"Electricity, Gas, Water and Waste Services",Small business,2,
2023,West Melbourne (Industrial),Health Care and Social Assistance,Medium business,1,
2023,West Melbourne (Industrial),Other Services,Medium business,1,
2023,West Melbourne (Industrial),Public Administration and Safety,Medium business,1,
2023,West Melbourne (Industrial),"Rental, Hiring and Real Estate Services",Small business,2,
2023,West Melbourne (Industrial),Retail Trade,Medium business,1,
2023,West Melbourne (Industrial),"Transport, Postal and Warehousing",Small business,10,98
2023,West Melbourne (Residential),Accommodation and Food Services,Non employing,3,0
2023,West Melbourne (Residential),Administrative and Support Services,Medium business,1,
2023,West Melbourne (Residential),Arts and Recreation Services,Non employing,10,0
2023,West Melbourne (Residential),Arts and Recreation Services,Small business,11,47
2023,West Melbourne (Residential),Construction,Medium business,5,270
2023,West Melbourne (Residential),Education and Training,Non employing,1,
2023,West Melbourne (Residential),Information Media and Telecommunications,Medium business,1,
2023,West Melbourne (Residential),Manufacturing,Medium business,1,
2023,West Melbourne (Residential),Mining,Medium business,1,
2023,West Melbourne (Residential),Other Services,Non employing,5,0
2023,West Melbourne (Residential),"Professional, Scientific and Technical Services",Small business,64,421
2023,West Melbourne (Residential),Public Administration and Safety,Large business,1,
2023,West Melbourne (Residential),"Rental, Hiring and Real Estate Services",Small business,6,43
2023,West Melbourne (Residential),"Transport, Postal and Warehousing",Small business,6,42
2023,West Melbourne (Residential),Wholesale Trade,Non employing,1,
2024,Carlton,Administrative and Support Services,Large business,1,
2024,Carlton,Administrative and Support Services,Medium business,3,67
2024,Carlton,Construction,Small business,8,52
2024,Carlton,Education and Training,Large business,13,5791
2024,Carlton,"Electricity, Gas, Water and Waste Services",Non employing,14,0
2024,Carlton,Health Care and Social Assistance,Large business,3,1259
2024,Carlton,Health Care and Social Assistance,Small business,88,501
2024,Carlton,Information Media and Telecommunications,Non employing,1,
2024,Carlton,Information Media and Telecommunications,Small business,6,59
2024,Carlton,Manufacturing,Non employing,4,0
2024,Carlton,Manufacturing,Small business,17,89
2024,Carlton,Other Services,Medium business,20,908
2024,Carlton,Other Services,Small business,87,382
2024,Carlton,"Professional, Scientific and Technical Services",Small business,79,530
2024,Carlton,Public Administration and Safety,Medium business,2,
2024,Carlton,"Rental, Hiring and Real Estate Services",Small business,15,72
2024,Carlton,Retail Trade,Medium business,5,276
2024,Carlton,Retail Trade,Non employing,6,0
2024,Carlton,Retail Trade,Small business,98,448
2024,Carlton,Wholesale Trade,Small business,8,41
2024,Docklands,Administrative and Support Services,Non employing,3,0
2024,Docklands,"Agriculture, Forestry and Fishing",Small business,1,
2024,Docklands,Education and Training,Non employing,1,
2024,Docklands,"Electricity, Gas, Water and Waste Services",Large business,4,5248
2024,Docklands,"Electricity, Gas, Water and Waste Services",Small business,1,
2024,Docklands,Financial and Insurance Services,Large business,15,30191
2024,Docklands,Information Media and Telecommunications,Large business,5,3640
2024,Docklands,Information Media and Telecommunications,Medium business,9,612
2024,Docklands,Information Media and Telecommunications,Small business,14,119
2024,Docklands,Manufacturing,Small business,14,76
2024,Docklands,Other Services,Non employing,14,0
2024,Docklands,Other Services,Small business,54,170
2024,Docklands,"Professional, Scientific and Technical Services",Large business,17,12440
2024,Docklands,"Professional, Scientific and Technical Services",Small business,121,735
2024,Docklands,"Rental, Hiring and Real Estate Services",Medium business,9,784
2024,Docklands,Wholesale Trade,Small business,17,87
2024,East Melbourne,Accommodation and Food Services,Small business,46,257
2024,East Melbourne,Administrative and Support Services,Small business,3,17
2024,East Melbourne,Arts and Recreation Services,Non employing,21,0
2024,East Melbourne,Education and Training,Large business,2,
2024,East Melbourne,Education and Training,Medium business,2,
2024,East Melbourne,Education and Training,Small business,1,
2024,East Melbourne,Financial and Insurance Services,Large business,1,
2024,East Melbourne,Health Care and Social Assistance,Large business,5,4186
2024,East Melbourne,Health Care and Social Assistance,Non employing,3,0
2024,East Melbourne,Health Care and Social Assistance,Small business,183,993
2024,East Melbourne,Other Services,Medium business,13,863
2024,East Melbourne,"Professional, Scientific and Technical Services",Large business,1,
2024,East Melbourne,Public Administration and Safety,Large business,6,4252
2024,East Melbourne,Public Administration and Safety,Medium business,12,956
2024,East Melbourne,"Rental, Hiring and Real Estate Services",Small business,6,33
2024,East Melbourne,Retail Trade,Non employing,1,
2024,East Melbourne,Retail Trade,Small business,13,83
2024,East Melbourne,"Transport, Postal and Warehousing",Non employing,2,
2024,East Melbourne,"Transport, Postal and Warehousing",Small business,2,
2024,Kensington,Accommodation and Food Services,Medium business,4,165
2024,Kensington,Administrative and Support Services,Medium business,1,
2024,Kensington,Arts and Recreation Services,Large business,2,
2024,Kensington,Arts and Recreation Services,Non employing,65,0
2024,Kensington,Construction,Non employing,3,0
2024,Kensington,Education and Training,Medium business,5,205
2024,Kensington,"Electricity, Gas, Water and Waste Services",Non employing,8,0
2024,Kensington,Financial and Insurance Services,Small business,2,
2024,Kensington,Health Care and Social Assistance,Non employing,1,
2024,Kensington,Information Media and Telecommunications,Small business,1,
2024,Kensington,Manufacturing,Medium business,6,368
2024,Kensington,Manufacturing,Non employing,4,0
2024,Kensington,Manufacturing,Small business,22,120
2024,Kensington,"Professional, Scientific and Technical Services",Medium business,11,467
2024,Kensington,Public Administration and Safety,Medium business,1,
2024,Kensington,Retail Trade,Medium business,3,311
2024,Kensington,Retail Trade,Non employing,1,
2024,Kensington,"Transport, Postal and Warehousing",Medium business,1,
2024,Kensington,"Transport, Postal and Warehousing",Non employing,3,0
2024,Kensington,"Transport, Postal and Warehousing",Small business,4,11
2024,Melbourne (CBD),Accommodation and Food Services,Large business,6,2347
2024,Melbourne (CBD),Accommodation and Food Services,Small business,1421,10719
2024,Melbourne (CBD),Administrative and Support Services,Medium business,69,3701
2024,Melbourne (CBD),Arts and Recreation Services,Non employing,24,0
2024,Melbourne (CBD),Arts and Recreation Services,Small business,97,487
2024,Melbourne (CBD),"Electricity, Gas, Water and Waste Services",Large business,5,5321
2024,Melbourne (CBD),"Electricity, Gas, Water and Waste Services",Medium business,16,948
2024,Melbourne (CBD),Financial and Insurance Services,Medium business,199,10707
2024,Melbourne (CBD),Financial and Insurance Services,Non employing,4,0
2024,Melbourne (CBD),Health Care and Social Assistance,Non employing,2,
2024,Melbourne (CBD),Manufacturing,Medium business,10,409
2024,Melbourne (CBD),Mining,Large business,1,
2024,Melbourne (CBD),Mining,Medium business,8,686
2024,Melbourne (CBD),Other Services,Large business,2,
2024,Melbourne (CBD),Other Services,Medium business,55,2783
2024,Melbourne (CBD),Public Administration and Safety,Small business,44,388
2024,Melbourne (CBD),"Rental, Hiring and Real Estate Services",Medium business,49,2805
2024,Melbourne (CBD),"Rental, Hiring and Real Estate Services",Non employing,1,
2024,Melbourne (CBD),Retail Trade,Medium business,90,3977
2024,Melbourne (CBD),"Transport, Postal and Warehousing",Medium business,17,779
2024,Melbourne (CBD),"Transport, Postal and Warehousing",Non employing,12,0
2024,Melbourne (Remainder),Accommodation and Food Services,Large business,5,2276
2024,Melbourne (Remainder),Administrative and Support Services,Medium business,1,
2024,Melbourne (Remainder),Arts and Recreation Services,Small business,10,71
2024,Melbourne (Remainder),Education and Training,Small business,3,15
2024,Melbourne (Remainder),"Electricity, Gas, Water and Waste Services",Non employing,2,
2024,Melbourne (Remainder),Financial and Insurance Services,Large business,2,
2024,Melbourne (Remainder),Manufacturing,Small business,4,6
2024,Melbourne (Remainder),Other Services,Non employing,7,0
2024,Melbourne (Remainder),Other Services,Small business,9,39
2024,Melbourne (Remainder),Public Administration and Safety,Medium business,1,
2024,North Melbourne,Accommodation and Food Services,Medium business,4,115
2024,North Melbourne,Accommodation and Food Services,Non employing,8,0
2024,North Melbourne,Administrative and Support Services,Non employing,1,
2024,North Melbourne,Arts and Recreation Services,Non employing,14,0
2024,North Melbourne,Arts and Recreation Services,Small business,40,201
2024,North Melbourne,Construction,Medium business,9,318
2024,North Melbourne,Education and Training,Small business,21,163
2024,North Melbourne,Manufacturing,Non employing,1,
2024,North Melbourne,"Professional, Scientific and Technical Services",Large business,2,
2024,North Melbourne,"Rental, Hiring and Real Estate Services",Small business,19,93
2024,North Melbourne,Retail Trade,Medium business,5,264
2024,North Melbourne,"Transport, Postal and Warehousing",Non employing,1,
2024,North Melbourne,"Transport, Postal and Warehousing",Small business,12,55
2024,Parkville,Accommodation and Food Services,Large business,1,
2024,Parkville,Accommodation and Food Services,Medium business,18,1054
2024,Parkville,Accommodation and Food Services,Non employing,8,0
2024,Parkville,Arts and Recreation Services,Medium business,5,172
2024,Parkville,Arts and Recreation Services,Non employing,27,0
2024,Parkville,"Electricity, Gas, Water and Waste Services",Non employing,7,0
2024,Parkville,"Professional, Scientific and Technical Services",Small business,8,89
2024,Parkville,"Rental, Hiring and Real Estate Services",Medium business,1,
2024,Port Melbourne,Administrative and Support Services,Small business,16,159
2024,Port Melbourne,"Agriculture, Forestry and Fishing",Small business,1,
2024,Port Melbourne,Education and Training,Non employing,1,
2024,Port Melbourne,"Electricity, Gas, Water and Waste Services",Small business,4,20
2024,Port Melbourne,Manufacturing,Large business,4,2107
2024,Port Melbourne,Manufacturing,Medium business,29,1563
2024,Port Melbourne,Manufacturing,Small business,53,372
2024,Port Melbourne,Other Services,Medium business,4,103
2024,Port Melbourne,"Professional, Scientific and Technical Services",Non employing,1,
2024,Port Melbourne,Public Administration and Safety,Large business,1,
2024,Port Melbourne,Public Administration and Safety,Non employing,2,
2024,Port Melbourne,Public Administration and Safety,Small business,8,47
2024,Port Melbourne,"Rental, Hiring and Real Estate Services",Medium business,2,
2024,Port Melbourne,Retail Trade,Medium business,6,241
2024,Port Melbourne,Retail Trade,Non employing,1,
2024,Port Melbourne,Wholesale Trade,Large business,1,
2024,Port Melbourne,Wholesale Trade,Medium business,10,471
2024,Port Melbourne,Wholesale Trade,Small business,41,297
2024,South Yarra,Accommodation and Food Services,Medium business,5,193
2024,South Yarra,Arts and Recreation Services,Small business,1,
2024,South Yarra,Education and Training,Medium business,4,226
2024,South Yarra,Education and Training,Non employing,6,0
2024,South Yarra,"Electricity, Gas, Water and Waste Services",Non employing,6,0
2024,South Yarra,Health Care and Social Assistance,Medium business,1,
2024,South Yarra,Information Media and Telecommunications,Small business,1,
2024,South Yarra,Other Services,Non employing,1,
2024,South Yarra,Public Administration and Safety,Medium business,1,
2024,South Yarra,Retail Trade,Small business,4,22
2024,Southbank,Accommodation and Food Services,Large business,3,1553
2024,Southbank,Accommodation and Food Services,Medium business,79,3872
2024,Southbank,Construction,Small business,10,93
2024,Southbank,"Electricity, Gas, Water and Waste Services",Large business,3,1203
2024,Southbank,Financial and Insurance Services,Small business,13,100
2024,Southbank,Health Care and Social Assistance,Small business,24,204
2024,Southbank,Information Media and Telecommunications,Small business,5,48
2024,Southbank,Manufacturing,Medium business,7,719
2024,Southbank,Other Services,Small business,19,75
2024,Southbank,"Professional, Scientific and Technical Services",Medium business,50,3576
2024,Southbank,"Rental, Hiring and Real Estate Services",Large business,1,
2024,Southbank,"Rental, Hiring and Real Estate Services",Medium business,15,823
2024,Southbank,"Rental, Hiring and Real Estate Services",Non employing,1,
2024,Southbank,"Rental, Hiring and Real Estate Services",Small business,19,150
2024,Southbank,Retail Trade,Small business,191,1414
2024,Southbank,"Transport, Postal and Warehousing",Large business,2,
2024,Southbank,Wholesale Trade,Large business,2,
2024,Southbank,Wholesale Trade,Small business,7,72
2024,West Melbourne (Industrial),Accommodation and Food Services,Small business,4,12
2024,West Melbourne (Industrial),"Electricity, Gas, Water and Waste Services",Medium business,2,
2024,West Melbourne (Industrial),Information Media and Telecommunications,Non employing,3,0
2024,West Melbourne (Industrial),Manufacturing,Medium business,4,188
2024,West Melbourne (Industrial),Manufacturing,Small business,2,
2024,West Melbourne (Residential),Accommodation and Food Services,Non employing,3,0
2024,West Melbourne (Residential),Administrative and Support Services,Medium business,1,
2024,West Melbourne (Residential),Arts and Recreation Services,Non employing,10,0
2024,West Melbourne (Residential),Education and Training,Non employing,1,
2024,West Melbourne (Residential),"Electricity, Gas, Water and Waste Services",Non employing,8,0
2024,West Melbourne (Residential),Financial and Insurance Services,Medium business,4,101
2024,West Melbourne (Residential),Health Care and Social Assistance,Medium business,2,
2024,West Melbourne (Residential),Information Media and Telecommunications,Medium business,1,
2024,West Melbourne (Residential),Other Services,Medium business,4,244
2024,West Melbourne (Residential),Other Services,Small business,41,170
2024,West Melbourne (Residential),Public Administration and Safety,Large business,1,
2024,West Melbourne (Residential),"Rental, Hiring and Real Estate Services",Non employing,1,
2024,West Melbourne (Residential),Retail Trade,Medium business,5,138
2024,West Melbourne (Residential),Retail Trade,Small business,34,156
2024,West Melbourne (Residential),Wholesale Trade,Small business,15,89
2005,Parkville,Retail Trade,Small business,17,83
2005,Parkville,"Transport, Postal and Warehousing",Non employing,1,
2005,Port Melbourne,Accommodation and Food Services,Small business,4,26
2005,Port Melbourne,Arts and Recreation Services,Medium business,1,
2005,Port Melbourne,Arts and Recreation Services,Non employing,5,0
2005,Port Melbourne,Arts and Recreation Services,Small business,2,
2005,Port Melbourne,Construction,Medium business,4,113
2005,Port Melbourne,Education and Training,Large business,1,
2005,Port Melbourne,Financial and Insurance Services,Small business,3,14
2005,Port Melbourne,Information Media and Telecommunications,Large business,1,
2005,Port Melbourne,Information Media and Telecommunications,Non employing,1,
2005,Port Melbourne,Information Media and Telecommunications,Small business,8,59
2005,Port Melbourne,Manufacturing,Large business,5,4669
2005,Port Melbourne,Mining,Small business,1,
2005,Port Melbourne,Other Services,Medium business,2,
2005,Port Melbourne,Other Services,Small business,1,
2005,Port Melbourne,Public Administration and Safety,Medium business,1,
2005,Port Melbourne,Public Administration and Safety,Small business,2,
2005,Port Melbourne,"Rental, Hiring and Real Estate Services",Medium business,1,
2005,Port Melbourne,"Rental, Hiring and Real Estate Services",Small business,3,13
2005,Port Melbourne,"Transport, Postal and Warehousing",Large business,2,
2005,Port Melbourne,"Transport, Postal and Warehousing",Small business,13,115
2005,South Yarra,Accommodation and Food Services,Medium business,3,71
2005,South Yarra,Arts and Recreation Services,Non employing,4,0
2005,South Yarra,Education and Training,Medium business,4,263
2005,South Yarra,"Electricity, Gas, Water and Waste Services",Non employing,6,0
2005,South Yarra,Public Administration and Safety,Small business,1,
2005,Southbank,Accommodation and Food Services,Large business,1,
2005,Southbank,"Agriculture, Forestry and Fishing",Medium business,2,
2005,Southbank,Construction,Medium business,4,202
2005,Southbank,Education and Training,Medium business,3,179
2005,Southbank,Education and Training,Small business,5,52
2005,Southbank,"Electricity, Gas, Water and Waste Services",Non employing,18,0
2005,Southbank,"Electricity, Gas, Water and Waste Services",Small business,1,
2005,Southbank,Health Care and Social Assistance,Medium business,2,
2005,Southbank,Manufacturing,Medium business,4,253
2005,Southbank,Manufacturing,Small business,5,18
2005,Southbank,Mining,Small business,3,19
2005,Southbank,"Rental, Hiring and Real Estate Services",Small business,15,119
2005,Southbank,"Transport, Postal and Warehousing",Non employing,1,
2005,Southbank,"Transport, Postal and Warehousing",Small business,4,22
2005,West Melbourne (Industrial),"Electricity, Gas, Water and Waste Services",Medium business,2,
2005,West Melbourne (Industrial),"Electricity, Gas, Water and Waste Services",Small business,1,
2005,West Melbourne (Industrial),Financial and Insurance Services,Small business,1,
2005,West Melbourne (Industrial),Manufacturing,Medium business,7,323
2005,West Melbourne (Industrial),Manufacturing,Small business,11,109
2005,West Melbourne (Industrial),"Rental, Hiring and Real Estate Services",Small business,15,70
2005,West Melbourne (Industrial),"Transport, Postal and Warehousing",Medium business,24,1603
2005,West Melbourne (Industrial),"Transport, Postal and Warehousing",Non employing,31,0
2005,West Melbourne (Industrial),Wholesale Trade,Medium business,34,1243
2005,West Melbourne (Residential),Accommodation and Food Services,Medium business,1,
2005,West Melbourne (Residential),Accommodation and Food Services,Non employing,2,
2005,West Melbourne (Residential),Arts and Recreation Services,Medium business,2,
2005,West Melbourne (Residential),Arts and Recreation Services,Non employing,9,0
2005,West Melbourne (Residential),Construction,Medium business,2,
2005,West Melbourne (Residential),Construction,Small business,8,71
2005,West Melbourne (Residential),Education and Training,Small business,6,52
2005,West Melbourne (Residential),Financial and Insurance Services,Small business,12,59
2005,West Melbourne (Residential),Information Media and Telecommunications,Small business,19,112
2005,West Melbourne (Residential),Other Services,Small business,63,278
2005,West Melbourne (Residential),"Professional, Scientific and Technical Services",Medium business,11,778
2005,West Melbourne (Residential),"Professional, Scientific and Technical Services",Non employing,2,
2005,West Melbourne (Residential),Public Administration and Safety,Large business,1,
2005,West Melbourne (Residential),Public Administration and Safety,Medium business,3,144
2005,West Melbourne (Residential),"Transport, Postal and Warehousing",Large business,1,
2006,Carlton,Administrative and Support Services,Medium business,4,105
2006,Carlton,Administrative and Support Services,Small business,31,178
2006,Carlton,Arts and Recreation Services,Medium business,4,207
2006,Carlton,Construction,Medium business,5,196
2006,Carlton,Construction,Non employing,1,
2006,Carlton,Education and Training,Small business,37,278
2006,Carlton,"Electricity, Gas, Water and Waste Services",Non employing,16,0
2006,Carlton,Financial and Insurance Services,Small business,35,244
2006,Carlton,Health Care and Social Assistance,Large business,3,3052
2006,Carlton,Health Care and Social Assistance,Small business,86,495
2006,Carlton,Information Media and Telecommunications,Non employing,1,
2006,Carlton,Information Media and Telecommunications,Small business,16,107
2006,Carlton,Manufacturing,Medium business,1,
2006,Carlton,"Professional, Scientific and Technical Services",Non employing,3,0
2006,Carlton,"Professional, Scientific and Technical Services",Small business,139,783
2006,Carlton,Public Administration and Safety,Medium business,9,510
2006,Carlton,Retail Trade,Small business,155,721
2006,Docklands,Accommodation and Food Services,Large business,1,
2006,Docklands,Accommodation and Food Services,Non employing,1,
2006,Docklands,Accommodation and Food Services,Small business,78,676
2006,Docklands,Administrative and Support Services,Medium business,3,283
2006,Docklands,Administrative and Support Services,Small business,13,78
2006,Docklands,Construction,Small business,6,43
2006,Docklands,Education and Training,Medium business,1,
2006,Docklands,"Electricity, Gas, Water and Waste Services",Non employing,6,0
2006,Docklands,Financial and Insurance Services,Large business,3,4450
2006,Docklands,Financial and Insurance Services,Medium business,1,
2006,Docklands,Health Care and Social Assistance,Small business,7,49
2006,Docklands,Information Media and Telecommunications,Large business,2,
2006,Docklands,Information Media and Telecommunications,Medium business,3,210
2006,Docklands,Information Media and Telecommunications,Small business,4,33
2006,Docklands,Manufacturing,Medium business,1,
2006,Docklands,"Professional, Scientific and Technical Services",Medium business,3,78
2006,Docklands,Public Administration and Safety,Medium business,3,303
2006,Docklands,"Rental, Hiring and Real Estate Services",Medium business,2,
2006,Docklands,"Transport, Postal and Warehousing",Non employing,4,0
2006,Docklands,"Transport, Postal and Warehousing",Small business,24,155
2006,Docklands,Wholesale Trade,Medium business,1,
2006,East Melbourne,Accommodation and Food Services,Small business,46,304
2006,East Melbourne,Administrative and Support Services,Medium business,3,118
2006,East Melbourne,Arts and Recreation Services,Large business,1,
2006,East Melbourne,Arts and Recreation Services,Small business,21,105
2006,East Melbourne,Construction,Small business,3,23
2006,East Melbourne,"Electricity, Gas, Water and Waste Services",Medium business,1,
2006,East Melbourne,"Electricity, Gas, Water and Waste Services",Non employing,5,0
2006,East Melbourne,Financial and Insurance Services,Small business,5,34
2006,East Melbourne,Health Care and Social Assistance,Medium business,10,488
2006,East Melbourne,Manufacturing,Large business,1,
2006,East Melbourne,Manufacturing,Medium business,1,
2006,East Melbourne,Other Services,Medium business,6,366
2006,East Melbourne,Other Services,Non employing,6,0
2006,East Melbourne,Public Administration and Safety,Non employing,2,
2006,East Melbourne,"Rental, Hiring and Real Estate Services",Small business,6,50
2006,East Melbourne,Wholesale Trade,Medium business,2,
2006,Kensington,Accommodation and Food Services,Medium business,1,
2006,Kensington,Accommodation and Food Services,Small business,9,67
2006,Kensington,Administrative and Support Services,Small business,2,
2006,Kensington,Arts and Recreation Services,Non employing,41,0
2006,Kensington,Health Care and Social Assistance,Small business,9,48
2006,Kensington,Information Media and Telecommunications,Small business,1,
2006,Kensington,Other Services,Non employing,1,
2006,Kensington,"Professional, Scientific and Technical Services",Medium business,1,
2006,Kensington,"Professional, Scientific and Technical Services",Small business,8,53
2006,Melbourne (CBD),Accommodation and Food Services,Medium business,175,7764
2006,Melbourne (CBD),Accommodation and Food Services,Non employing,10,0
2006,Melbourne (CBD),Administrative and Support Services,Small business,429,2526
2006,Melbourne (CBD),Construction,Medium business,12,600
2006,Melbourne (CBD),Construction,Non employing,1,
2006,Melbourne (CBD),Construction,Small business,60,425
2006,Melbourne (CBD),"Electricity, Gas, Water and Waste Services",Medium business,8,667
2006,Melbourne (CBD),"Electricity, Gas, Water and Waste Services",Small business,10,84
2006,Melbourne (CBD),Financial and Insurance Services,Large business,41,29843
2006,Melbourne (CBD),Financial and Insurance Services,Medium business,143,7751
2006,Melbourne (CBD),Health Care and Social Assistance,Medium business,19,635
2006,Melbourne (CBD),Health Care and Social Assistance,Small business,331,1677
2006,Melbourne (CBD),Information Media and Telecommunications,Small business,147,1006
2006,Melbourne (CBD),Manufacturing,Large business,1,
2006,Melbourne (CBD),Manufacturing,Non employing,2,
2006,Melbourne (CBD),Mining,Large business,2,
2006,Melbourne (CBD),Mining,Small business,33,168
2006,Melbourne (CBD),Other Services,Non employing,46,0
2006,Melbourne (CBD),Other Services,Small business,531,2166
2006,Melbourne (CBD),"Professional, Scientific and Technical Services",Medium business,231,12576
2006,Melbourne (CBD),"Professional, Scientific and Technical Services",Non employing,11,0
2006,Melbourne (CBD),Public Administration and Safety,Medium business,78,5718
2006,Melbourne (CBD),Retail Trade,Medium business,71,3594
2006,Melbourne (CBD),Retail Trade,Non employing,10,0
2006,Melbourne (CBD),"Transport, Postal and Warehousing",Large business,4,3450
2006,Melbourne (CBD),"Transport, Postal and Warehousing",Non employing,19,0
2006,Melbourne (CBD),"Transport, Postal and Warehousing",Small business,67,469
2006,Melbourne (CBD),Wholesale Trade,Large business,1,
2006,Melbourne (CBD),Wholesale Trade,Medium business,8,345
2006,Melbourne (Remainder),Accommodation and Food Services,Medium business,6,253
2006,Melbourne (Remainder),Administrative and Support Services,Medium business,1,
2006,Melbourne (Remainder),Arts and Recreation Services,Large business,4,3634
2006,Melbourne (Remainder),Arts and Recreation Services,Medium business,5,178
2006,Melbourne (Remainder),Arts and Recreation Services,Small business,10,69
2006,Melbourne (Remainder),Construction,Medium business,2,
2006,Melbourne (Remainder),Construction,Small business,5,46
2006,Melbourne (Remainder),Financial and Insurance Services,Large business,3,1584
2006,Melbourne (Remainder),Information Media and Telecommunications,Medium business,4,179
2006,Melbourne (Remainder),Manufacturing,Medium business,1,
2006,Melbourne (Remainder),Mining,Medium business,1,
2006,Melbourne (Remainder),Other Services,Non employing,9,0
2006,Melbourne (Remainder),Other Services,Small business,21,75
2006,Melbourne (Remainder),"Professional, Scientific and Technical Services",Medium business,28,1515
2006,Melbourne (Remainder),"Professional, Scientific and Technical Services",Small business,61,466
2006,Melbourne (Remainder),Public Administration and Safety,Small business,5,25
2006,Melbourne (Remainder),Retail Trade,Non employing,1,
2006,Melbourne (Remainder),"Transport, Postal and Warehousing",Small business,5,41
2006,North Melbourne,Arts and Recreation Services,Medium business,4,168
2006,North Melbourne,Information Media and Telecommunications,Small business,35,192
2006,North Melbourne,"Professional, Scientific and Technical Services",Non employing,1,
2006,North Melbourne,"Professional, Scientific and Technical Services",Small business,122,550
2006,North Melbourne,Retail Trade,Small business,94,440
2006,North Melbourne,Wholesale Trade,Non employing,2,
2006,North Melbourne,Wholesale Trade,Small business,50,287
2006,Parkville,Accommodation and Food Services,Small business,36,236
2006,Parkville,Arts and Recreation Services,Small business,3,28
2006,Parkville,Education and Training,Small business,5,49
2006,Parkville,Financial and Insurance Services,Small business,5,44
2006,Parkville,Health Care and Social Assistance,Large business,5,9757
2006,Parkville,Other Services,Medium business,2,
2006,Parkville,Other Services,Non employing,3,0
2006,Parkville,"Professional, Scientific and Technical Services",Large business,1,
2006,Parkville,Public Administration and Safety,Large business,1,
2006,Parkville,Public Administration and Safety,Small business,3,28
2006,Parkville,Retail Trade,Non employing,1,
2006,Parkville,Retail Trade,Small business,17,83
2006,Parkville,"Transport, Postal and Warehousing",Small business,3,13
2006,Port Melbourne,Accommodation and Food Services,Small business,6,26
2006,Port Melbourne,Administrative and Support Services,Medium business,1,
2006,Port Melbourne,Arts and Recreation Services,Medium business,1,
2006,Port Melbourne,Arts and Recreation Services,Non employing,5,0
2006,Port Melbourne,Arts and Recreation Services,Small business,2,
2006,Port Melbourne,Information Media and Telecommunications,Medium business,1,
2006,Port Melbourne,Information Media and Telecommunications,Small business,16,111
2006,Port Melbourne,Manufacturing,Medium business,15,904
2006,Port Melbourne,"Professional, Scientific and Technical Services",Small business,41,272
2006,Port Melbourne,Public Administration and Safety,Medium business,1,
2006,Port Melbourne,Wholesale Trade,Medium business,16,595
2006,South Yarra,Education and Training,Medium business,3,243
2006,South Yarra,Education and Training,Small business,5,48
2006,South Yarra,Other Services,Non employing,1,
2006,South Yarra,Other Services,Small business,9,41
2006,South Yarra,Public Administration and Safety,Medium business,1,
2006,Southbank,Accommodation and Food Services,Medium business,45,1813
2006,Southbank,Administrative and Support Services,Large business,3,1557
2006,Southbank,Administrative and Support Services,Small business,13,80
2006,Southbank,"Agriculture, Forestry and Fishing",Medium business,3,173
2006,Southbank,"Agriculture, Forestry and Fishing",Small business,1,
2006,Southbank,Arts and Recreation Services,Medium business,10,527
2006,Southbank,Construction,Medium business,4,201
2006,Southbank,"Electricity, Gas, Water and Waste Services",Non employing,22,0
2006,Southbank,Information Media and Telecommunications,Large business,5,2126
2006,Southbank,Mining,Large business,1,
2006,Southbank,Mining,Medium business,1,
2006,Southbank,Other Services,Medium business,4,133
2006,Southbank,"Professional, Scientific and Technical Services",Small business,59,506
2006,Southbank,Public Administration and Safety,Large business,2,
2006,Southbank,"Rental, Hiring and Real Estate Services",Medium business,6,145
2006,Southbank,"Rental, Hiring and Real Estate Services",Small business,21,143
2006,Southbank,"Transport, Postal and Warehousing",Medium business,4,243
2006,Southbank,"Transport, Postal and Warehousing",Non employing,1,
2006,Southbank,Wholesale Trade,Small business,13,80
2006,West Melbourne (Industrial),Accommodation and Food Services,Small business,9,40
2006,West Melbourne (Industrial),Administrative and Support Services,Small business,3,8
2006,West Melbourne (Industrial),Arts and Recreation Services,Small business,3,9
2006,West Melbourne (Industrial),"Electricity, Gas, Water and Waste Services",Medium business,2,
2006,West Melbourne (Industrial),"Electricity, Gas, Water and Waste Services",Small business,1,
2006,West Melbourne (Industrial),Other Services,Medium business,2,
2006,West Melbourne (Industrial),Public Administration and Safety,Small business,4,31
2006,West Melbourne (Industrial),"Rental, Hiring and Real Estate Services",Medium business,1,
2006,West Melbourne (Industrial),"Transport, Postal and Warehousing",Medium business,24,1603
2006,West Melbourne (Industrial),Wholesale Trade,Small business,201,1342
2006,West Melbourne (Residential),Accommodation and Food Services,Medium business,1,
2006,West Melbourne (Residential),Administrative and Support Services,Medium business,5,312
2006,West Melbourne (Residential),Administrative and Support Services,Small business,19,166
2006,West Melbourne (Residential),Arts and Recreation Services,Large business,1,
2006,West Melbourne (Residential),Arts and Recreation Services,Medium business,2,
2006,West Melbourne (Residential),Arts and Recreation Services,Non employing,9,0
2006,West Melbourne (Residential),Education and Training,Medium business,4,128
2006,West Melbourne (Residential),Education and Training,Small business,6,52
2006,West Melbourne (Residential),"Electricity, Gas, Water and Waste Services",Non employing,8,0
2006,West Melbourne (Residential),Health Care and Social Assistance,Medium business,4,217
2006,West Melbourne (Residential),Information Media and Telecommunications,Small business,19,112
2006,West Melbourne (Residential),Manufacturing,Small business,29,171
2006,West Melbourne (Residential),"Professional, Scientific and Technical Services",Small business,72,354
2006,West Melbourne (Residential),Retail Trade,Medium business,3,222
2006,West Melbourne (Residential),Retail Trade,Small business,49,202
2006,West Melbourne (Residential),"Transport, Postal and Warehousing",Non employing,3,0
2007,Carlton,Accommodation and Food Services,Medium business,22,713
2007,Carlton,Administrative and Support Services,Medium business,5,130
2007,Carlton,"Agriculture, Forestry and Fishing",Medium business,1,
2007,Carlton,Arts and Recreation Services,Small business,15,46
2007,Carlton,Education and Training,Medium business,26,2119
2007,Carlton,Education and Training,Small business,51,357
2007,Carlton,Financial and Insurance Services,Small business,33,227
2007,Carlton,Health Care and Social Assistance,Medium business,17,885
2007,Carlton,Information Media and Telecommunications,Non employing,1,
2007,Carlton,Other Services,Small business,120,542
2007,Carlton,"Professional, Scientific and Technical Services",Large business,2,
2007,Carlton,"Professional, Scientific and Technical Services",Medium business,15,710
2007,Carlton,"Professional, Scientific and Technical Services",Non employing,4,0
2007,Carlton,"Professional, Scientific and Technical Services",Small business,131,786
2007,Carlton,Public Administration and Safety,Small business,11,59
2007,Carlton,Retail Trade,Small business,158,734
2007,Carlton,"Transport, Postal and Warehousing",Small business,6,34
2007,Carlton,Wholesale Trade,Small business,23,107
2007,Docklands,Accommodation and Food Services,Large business,1,
2007,Docklands,Construction,Non employing,3,0
2007,Docklands,Education and Training,Medium business,2,
2007,Docklands,Financial and Insurance Services,Large business,4,7148
2007,Docklands,Financial and Insurance Services,Medium business,1,
2007,Docklands,Information Media and Telecommunications,Small business,3,10
2007,Docklands,Other Services,Small business,23,61
2007,Docklands,"Professional, Scientific and Technical Services",Small business,44,186
2007,Docklands,Public Administration and Safety,Large business,3,3245
2007,Docklands,"Transport, Postal and Warehousing",Medium business,9,396
2007,Docklands,"Transport, Postal and Warehousing",Small business,25,154
2007,East Melbourne,Accommodation and Food Services,Large business,3,2579
2007,East Melbourne,Administrative and Support Services,Small business,9,51
2007,East Melbourne,Arts and Recreation Services,Non employing,16,0
2007,East Melbourne,Arts and Recreation Services,Small business,16,92
2007,East Melbourne,Education and Training,Medium business,7,414
2007,East Melbourne,Financial and Insurance Services,Small business,7,65
2007,East Melbourne,Health Care and Social Assistance,Medium business,13,721
2007,East Melbourne,Health Care and Social Assistance,Non employing,1,
2007,East Melbourne,Health Care and Social Assistance,Small business,189,948
2007,East Melbourne,Information Media and Telecommunications,Non employing,1,
2007,East Melbourne,Information Media and Telecommunications,Small business,5,37
2007,East Melbourne,Manufacturing,Small business,4,10
2007,East Melbourne,"Professional, Scientific and Technical Services",Small business,68,520
2007,East Melbourne,Public Administration and Safety,Large business,8,3905
2007,East Melbourne,Public Administration and Safety,Small business,5,46
2007,East Melbourne,"Rental, Hiring and Real Estate Services",Medium business,1,
2007,East Melbourne,"Transport, Postal and Warehousing",Small business,2,
2007,East Melbourne,Wholesale Trade,Medium business,2,
2007,Kensington,Accommodation and Food Services,Small business,9,67
2007,Kensington,Administrative and Support Services,Small business,2,
2007,Kensington,Education and Training,Small business,1,
2007,Kensington,Financial and Insurance Services,Small business,2,
2007,Kensington,Information Media and Telecommunications,Small business,1,
2007,Kensington,Other Services,Medium business,1,
2007,Kensington,Other Services,Non employing,1,
2007,Kensington,"Professional, Scientific and Technical Services",Small business,8,53
2007,Kensington,Public Administration and Safety,Non employing,1,
2007,Kensington,Public Administration and Safety,Small business,1,
2007,Kensington,"Rental, Hiring and Real Estate Services",Small business,1,
2007,Kensington,Retail Trade,Small business,11,95
2007,Kensington,Wholesale Trade,Medium business,1,
2007,Melbourne (CBD),Accommodation and Food Services,Medium business,186,8191
2007,Melbourne (CBD),Accommodation and Food Services,Non employing,10,0
2007,Melbourne (CBD),Administrative and Support Services,Large business,3,2085
2007,Melbourne (CBD),"Agriculture, Forestry and Fishing",Medium business,1,
2007,Melbourne (CBD),Construction,Medium business,10,518
2007,Melbourne (CBD),Education and Training,Small business,162,1120
2007,Melbourne (CBD),"Electricity, Gas, Water and Waste Services",Non employing,36,0
2007,Melbourne (CBD),Financial and Insurance Services,Large business,40,29848
2007,Melbourne (CBD),Information Media and Telecommunications,Large business,18,16112
2007,Melbourne (CBD),Information Media and Telecommunications,Medium business,53,3401
2007,Melbourne (CBD),Manufacturing,Large business,1,
2007,Melbourne (CBD),Manufacturing,Non employing,3,0
2007,Melbourne (CBD),Mining,Large business,2,
2007,Melbourne (CBD),Mining,Medium business,6,481
2007,Melbourne (CBD),Mining,Small business,34,189
2007,Melbourne (CBD),Other Services,Large business,2,
2007,Melbourne (CBD),Other Services,Medium business,40,1917
2007,Melbourne (CBD),"Professional, Scientific and Technical Services",Small business,1376,8146
2007,Melbourne (CBD),Public Administration and Safety,Medium business,77,5499
2007,Melbourne (CBD),Public Administration and Safety,Non employing,1,
2007,Melbourne (CBD),Public Administration and Safety,Small business,71,498
2007,Melbourne (CBD),"Rental, Hiring and Real Estate Services",Medium business,28,1234
2007,Melbourne (CBD),Retail Trade,Non employing,15,0
2007,Melbourne (CBD),Wholesale Trade,Large business,1,
2007,Melbourne (CBD),Wholesale Trade,Small business,122,501
2007,Melbourne (Remainder),Administrative and Support Services,Medium business,1,
2007,Melbourne (Remainder),Administrative and Support Services,Small business,22,153
2007,Melbourne (Remainder),Education and Training,Large business,2,
2007,Melbourne (Remainder),Financial and Insurance Services,Large business,3,1584
2007,Melbourne (Remainder),Manufacturing,Medium business,1,
2007,Melbourne (Remainder),Other Services,Medium business,3,152
2007,Melbourne (Remainder),Public Administration and Safety,Medium business,5,239
2007,Melbourne (Remainder),"Transport, Postal and Warehousing",Large business,1,
2007,North Melbourne,Accommodation and Food Services,Medium business,5,119
2007,North Melbourne,Accommodation and Food Services,Non employing,3,0
2007,North Melbourne,Construction,Non employing,1,
2007,North Melbourne,Education and Training,Small business,19,139
2007,North Melbourne,"Electricity, Gas, Water and Waste Services",Non employing,26,0
2007,North Melbourne,Financial and Insurance Services,Medium business,2,
2007,North Melbourne,Health Care and Social Assistance,Medium business,6,376
2007,North Melbourne,Health Care and Social Assistance,Non employing,1,
2007,North Melbourne,Health Care and Social Assistance,Small business,63,344
2007,North Melbourne,Other Services,Small business,128,557
2007,North Melbourne,Public Administration and Safety,Medium business,3,314
2007,North Melbourne,Public Administration and Safety,Small business,9,58
2007,North Melbourne,"Rental, Hiring and Real Estate Services",Non employing,1,
2007,North Melbourne,"Rental, Hiring and Real Estate Services",Small business,27,149
2007,North Melbourne,Retail Trade,Medium business,6,269
2007,North Melbourne,"Transport, Postal and Warehousing",Medium business,6,169
2007,North Melbourne,"Transport, Postal and Warehousing",Non employing,4,0
2007,North Melbourne,"Transport, Postal and Warehousing",Small business,36,241
2007,North Melbourne,Wholesale Trade,Medium business,8,285
2007,Parkville,Accommodation and Food Services,Small business,35,229
2007,Parkville,Administrative and Support Services,Small business,2,
2007,Parkville,Arts and Recreation Services,Large business,1,
2007,Parkville,Education and Training,Small business,8,90
2007,Parkville,Health Care and Social Assistance,Small business,57,264
2007,Parkville,Information Media and Telecommunications,Non employing,1,
2007,Parkville,"Professional, Scientific and Technical Services",Medium business,7,621
2007,Parkville,"Professional, Scientific and Technical Services",Non employing,1,
2007,Parkville,"Professional, Scientific and Technical Services",Small business,6,63
2007,Parkville,Public Administration and Safety,Large business,1,
2007,Parkville,"Transport, Postal and Warehousing",Non employing,1,
2007,Port Melbourne,Administrative and Support Services,Small business,9,78
2007,Port Melbourne,"Agriculture, Forestry and Fishing",Small business,1,
2007,Port Melbourne,Education and Training,Small business,2,
2007,Port Melbourne,Financial and Insurance Services,Non employing,1,
2007,Port Melbourne,Financial and Insurance Services,Small business,7,23
2007,Port Melbourne,Information Media and Telecommunications,Small business,16,111
2007,Port Melbourne,Manufacturing,Large business,7,5103
2007,Port Melbourne,Manufacturing,Medium business,15,904
2007,Port Melbourne,Manufacturing,Small business,38,305
2007,Port Melbourne,Other Services,Small business,6,36
2007,Port Melbourne,"Professional, Scientific and Technical Services",Medium business,12,595
2007,Port Melbourne,Public Administration and Safety,Small business,3,13
2007,Port Melbourne,Retail Trade,Medium business,3,122
2007,Port Melbourne,Retail Trade,Small business,19,172
2007,Port Melbourne,"Transport, Postal and Warehousing",Large business,2,
2007,South Yarra,Accommodation and Food Services,Non employing,2,
2007,South Yarra,Information Media and Telecommunications,Non employing,1,
2007,South Yarra,Other Services,Non employing,1,
2007,Southbank,Accommodation and Food Services,Non employing,1,
2007,Southbank,"Agriculture, Forestry and Fishing",Medium business,3,173
2007,Southbank,"Agriculture, Forestry and Fishing",Small business,1,
2007,Southbank,Arts and Recreation Services,Large business,5,10687
2007,Southbank,Arts and Recreation Services,Medium business,10,527
2007,Southbank,Education and Training,Large business,2,
2007,Southbank,Education and Training,Small business,3,23
2007,Southbank,"Electricity, Gas, Water and Waste Services",Medium business,1,
2007,Southbank,Financial and Insurance Services,Medium business,7,538
2007,Southbank,Financial and Insurance Services,Small business,18,148
2007,Southbank,Health Care and Social Assistance,Medium business,1,
2007,Southbank,Health Care and Social Assistance,Small business,15,64
2007,Southbank,Information Media and Telecommunications,Medium business,22,1571
2007,Southbank,Manufacturing,Medium business,7,722
2007,Southbank,Other Services,Medium business,4,133
2007,Southbank,"Professional, Scientific and Technical Services",Large business,4,2260
2007,Southbank,"Professional, Scientific and Technical Services",Medium business,35,2022
2007,Southbank,"Professional, Scientific and Technical Services",Small business,59,506
2007,Southbank,Public Administration and Safety,Medium business,7,338
2007,Southbank,"Rental, Hiring and Real Estate Services",Large business,1,
2007,Southbank,"Rental, Hiring and Real Estate Services",Medium business,6,145
2007,West Melbourne (Industrial),Administrative and Support Services,Small business,2,
2007,West Melbourne (Industrial),"Agriculture, Forestry and Fishing",Small business,1,
2007,West Melbourne (Industrial),Manufacturing,Non employing,1,
2007,West Melbourne (Industrial),Manufacturing,Small business,5,36
2007,West Melbourne (Industrial),Public Administration and Safety,Small business,4,36
2007,West Melbourne (Residential),Administrative and Support Services,Large business,1,
2007,West Melbourne (Residential),Arts and Recreation Services,Non employing,8,0
2007,West Melbourne (Residential),Arts and Recreation Services,Small business,9,43
2007,West Melbourne (Residential),Education and Training,Small business,9,92
2007,West Melbourne (Residential),"Electricity, Gas, Water and Waste Services",Medium business,1,
2007,West Melbourne (Residential),Financial and Insurance Services,Medium business,1,
2007,West Melbourne (Residential),Financial and Insurance Services,Small business,12,80
2007,West Melbourne (Residential),Health Care and Social Assistance,Medium business,3,129
2007,West Melbourne (Residential),Manufacturing,Small business,23,139
2007,West Melbourne (Residential),Other Services,Medium business,6,172
2007,West Melbourne (Residential),"Professional, Scientific and Technical Services",Small business,76,391
2007,West Melbourne (Residential),Public Administration and Safety,Small business,9,43
2007,West Melbourne (Residential),"Rental, Hiring and Real Estate Services",Small business,4,19
2007,West Melbourne (Residential),Retail Trade,Medium business,1,
2007,West Melbourne (Residential),"Transport, Postal and Warehousing",Non employing,1,
2007,West Melbourne (Residential),"Transport, Postal and Warehousing",Small business,20,132
2008,Carlton,"Agriculture, Forestry and Fishing",Medium business,1,
2008,Carlton,Arts and Recreation Services,Small business,15,46
2008,Carlton,Construction,Medium business,3,166
2008,Carlton,Construction,Small business,9,55
2008,Carlton,Financial and Insurance Services,Small business,33,227
2008,Carlton,Information Media and Telecommunications,Medium business,7,248
2008,Carlton,Other Services,Non employing,9,0
2008,Carlton,Other Services,Small business,120,542
2008,Carlton,Public Administration and Safety,Medium business,10,500
2008,Carlton,Public Administration and Safety,Small business,11,59
2008,Docklands,Accommodation and Food Services,Small business,102,874
2008,Docklands,Arts and Recreation Services,Non employing,6,0
2008,Docklands,Arts and Recreation Services,Small business,14,53
2008,Docklands,Construction,Medium business,5,245
2008,Docklands,Construction,Small business,10,57
2008,Docklands,Financial and Insurance Services,Medium business,1,
2008,Docklands,Mining,Small business,1,
2008,Docklands,Other Services,Non employing,12,0
2008,Docklands,Other Services,Small business,23,61
2008,Docklands,"Professional, Scientific and Technical Services",Medium business,3,255
2008,Docklands,"Professional, Scientific and Technical Services",Non employing,1,
2008,Docklands,Public Administration and Safety,Medium business,5,424
2008,Docklands,Wholesale Trade,Small business,9,42
2008,East Melbourne,Administrative and Support Services,Medium business,3,126
2008,East Melbourne,Administrative and Support Services,Small business,9,51
2008,East Melbourne,Education and Training,Small business,9,69
2008,East Melbourne,"Electricity, Gas, Water and Waste Services",Non employing,5,0
2008,East Melbourne,Health Care and Social Assistance,Non employing,1,
2008,East Melbourne,Information Media and Telecommunications,Medium business,3,166
2008,East Melbourne,Other Services,Non employing,5,0
2008,East Melbourne,Other Services,Small business,37,159
2008,East Melbourne,"Professional, Scientific and Technical Services",Small business,68,520
2008,East Melbourne,Public Administration and Safety,Large business,8,3905
2008,East Melbourne,Public Administration and Safety,Small business,5,46
2008,East Melbourne,"Rental, Hiring and Real Estate Services",Small business,6,32
2008,East Melbourne,"Transport, Postal and Warehousing",Medium business,1,
2008,Kensington,Accommodation and Food Services,Small business,25,114
2008,Kensington,Arts and Recreation Services,Non employing,52,0
2008,Kensington,Arts and Recreation Services,Small business,20,139
2008,Kensington,"Electricity, Gas, Water and Waste Services",Non employing,9,0
2008,Kensington,Information Media and Telecommunications,Small business,4,26
2008,Kensington,Other Services,Medium business,1,
2008,Kensington,"Professional, Scientific and Technical Services",Small business,14,89
2008,Kensington,Public Administration and Safety,Medium business,1,
2008,Kensington,"Rental, Hiring and Real Estate Services",Medium business,1,
2008,Kensington,Retail Trade,Non employing,2,
2008,Kensington,"Transport, Postal and Warehousing",Non employing,2,
2008,Kensington,Wholesale Trade,Medium business,3,72
2008,Kensington,Wholesale Trade,Non employing,1,
2008,Kensington,Wholesale Trade,Small business,29,168
2008,Melbourne (CBD),Administrative and Support Services,Large business,9,4468
2008,Melbourne (CBD),Administrative and Support Services,Non employing,4,0
2008,Melbourne (CBD),Construction,Large business,2,
2008,Melbourne (CBD),Education and Training,Large business,11,4695
2008,Melbourne (CBD),Education and Training,Small business,208,1506
2008,Melbourne (CBD),Financial and Insurance Services,Large business,40,28668
2008,Melbourne (CBD),Financial and Insurance Services,Medium business,159,9125
2008,Melbourne (CBD),Health Care and Social Assistance,Large business,1,
2008,Melbourne (CBD),Health Care and Social Assistance,Non employing,2,
2008,Melbourne (CBD),Information Media and Telecommunications,Large business,22,19821
2008,Melbourne (CBD),Information Media and Telecommunications,Non employing,6,0
2008,Melbourne (CBD),Information Media and Telecommunications,Small business,147,1005
2008,Melbourne (CBD),Manufacturing,Non employing,2,
2008,Melbourne (CBD),Manufacturing,Small business,276,824
2008,Melbourne (CBD),"Professional, Scientific and Technical Services",Large business,45,22473
2008,Melbourne (CBD),"Professional, Scientific and Technical Services",Non employing,17,0
2008,Melbourne (CBD),Public Administration and Safety,Medium business,87,6470
2008,Melbourne (CBD),"Rental, Hiring and Real Estate Services",Medium business,30,1377
2008,Melbourne (CBD),"Rental, Hiring and Real Estate Services",Non employing,2,
2008,Melbourne (CBD),Retail Trade,Large business,10,4992
2008,Melbourne (CBD),Retail Trade,Small business,1521,7446
2008,Melbourne (CBD),"Transport, Postal and Warehousing",Large business,4,4126
2008,Melbourne (CBD),"Transport, Postal and Warehousing",Non employing,15,0
2008,Melbourne (CBD),"Transport, Postal and Warehousing",Small business,65,462
2008,Melbourne (CBD),Wholesale Trade,Medium business,10,275
2008,Melbourne (CBD),Wholesale Trade,Non employing,1,
2008,Melbourne (Remainder),Accommodation and Food Services,Non employing,1,
2008,Melbourne (Remainder),Administrative and Support Services,Large business,1,
2008,Melbourne (Remainder),Administrative and Support Services,Medium business,3,87
2008,Melbourne (Remainder),Administrative and Support Services,Small business,19,145
2008,Melbourne (Remainder),Arts and Recreation Services,Large business,4,3667
2008,Melbourne (Remainder),Arts and Recreation Services,Medium business,7,360
2008,Melbourne (Remainder),Education and Training,Medium business,1,
2008,Melbourne (Remainder),Education and Training,Small business,4,32
2008,Melbourne (Remainder),Health Care and Social Assistance,Large business,2,
2008,Melbourne (Remainder),Health Care and Social Assistance,Small business,57,240
2008,Melbourne (Remainder),Information Media and Telecommunications,Medium business,3,170
2008,Melbourne (Remainder),Information Media and Telecommunications,Small business,9,61
2008,Melbourne (Remainder),Manufacturing,Medium business,1,
2008,Melbourne (Remainder),Manufacturing,Small business,8,36
2008,Melbourne (Remainder),Other Services,Non employing,8,0
2008,Melbourne (Remainder),Public Administration and Safety,Medium business,3,129
2008,Melbourne (Remainder),"Rental, Hiring and Real Estate Services",Small business,8,40
2008,Melbourne (Remainder),"Transport, Postal and Warehousing",Small business,4,43
2008,North Melbourne,Accommodation and Food Services,Small business,95,556
2008,North Melbourne,Arts and Recreation Services,Medium business,4,225
2008,North Melbourne,Construction,Medium business,5,227
2008,North Melbourne,Construction,Non employing,1,
2008,North Melbourne,"Electricity, Gas, Water and Waste Services",Medium business,1,
2008,North Melbourne,Financial and Insurance Services,Small business,21,159
2008,North Melbourne,Health Care and Social Assistance,Medium business,6,376
2008,North Melbourne,Information Media and Telecommunications,Medium business,4,162
2008,North Melbourne,Manufacturing,Medium business,8,369
2008,North Melbourne,Manufacturing,Small business,69,332
2008,North Melbourne,Mining,Small business,1,
2008,North Melbourne,Other Services,Medium business,7,315
2008,North Melbourne,Public Administration and Safety,Small business,9,58
2008,North Melbourne,"Rental, Hiring and Real Estate Services",Non employing,1,
2008,North Melbourne,Retail Trade,Medium business,6,269
2008,North Melbourne,Retail Trade,Non employing,2,
2008,North Melbourne,Retail Trade,Small business,107,490
2008,North Melbourne,"Transport, Postal and Warehousing",Small business,36,241
2008,North Melbourne,Wholesale Trade,Non employing,2,
2008,North Melbourne,Wholesale Trade,Small business,73,456
2008,Parkville,Accommodation and Food Services,Medium business,15,685
2008,Parkville,Accommodation and Food Services,Non employing,1,
2008,Parkville,Construction,Small business,1,
2008,Parkville,Financial and Insurance Services,Small business,10,83
2008,Parkville,Health Care and Social Assistance,Small business,57,264
2008,Parkville,Manufacturing,Small business,2,
2008,Parkville,Other Services,Small business,19,133
2008,Parkville,"Professional, Scientific and Technical Services",Medium business,7,621
2008,Parkville,"Professional, Scientific and Technical Services",Non employing,1,
2008,Parkville,"Professional, Scientific and Technical Services",Small business,6,63
2008,Parkville,Retail Trade,Small business,23,93
2008,Parkville,"Transport, Postal and Warehousing",Non employing,1,
2008,Port Melbourne,Accommodation and Food Services,Medium business,2,
2008,Port Melbourne,Education and Training,Small business,4,37
2008,Port Melbourne,"Professional, Scientific and Technical Services",Non employing,1,
2008,Port Melbourne,Public Administration and Safety,Large business,1,
2008,Port Melbourne,Public Administration and Safety,Small business,3,24
2008,Port Melbourne,"Rental, Hiring and Real Estate Services",Small business,3,43
2008,Port Melbourne,"Transport, Postal and Warehousing",Medium business,15,809
2008,South Yarra,Accommodation and Food Services,Medium business,1,
2008,South Yarra,Education and Training,Medium business,2,
2008,South Yarra,Other Services,Small business,10,40
2008,Southbank,Accommodation and Food Services,Medium business,49,1713
2008,Southbank,Administrative and Support Services,Medium business,9,267
2008,Southbank,"Agriculture, Forestry and Fishing",Medium business,2,
2008,Southbank,Arts and Recreation Services,Medium business,11,782
2008,Southbank,Arts and Recreation Services,Small business,20,107
2008,Southbank,Construction,Medium business,5,232
2008,Southbank,Education and Training,Medium business,8,421
2008,Southbank,Financial and Insurance Services,Small business,19,143
2008,Southbank,Health Care and Social Assistance,Large business,1,
2008,Southbank,Information Media and Telecommunications,Large business,6,3172
2008,Southbank,Information Media and Telecommunications,Non employing,1,
2008,Southbank,Information Media and Telecommunications,Small business,8,85
2008,Southbank,Manufacturing,Large business,3,3696
2008,Southbank,Manufacturing,Small business,9,38
2008,Southbank,Mining,Medium business,2,
2008,Southbank,Other Services,Small business,41,209
2008,Southbank,"Professional, Scientific and Technical Services",Large business,3,1516
2008,Southbank,"Professional, Scientific and Technical Services",Small business,72,553
2008,Southbank,"Rental, Hiring and Real Estate Services",Large business,1,
2008,Southbank,Retail Trade,Small business,97,569
2008,Southbank,Wholesale Trade,Medium business,3,122
2008,West Melbourne (Industrial),Arts and Recreation Services,Non employing,7,0
2008,West Melbourne (Industrial),Construction,Small business,3,21
2008,West Melbourne (Industrial),"Electricity, Gas, Water and Waste Services",Medium business,4,123
2008,West Melbourne (Industrial),Information Media and Telecommunications,Medium business,1,
2008,West Melbourne (Industrial),Information Media and Telecommunications,Small business,2,
2008,West Melbourne (Industrial),Manufacturing,Small business,5,36
2008,West Melbourne (Industrial),"Professional, Scientific and Technical Services",Small business,4,25
2008,West Melbourne (Industrial),Wholesale Trade,Non employing,1,
2008,West Melbourne (Residential),Accommodation and Food Services,Non employing,1,
2008,West Melbourne (Residential),Accommodation and Food Services,Small business,50,261
2008,West Melbourne (Residential),Arts and Recreation Services,Small business,9,43
2008,West Melbourne (Residential),Education and Training,Medium business,5,180
2008,West Melbourne (Residential),"Electricity, Gas, Water and Waste Services",Non employing,9,0
2008,West Melbourne (Residential),"Electricity, Gas, Water and Waste Services",Small business,1,
2008,West Melbourne (Residential),Health Care and Social Assistance,Small business,12,63
2008,West Melbourne (Residential),Manufacturing,Medium business,5,180
2008,West Melbourne (Residential),Manufacturing,Small business,23,139
2008,West Melbourne (Residential),Other Services,Small business,57,253
2008,West Melbourne (Residential),"Professional, Scientific and Technical Services",Medium business,14,876
2008,West Melbourne (Residential),Public Administration and Safety,Medium business,2,
2008,West Melbourne (Residential),"Rental, Hiring and Real Estate Services",Medium business,2,
2008,West Melbourne (Residential),"Transport, Postal and Warehousing",Non employing,1,
2009,Carlton,Accommodation and Food Services,Medium business,16,595
2009,Carlton,Accommodation and Food Services,Non employing,12,0
2009,Carlton,Accommodation and Food Services,Small business,225,1639
2009,Carlton,Administrative and Support Services,Medium business,7,198
2009,Carlton,Administrative and Support Services,Small business,19,86
2009,Carlton,Arts and Recreation Services,Small business,14,40
2009,Carlton,Construction,Medium business,4,201
2009,Carlton,Education and Training,Large business,7,1902
2009,Carlton,Education and Training,Small business,46,382
2009,Carlton,"Electricity, Gas, Water and Waste Services",Non employing,14,0
2009,Carlton,Financial and Insurance Services,Medium business,3,183
2009,Carlton,Health Care and Social Assistance,Small business,84,467
2009,Carlton,Other Services,Medium business,21,1230
2009,Carlton,Other Services,Non employing,16,0
2009,Carlton,Other Services,Small business,110,554
2009,Carlton,Public Administration and Safety,Medium business,10,676
2009,Carlton,"Rental, Hiring and Real Estate Services",Medium business,1,
2009,Carlton,"Rental, Hiring and Real Estate Services",Small business,15,79
2009,Carlton,Wholesale Trade,Medium business,3,94
2009,Docklands,Accommodation and Food Services,Large business,1,
2009,Docklands,Accommodation and Food Services,Medium business,15,803
2009,Docklands,Administrative and Support Services,Non employing,2,
2009,Docklands,Arts and Recreation Services,Large business,1,
2009,Docklands,Construction,Medium business,5,303
2009,Docklands,Education and Training,Small business,4,25
2009,Docklands,Financial and Insurance Services,Large business,5,11678
2009,Docklands,Health Care and Social Assistance,Medium business,2,
2009,Docklands,Health Care and Social Assistance,Small business,12,56
2009,Docklands,Other Services,Small business,38,98
2009,Docklands,"Professional, Scientific and Technical Services",Large business,4,2235
2009,Docklands,"Professional, Scientific and Technical Services",Medium business,3,156
2009,Docklands,Retail Trade,Large business,2,
2009,Docklands,Retail Trade,Medium business,4,309
2009,Docklands,"Transport, Postal and Warehousing",Medium business,7,241
2009,Docklands,"Transport, Postal and Warehousing",Non employing,3,0
2009,Docklands,Wholesale Trade,Large business,2,
2009,East Melbourne,Accommodation and Food Services,Small business,57,369
2009,East Melbourne,Administrative and Support Services,Small business,8,35
2009,East Melbourne,Arts and Recreation Services,Large business,1,
2009,East Melbourne,Arts and Recreation Services,Medium business,8,398
2009,East Melbourne,Arts and Recreation Services,Non employing,17,0
2009,East Melbourne,Education and Training,Large business,1,
2009,East Melbourne,Education and Training,Small business,8,70
2009,East Melbourne,"Electricity, Gas, Water and Waste Services",Medium business,2,
2009,East Melbourne,Financial and Insurance Services,Medium business,7,335
2009,East Melbourne,Health Care and Social Assistance,Large business,5,4670
2009,East Melbourne,Health Care and Social Assistance,Small business,197,1039
2009,East Melbourne,"Professional, Scientific and Technical Services",Large business,1,
2009,East Melbourne,"Professional, Scientific and Technical Services",Medium business,19,964
2009,East Melbourne,Public Administration and Safety,Medium business,9,680
2009,East Melbourne,Public Administration and Safety,Small business,3,38
2009,East Melbourne,Retail Trade,Medium business,1,
2009,East Melbourne,"Transport, Postal and Warehousing",Small business,2,
2009,Kensington,Accommodation and Food Services,Medium business,2,
2009,Kensington,Administrative and Support Services,Non employing,1,
2009,Kensington,"Agriculture, Forestry and Fishing",Small business,1,
2009,Kensington,Arts and Recreation Services,Large business,2,
2009,Kensington,Arts and Recreation Services,Medium business,8,402
2009,Kensington,Arts and Recreation Services,Small business,20,139
2009,Kensington,Construction,Medium business,1,
2009,Kensington,"Electricity, Gas, Water and Waste Services",Non employing,9,0
2009,Kensington,Financial and Insurance Services,Small business,4,13
2009,Kensington,Health Care and Social Assistance,Small business,14,81
2009,Kensington,Information Media and Telecommunications,Small business,4,26
2009,Kensington,"Professional, Scientific and Technical Services",Small business,14,89
2009,Kensington,Public Administration and Safety,Non employing,2,
2009,Kensington,"Transport, Postal and Warehousing",Medium business,3,118
2009,Kensington,"Transport, Postal and Warehousing",Non employing,2,
2009,Kensington,Wholesale Trade,Medium business,3,72
2009,Kensington,Wholesale Trade,Non employing,1,
2009,Kensington,Wholesale Trade,Small business,29,168
2009,Melbourne (CBD),Accommodation and Food Services,Medium business,197,8267
2009,Melbourne (CBD),Accommodation and Food Services,Non employing,10,0
2009,Melbourne (CBD),Construction,Large business,2,
2009,Melbourne (CBD),Construction,Medium business,17,867
2009,Melbourne (CBD),Education and Training,Medium business,89,5590
2009,Melbourne (CBD),"Electricity, Gas, Water and Waste Services",Large business,6,3725
2009,Melbourne (CBD),Financial and Insurance Services,Small business,539,3501
2009,Melbourne (CBD),Health Care and Social Assistance,Small business,357,1771
2009,Melbourne (CBD),Information Media and Telecommunications,Medium business,39,2475
2009,Melbourne (CBD),Manufacturing,Non employing,1,
2009,Melbourne (CBD),Mining,Non employing,1,
2009,Melbourne (CBD),Mining,Small business,41,266
2009,Melbourne (CBD),Other Services,Small business,658,2748
2009,Melbourne (CBD),"Professional, Scientific and Technical Services",Large business,45,20084
2009,Melbourne (CBD),Public Administration and Safety,Large business,29,16789
2009,Melbourne (CBD),Public Administration and Safety,Small business,68,504
2009,Melbourne (CBD),"Transport, Postal and Warehousing",Non employing,19,0
2009,Melbourne (CBD),Wholesale Trade,Large business,1,
2009,Melbourne (Remainder),Administrative and Support Services,Medium business,3,87
2009,Melbourne (Remainder),Construction,Medium business,2,
2009,Melbourne (Remainder),Education and Training,Large business,2,
2009,Melbourne (Remainder),Education and Training,Medium business,1,
2009,Melbourne (Remainder),Financial and Insurance Services,Medium business,17,672
2009,Melbourne (Remainder),Information Media and Telecommunications,Medium business,3,170
2009,Melbourne (Remainder),Mining,Small business,1,
2009,Melbourne (Remainder),Other Services,Medium business,3,139
2009,Melbourne (Remainder),Other Services,Non employing,8,0
2009,Melbourne (Remainder),Public Administration and Safety,Small business,4,26
2009,Melbourne (Remainder),"Rental, Hiring and Real Estate Services",Small business,8,40
2009,Melbourne (Remainder),Retail Trade,Medium business,1,
2009,Melbourne (Remainder),"Transport, Postal and Warehousing",Non employing,1,
2009,North Melbourne,Accommodation and Food Services,Small business,100,582
2009,North Melbourne,Arts and Recreation Services,Small business,31,105
2009,North Melbourne,Construction,Non employing,2,
2009,North Melbourne,Education and Training,Small business,18,156
2009,North Melbourne,Health Care and Social Assistance,Medium business,5,347
2009,North Melbourne,Health Care and Social Assistance,Non employing,2,
2009,North Melbourne,Health Care and Social Assistance,Small business,82,462
2009,North Melbourne,Manufacturing,Small business,53,323
2009,North Melbourne,Other Services,Non employing,11,0
2009,North Melbourne,Other Services,Small business,128,573
2009,North Melbourne,Retail Trade,Medium business,4,209
2009,North Melbourne,Retail Trade,Non employing,5,0
2009,North Melbourne,"Transport, Postal and Warehousing",Small business,32,194
2009,Parkville,Accommodation and Food Services,Non employing,1,
2009,Parkville,Accommodation and Food Services,Small business,35,229
2009,Parkville,Administrative and Support Services,Small business,2,
2009,Parkville,"Agriculture, Forestry and Fishing",Small business,1,
2009,Parkville,Arts and Recreation Services,Non employing,22,0
2009,Parkville,Education and Training,Large business,2,
2009,Parkville,Health Care and Social Assistance,Non employing,4,0
2009,Parkville,Information Media and Telecommunications,Small business,3,21
2009,Parkville,Manufacturing,Large business,1,
2009,Parkville,Other Services,Small business,19,133
2009,Parkville,"Professional, Scientific and Technical Services",Non employing,1,
2009,Parkville,Retail Trade,Small business,23,93
2009,Parkville,"Transport, Postal and Warehousing",Small business,5,20
2009,Port Melbourne,Administrative and Support Services,Medium business,2,
2009,Port Melbourne,Arts and Recreation Services,Medium business,1,
2009,Port Melbourne,Financial and Insurance Services,Small business,9,35
2009,Port Melbourne,Information Media and Telecommunications,Large business,1,
2009,Port Melbourne,Manufacturing,Large business,7,5966
2009,Port Melbourne,Manufacturing,Non employing,1,
2009,Port Melbourne,Other Services,Medium business,1,
2009,Port Melbourne,"Professional, Scientific and Technical Services",Medium business,10,596
2009,Port Melbourne,Public Administration and Safety,Large business,1,
2009,Port Melbourne,Retail Trade,Small business,15,114
2009,Port Melbourne,"Transport, Postal and Warehousing",Medium business,15,809
2009,Port Melbourne,"Transport, Postal and Warehousing",Small business,17,147
2009,Port Melbourne,Wholesale Trade,Medium business,16,797
2009,Port Melbourne,Wholesale Trade,Small business,40,329
2009,South Yarra,Administrative and Support Services,Non employing,1,
2009,South Yarra,Education and Training,Large business,1,
2009,South Yarra,Education and Training,Medium business,2,
2009,South Yarra,Education and Training,Small business,7,80
2009,South Yarra,Health Care and Social Assistance,Small business,3,21
2009,Southbank,"Electricity, Gas, Water and Waste Services",Non employing,19,0
2009,Southbank,Financial and Insurance Services,Small business,19,143
2009,Southbank,Health Care and Social Assistance,Large business,1,
2009,Southbank,Information Media and Telecommunications,Medium business,17,1090
2009,Southbank,Mining,Large business,1,
2009,Southbank,Mining,Medium business,2,
2009,Southbank,Mining,Small business,3,28
2009,Southbank,Other Services,Medium business,3,82
2009,Southbank,Other Services,Small business,41,209
2009,Southbank,"Professional, Scientific and Technical Services",Large business,3,1516
2009,Southbank,"Professional, Scientific and Technical Services",Small business,72,553
2009,Southbank,Public Administration and Safety,Medium business,9,498
2009,Southbank,"Rental, Hiring and Real Estate Services",Medium business,7,219
2009,Southbank,Retail Trade,Medium business,5,388
2009,Southbank,Retail Trade,Small business,97,569
2009,Southbank,"Transport, Postal and Warehousing",Non employing,2,
2009,Southbank,Wholesale Trade,Small business,11,68
2009,West Melbourne (Industrial),Accommodation and Food Services,Medium business,1,
2009,West Melbourne (Industrial),Accommodation and Food Services,Small business,7,44
2009,West Melbourne (Industrial),"Agriculture, Forestry and Fishing",Small business,1,
2009,West Melbourne (Industrial),Arts and Recreation Services,Non employing,8,0
2009,West Melbourne (Industrial),Arts and Recreation Services,Small business,3,16
2009,West Melbourne (Industrial),Construction,Small business,2,
2009,West Melbourne (Industrial),"Electricity, Gas, Water and Waste Services",Medium business,2,
2009,West Melbourne (Industrial),"Electricity, Gas, Water and Waste Services",Small business,2,
2009,West Melbourne (Industrial),Information Media and Telecommunications,Medium business,1,
2009,West Melbourne (Industrial),Manufacturing,Small business,6,45
2009,West Melbourne (Industrial),Other Services,Medium business,1,
2009,West Melbourne (Industrial),Other Services,Small business,5,44
2009,West Melbourne (Industrial),"Professional, Scientific and Technical Services",Medium business,2,
2009,West Melbourne (Industrial),"Professional, Scientific and Technical Services",Small business,3,24
2009,West Melbourne (Industrial),Retail Trade,Small business,8,56
2009,West Melbourne (Industrial),"Transport, Postal and Warehousing",Non employing,16,0
2009,West Melbourne (Industrial),"Transport, Postal and Warehousing",Small business,26,203
2009,West Melbourne (Residential),Administrative and Support Services,Medium business,4,321
2009,West Melbourne (Residential),Administrative and Support Services,Small business,12,88
2009,West Melbourne (Residential),Arts and Recreation Services,Medium business,3,119
2009,West Melbourne (Residential),Arts and Recreation Services,Non employing,8,0
2009,West Melbourne (Residential),Education and Training,Medium business,10,351
2009,West Melbourne (Residential),"Electricity, Gas, Water and Waste Services",Medium business,2,
2009,West Melbourne (Residential),"Electricity, Gas, Water and Waste Services",Non employing,9,0
2009,West Melbourne (Residential),Financial and Insurance Services,Large business,2,
2009,West Melbourne (Residential),Financial and Insurance Services,Small business,13,69
2009,West Melbourne (Residential),Other Services,Medium business,5,150
2009,West Melbourne (Residential),Other Services,Non employing,5,0
2009,West Melbourne (Residential),Other Services,Small business,53,243
2009,West Melbourne (Residential),"Professional, Scientific and Technical Services",Non employing,1,
2009,West Melbourne (Residential),"Rental, Hiring and Real Estate Services",Small business,5,31
2009,West Melbourne (Residential),"Transport, Postal and Warehousing",Large business,1,
2009,West Melbourne (Residential),"Transport, Postal and Warehousing",Non employing,1,
2009,West Melbourne (Residential),Wholesale Trade,Small business,39,213
2010,Carlton,Accommodation and Food Services,Medium business,16,595
2010,Carlton,Accommodation and Food Services,Small business,225,1639
2010,Carlton,"Agriculture, Forestry and Fishing",Medium business,1,
2010,Carlton,Construction,Small business,17,72
2010,Carlton,Education and Training,Small business,46,382
2010,Carlton,"Electricity, Gas, Water and Waste Services",Non employing,14,0
2010,Carlton,Financial and Insurance Services,Small business,35,234
2010,Carlton,Health Care and Social Assistance,Medium business,14,759
2010,Carlton,Health Care and Social Assistance,Small business,84,467
2010,Carlton,Information Media and Telecommunications,Medium business,6,234
2010,Carlton,Other Services,Non employing,16,0
2010,Carlton,"Professional, Scientific and Technical Services",Large business,2,
2010,Carlton,"Professional, Scientific and Technical Services",Medium business,12,303
2010,Carlton,"Professional, Scientific and Technical Services",Non employing,3,0
2010,Carlton,"Professional, Scientific and Technical Services",Small business,131,788
2010,Carlton,Public Administration and Safety,Medium business,10,676
2010,Carlton,Public Administration and Safety,Small business,12,74
2010,Carlton,"Transport, Postal and Warehousing",Non employing,1,
2010,Carlton,Wholesale Trade,Non employing,1,
2010,Carlton,Wholesale Trade,Small business,24,97
2010,Docklands,Accommodation and Food Services,Medium business,15,803
2010,Docklands,Administrative and Support Services,Small business,21,123
2010,Docklands,"Agriculture, Forestry and Fishing",Small business,1,
2010,Docklands,Financial and Insurance Services,Medium business,5,341
2010,Docklands,Financial and Insurance Services,Small business,20,97
2010,Docklands,Health Care and Social Assistance,Medium business,2,
2010,Docklands,Health Care and Social Assistance,Small business,12,56
2010,Docklands,Manufacturing,Medium business,3,251
2010,Docklands,Mining,Small business,2,
2010,Docklands,"Professional, Scientific and Technical Services",Large business,4,2235
2010,Docklands,"Transport, Postal and Warehousing",Large business,4,1311
2010,Docklands,"Transport, Postal and Warehousing",Non employing,3,0
2010,Docklands,Wholesale Trade,Large business,2,
2010,East Melbourne,Accommodation and Food Services,Medium business,3,128
2010,East Melbourne,Accommodation and Food Services,Non employing,5,0
2010,East Melbourne,Arts and Recreation Services,Large business,1,
2010,East Melbourne,Arts and Recreation Services,Non employing,17,0
2010,East Melbourne,Arts and Recreation Services,Small business,15,87
2010,East Melbourne,"Electricity, Gas, Water and Waste Services",Large business,1,
2010,East Melbourne,Financial and Insurance Services,Medium business,7,335
2010,East Melbourne,Financial and Insurance Services,Small business,10,95
2010,East Melbourne,Health Care and Social Assistance,Medium business,16,807
2010,East Melbourne,Information Media and Telecommunications,Medium business,1,
2010,East Melbourne,Manufacturing,Large business,1,
2010,East Melbourne,Manufacturing,Small business,5,19
2010,East Melbourne,"Professional, Scientific and Technical Services",Large business,1,
2010,East Melbourne,Public Administration and Safety,Large business,7,3983
2010,East Melbourne,Public Administration and Safety,Small business,3,38
2010,East Melbourne,"Transport, Postal and Warehousing",Small business,2,
2010,East Melbourne,Wholesale Trade,Small business,4,26
2010,Kensington,Accommodation and Food Services,Small business,25,114
2010,Kensington,Administrative and Support Services,Non employing,1,
2010,Kensington,Administrative and Support Services,Small business,6,45
2010,Kensington,Arts and Recreation Services,Large business,2,
2010,Kensington,"Electricity, Gas, Water and Waste Services",Small business,2,
2010,Kensington,Financial and Insurance Services,Small business,4,13
2010,Kensington,Health Care and Social Assistance,Small business,14,81
2010,Kensington,Information Media and Telecommunications,Small business,4,26
2010,Kensington,Other Services,Small business,32,151
2010,Kensington,"Professional, Scientific and Technical Services",Small business,14,89
2010,Kensington,"Rental, Hiring and Real Estate Services",Medium business,1,
2010,Kensington,Retail Trade,Medium business,2,
2010,Kensington,Wholesale Trade,Non employing,1,
2010,Melbourne (CBD),Accommodation and Food Services,Small business,1237,9232
2010,Melbourne (CBD),Administrative and Support Services,Large business,5,3207
2010,Melbourne (CBD),Administrative and Support Services,Small business,429,2488
2010,Melbourne (CBD),"Agriculture, Forestry and Fishing",Small business,3,17
2010,Melbourne (CBD),Construction,Non employing,1,
2010,Melbourne (CBD),Construction,Small business,61,414
2010,Melbourne (CBD),Education and Training,Non employing,2,
2010,Melbourne (CBD),"Electricity, Gas, Water and Waste Services",Small business,11,106
2010,Melbourne (CBD),Financial and Insurance Services,Medium business,151,9267
2010,Melbourne (CBD),Health Care and Social Assistance,Medium business,33,1327
2010,Melbourne (CBD),Information Media and Telecommunications,Large business,24,22607
2010,Melbourne (CBD),Information Media and Telecommunications,Non employing,3,0
2010,Melbourne (CBD),Other Services,Non employing,48,0
2010,Melbourne (CBD),"Professional, Scientific and Technical Services",Large business,54,24672
2010,Melbourne (CBD),"Professional, Scientific and Technical Services",Non employing,8,0
2010,Melbourne (CBD),"Professional, Scientific and Technical Services",Small business,1371,7960
2010,Melbourne (CBD),Public Administration and Safety,Non employing,1,
2010,Melbourne (CBD),"Rental, Hiring and Real Estate Services",Medium business,29,1496
2010,Melbourne (CBD),"Rental, Hiring and Real Estate Services",Small business,163,944
2010,Melbourne (CBD),"Transport, Postal and Warehousing",Medium business,25,1485
2010,Melbourne (CBD),"Transport, Postal and Warehousing",Non employing,23,0
2010,Melbourne (Remainder),Accommodation and Food Services,Large business,3,2706
2010,Melbourne (Remainder),Accommodation and Food Services,Medium business,8,308
2010,Melbourne (Remainder),Arts and Recreation Services,Small business,9,61
2010,Melbourne (Remainder),Construction,Small business,5,20
2010,Melbourne (Remainder),Education and Training,Large business,3,1159
2010,Melbourne (Remainder),Education and Training,Medium business,2,
2010,Melbourne (Remainder),Financial and Insurance Services,Large business,3,987
2010,Melbourne (Remainder),Financial and Insurance Services,Medium business,8,369
2010,Melbourne (Remainder),Health Care and Social Assistance,Large business,3,4685
2010,Melbourne (Remainder),Manufacturing,Medium business,1,
2010,Melbourne (Remainder),Mining,Small business,1,
2010,Melbourne (Remainder),Other Services,Medium business,2,
2010,Melbourne (Remainder),Other Services,Non employing,10,0
2010,Melbourne (Remainder),Public Administration and Safety,Medium business,3,144
2010,Melbourne (Remainder),Public Administration and Safety,Small business,3,40
2010,Melbourne (Remainder),"Transport, Postal and Warehousing",Medium business,1,
2010,Melbourne (Remainder),"Transport, Postal and Warehousing",Non employing,1,
2010,Melbourne (Remainder),"Transport, Postal and Warehousing",Small business,5,41
2010,Melbourne (Remainder),Wholesale Trade,Medium business,3,225
2010,North Melbourne,Accommodation and Food Services,Small business,100,582
2010,North Melbourne,Construction,Small business,32,205
2010,North Melbourne,Education and Training,Medium business,6,256
2010,North Melbourne,Education and Training,Small business,18,156
2010,North Melbourne,"Electricity, Gas, Water and Waste Services",Non employing,22,0
2010,North Melbourne,Financial and Insurance Services,Small business,21,139
2010,North Melbourne,Health Care and Social Assistance,Non employing,2,
2010,North Melbourne,Manufacturing,Small business,53,323
2010,North Melbourne,Other Services,Medium business,6,203
2010,North Melbourne,Other Services,Small business,128,573
2010,North Melbourne,"Professional, Scientific and Technical Services",Medium business,15,903
2010,North Melbourne,"Transport, Postal and Warehousing",Non employing,1,
2010,North Melbourne,"Transport, Postal and Warehousing",Small business,32,194
2010,North Melbourne,Wholesale Trade,Medium business,6,260
2010,Parkville,Administrative and Support Services,Small business,3,20
2010,Parkville,Arts and Recreation Services,Large business,1,
2010,Parkville,Arts and Recreation Services,Medium business,1,
2010,Parkville,Education and Training,Medium business,4,303
2010,Parkville,Education and Training,Small business,9,103
2010,Parkville,"Electricity, Gas, Water and Waste Services",Non employing,7,0
2010,Parkville,Financial and Insurance Services,Small business,6,33
2010,Parkville,Health Care and Social Assistance,Small business,72,360
2010,Parkville,Information Media and Telecommunications,Non employing,1,
2010,Parkville,Manufacturing,Large business,1,
2010,Parkville,Manufacturing,Small business,3,9
2010,Parkville,Other Services,Medium business,2,
2010,Parkville,Public Administration and Safety,Medium business,2,
2010,Parkville,Public Administration and Safety,Small business,2,
2010,Parkville,Retail Trade,Small business,23,110
2010,Port Melbourne,Administrative and Support Services,Medium business,2,
2010,Port Melbourne,"Agriculture, Forestry and Fishing",Small business,2,
2010,Port Melbourne,Arts and Recreation Services,Small business,5,29
2010,Port Melbourne,Education and Training,Small business,5,31
2010,Port Melbourne,"Electricity, Gas, Water and Waste Services",Non employing,6,0
2010,Port Melbourne,Financial and Insurance Services,Non employing,1,
2010,Port Melbourne,Information Media and Telecommunications,Medium business,2,
2010,Port Melbourne,Information Media and Telecommunications,Small business,10,73
2010,Port Melbourne,Public Administration and Safety,Large business,1,
2010,Port Melbourne,Public Administration and Safety,Small business,3,24
2010,Port Melbourne,"Rental, Hiring and Real Estate Services",Medium business,3,85
2010,Port Melbourne,Retail Trade,Small business,18,109
2010,Port Melbourne,"Transport, Postal and Warehousing",Large business,2,
2010,Port Melbourne,"Transport, Postal and Warehousing",Medium business,9,664
2010,Port Melbourne,"Transport, Postal and Warehousing",Non employing,4,0
2010,Port Melbourne,Wholesale Trade,Medium business,16,827
2010,South Yarra,Administrative and Support Services,Non employing,1,
2010,South Yarra,Administrative and Support Services,Small business,1,
2010,South Yarra,Education and Training,Medium business,2,
2010,South Yarra,Information Media and Telecommunications,Non employing,1,
2010,South Yarra,Retail Trade,Small business,9,40
2010,Southbank,Accommodation and Food Services,Small business,80,741
2010,Southbank,Administrative and Support Services,Large business,3,1117
2010,Southbank,Administrative and Support Services,Medium business,9,267
2010,Southbank,Arts and Recreation Services,Large business,4,8886
2010,Southbank,Arts and Recreation Services,Medium business,11,782
2010,Southbank,Arts and Recreation Services,Non employing,9,0
2010,Southbank,Education and Training,Medium business,8,421
2010,Southbank,Education and Training,Small business,5,60
2010,Southbank,"Electricity, Gas, Water and Waste Services",Small business,1,
2010,Southbank,Financial and Insurance Services,Medium business,8,645
2010,Southbank,Health Care and Social Assistance,Small business,16,93
2010,Southbank,Information Media and Telecommunications,Large business,6,3172
2010,Southbank,Information Media and Telecommunications,Non employing,1,
2010,Southbank,Manufacturing,Medium business,8,500
2010,Southbank,Mining,Small business,3,28
2010,Southbank,"Professional, Scientific and Technical Services",Large business,3,1516
2010,Southbank,"Professional, Scientific and Technical Services",Small business,72,553
2010,Southbank,"Rental, Hiring and Real Estate Services",Large business,1,
2010,Southbank,"Rental, Hiring and Real Estate Services",Medium business,7,219
2010,Southbank,"Rental, Hiring and Real Estate Services",Small business,22,120
2010,Southbank,Retail Trade,Medium business,5,388
2010,Southbank,Retail Trade,Small business,97,569
2010,Southbank,"Transport, Postal and Warehousing",Small business,9,34
2010,Southbank,Wholesale Trade,Small business,11,68
2010,West Melbourne (Industrial),Accommodation and Food Services,Medium business,1,
2010,West Melbourne (Industrial),Accommodation and Food Services,Small business,7,44
2010,West Melbourne (Industrial),"Electricity, Gas, Water and Waste Services",Non employing,8,0
2010,West Melbourne (Industrial),"Electricity, Gas, Water and Waste Services",Small business,2,
2010,West Melbourne (Industrial),Information Media and Telecommunications,Medium business,1,
2010,West Melbourne (Industrial),Manufacturing,Small business,6,45
2010,West Melbourne (Industrial),"Professional, Scientific and Technical Services",Medium business,2,
2010,West Melbourne (Industrial),"Professional, Scientific and Technical Services",Small business,3,24
2010,West Melbourne (Industrial),Public Administration and Safety,Medium business,1,
2010,West Melbourne (Industrial),"Rental, Hiring and Real Estate Services",Small business,7,52
2010,West Melbourne (Industrial),Wholesale Trade,Medium business,48,1536
2010,West Melbourne (Industrial),Wholesale Trade,Small business,170,1638
2010,West Melbourne (Residential),Accommodation and Food Services,Non employing,2,
2010,West Melbourne (Residential),Administrative and Support Services,Medium business,4,321
2010,West Melbourne (Residential),Construction,Small business,10,70
2010,West Melbourne (Residential),Education and Training,Medium business,10,351
2010,West Melbourne (Residential),Education and Training,Small business,7,53
2010,West Melbourne (Residential),"Electricity, Gas, Water and Waste Services",Non employing,9,0
2010,West Melbourne (Residential),Information Media and Telecommunications,Medium business,4,109
2010,West Melbourne (Residential),Manufacturing,Non employing,1,
2010,West Melbourne (Residential),Manufacturing,Small business,13,68
2010,West Melbourne (Residential),Other Services,Medium business,5,150
2010,West Melbourne (Residential),"Professional, Scientific and Technical Services",Large business,1,
2010,West Melbourne (Residential),"Professional, Scientific and Technical Services",Medium business,14,983
2010,West Melbourne (Residential),Public Administration and Safety,Medium business,2,
2010,West Melbourne (Residential),"Rental, Hiring and Real Estate Services",Small business,5,31
2010,West Melbourne (Residential),Retail Trade,Non employing,1,
2010,West Melbourne (Residential),Retail Trade,Small business,44,180
2010,West Melbourne (Residential),"Transport, Postal and Warehousing",Large business,1,
2010,West Melbourne (Residential),"Transport, Postal and Warehousing",Medium business,2,
2010,West Melbourne (Residential),"Transport, Postal and Warehousing",Non employing,1,
2010,West Melbourne (Residential),"Transport, Postal and Warehousing",Small business,16,120
2011,Carlton,Accommodation and Food Services,Non employing,12,0
2011,Carlton,Arts and Recreation Services,Non employing,16,0
2011,Carlton,Arts and Recreation Services,Small business,14,40
2011,Carlton,Construction,Medium business,4,201
2011,Carlton,Construction,Small business,17,72
2011,Carlton,Education and Training,Medium business,31,1871
2011,Carlton,Education and Training,Small business,46,382
2011,Carlton,Information Media and Telecommunications,Non employing,1,
2011,Carlton,Information Media and Telecommunications,Small business,14,99
2011,Carlton,Other Services,Medium business,21,1230
2011,Carlton,"Professional, Scientific and Technical Services",Medium business,12,303
2011,Carlton,"Professional, Scientific and Technical Services",Small business,131,788
2011,Carlton,Public Administration and Safety,Medium business,10,676
2011,Carlton,Retail Trade,Medium business,5,334
2011,Carlton,"Transport, Postal and Warehousing",Small business,4,25
2011,Carlton,Wholesale Trade,Non employing,1,
2011,Carlton,Wholesale Trade,Small business,24,97
2011,Docklands,Accommodation and Food Services,Medium business,15,803
2011,Docklands,Accommodation and Food Services,Non employing,2,
2011,Docklands,Accommodation and Food Services,Small business,144,1215
2011,Docklands,Arts and Recreation Services,Medium business,2,
2011,Docklands,Arts and Recreation Services,Non employing,10,0
2011,Docklands,Construction,Medium business,5,303
2011,Docklands,Construction,Small business,12,77
2011,Docklands,Information Media and Telecommunications,Large business,4,3232
2011,Docklands,Information Media and Telecommunications,Medium business,5,265
2011,Docklands,Other Services,Medium business,2,
2011,Docklands,Other Services,Non employing,14,0
2011,Docklands,"Professional, Scientific and Technical Services",Large business,4,2235
2011,Docklands,"Professional, Scientific and Technical Services",Small business,82,402
2011,Docklands,Public Administration and Safety,Large business,3,3436
2011,Docklands,"Transport, Postal and Warehousing",Large business,4,1311
2011,Docklands,"Transport, Postal and Warehousing",Medium business,7,241
2011,Docklands,"Transport, Postal and Warehousing",Small business,21,116
2011,Docklands,Wholesale Trade,Large business,2,
2011,Docklands,Wholesale Trade,Small business,8,21
2011,East Melbourne,Accommodation and Food Services,Medium business,3,128
2011,East Melbourne,Administrative and Support Services,Medium business,5,227
2011,East Melbourne,Arts and Recreation Services,Medium business,8,398
2011,East Melbourne,Construction,Small business,5,46
2011,East Melbourne,Education and Training,Small business,8,70
2011,East Melbourne,Information Media and Telecommunications,Medium business,1,
2011,East Melbourne,Manufacturing,Large business,1,
2011,East Melbourne,Manufacturing,Medium business,1,
2011,East Melbourne,Other Services,Large business,1,
2011,East Melbourne,Other Services,Medium business,9,686
2011,East Melbourne,"Professional, Scientific and Technical Services",Medium business,19,964
2011,East Melbourne,Public Administration and Safety,Small business,3,38
2011,East Melbourne,"Rental, Hiring and Real Estate Services",Small business,8,41
2011,East Melbourne,Retail Trade,Medium business,1,
2011,Kensington,Accommodation and Food Services,Non employing,1,
2011,Kensington,Accommodation and Food Services,Small business,31,167
2011,Kensington,Administrative and Support Services,Non employing,1,
2011,Kensington,Administrative and Support Services,Small business,6,36
2011,Kensington,Arts and Recreation Services,Medium business,10,447
2011,Kensington,Construction,Medium business,4,180
2011,Kensington,Construction,Non employing,1,
2011,Kensington,Construction,Small business,21,137
2011,Kensington,Education and Training,Small business,7,37
2011,Kensington,"Electricity, Gas, Water and Waste Services",Non employing,9,0
2011,Kensington,Manufacturing,Small business,32,170
2011,Kensington,Other Services,Small business,35,156
2011,Kensington,Public Administration and Safety,Medium business,2,
2011,Kensington,Public Administration and Safety,Small business,3,28
2011,Kensington,"Transport, Postal and Warehousing",Small business,9,33
2011,Kensington,Wholesale Trade,Medium business,3,76
2011,Melbourne (CBD),Accommodation and Food Services,Non employing,9,0
2011,Melbourne (CBD),Administrative and Support Services,Large business,6,4116
2011,Melbourne (CBD),"Agriculture, Forestry and Fishing",Medium business,1,
2011,Melbourne (CBD),Arts and Recreation Services,Large business,1,
2011,Melbourne (CBD),Construction,Non employing,2,
2011,Melbourne (CBD),Construction,Small business,57,359
2011,Melbourne (CBD),Education and Training,Large business,8,2588
2011,Melbourne (CBD),Education and Training,Non employing,3,0
2011,Melbourne (CBD),"Electricity, Gas, Water and Waste Services",Large business,7,4507
2011,Melbourne (CBD),"Electricity, Gas, Water and Waste Services",Medium business,11,845
2011,Melbourne (CBD),Financial and Insurance Services,Medium business,153,9656
2011,Melbourne (CBD),Health Care and Social Assistance,Large business,1,
2011,Melbourne (CBD),Health Care and Social Assistance,Non employing,3,0
2011,Melbourne (CBD),Information Media and Telecommunications,Large business,23,21752
2011,Melbourne (CBD),Information Media and Telecommunications,Small business,130,860
2011,Melbourne (CBD),Manufacturing,Large business,1,
2011,Melbourne (CBD),Manufacturing,Small business,273,867
2011,Melbourne (CBD),Mining,Large business,2,
2011,Melbourne (CBD),Mining,Small business,39,271
2011,Melbourne (CBD),Other Services,Large business,1,
2011,Melbourne (CBD),"Professional, Scientific and Technical Services",Medium business,289,14723
2011,Melbourne (CBD),Public Administration and Safety,Small business,57,454
2011,Melbourne (CBD),"Rental, Hiring and Real Estate Services",Medium business,28,1466
2011,Melbourne (CBD),"Rental, Hiring and Real Estate Services",Non employing,7,0
2011,Melbourne (CBD),"Rental, Hiring and Real Estate Services",Small business,164,969
2011,Melbourne (CBD),"Transport, Postal and Warehousing",Medium business,26,1650
2011,Melbourne (CBD),"Transport, Postal and Warehousing",Small business,53,418
2011,Melbourne (CBD),Wholesale Trade,Non employing,1,
2011,Melbourne (Remainder),Accommodation and Food Services,Medium business,8,308
2011,Melbourne (Remainder),Accommodation and Food Services,Small business,29,198
2011,Melbourne (Remainder),Arts and Recreation Services,Medium business,10,661
2011,Melbourne (Remainder),Construction,Small business,5,20
2011,Melbourne (Remainder),Education and Training,Small business,2,
2011,Melbourne (Remainder),"Electricity, Gas, Water and Waste Services",Non employing,3,0
2011,Melbourne (Remainder),Health Care and Social Assistance,Medium business,5,182
2011,Melbourne (Remainder),Information Media and Telecommunications,Small business,3,26
2011,Melbourne (Remainder),"Professional, Scientific and Technical Services",Large business,5,3021
2011,Melbourne (Remainder),"Professional, Scientific and Technical Services",Medium business,24,1610
2011,Melbourne (Remainder),"Professional, Scientific and Technical Services",Small business,43,325
2011,Melbourne (Remainder),Retail Trade,Small business,17,86
2011,Melbourne (Remainder),"Transport, Postal and Warehousing",Non employing,1,
2011,North Melbourne,Accommodation and Food Services,Non employing,5,0
2011,North Melbourne,Administrative and Support Services,Medium business,6,224
2011,North Melbourne,Arts and Recreation Services,Medium business,5,242
2011,North Melbourne,Construction,Medium business,7,327
2011,North Melbourne,Financial and Insurance Services,Small business,21,139
2011,North Melbourne,Health Care and Social Assistance,Medium business,5,347
2011,North Melbourne,Health Care and Social Assistance,Non employing,2,
2011,North Melbourne,Information Media and Telecommunications,Small business,29,140
2011,North Melbourne,Other Services,Medium business,6,203
2011,North Melbourne,"Professional, Scientific and Technical Services",Medium business,15,903
2011,North Melbourne,"Professional, Scientific and Technical Services",Non employing,2,
2011,North Melbourne,Public Administration and Safety,Medium business,4,231
2011,North Melbourne,Retail Trade,Non employing,5,0
2011,North Melbourne,Wholesale Trade,Small business,68,405
2011,Parkville,Accommodation and Food Services,Small business,44,336
2011,Parkville,"Electricity, Gas, Water and Waste Services",Non employing,7,0
2011,Parkville,Manufacturing,Small business,3,9
2011,Parkville,Other Services,Medium business,2,
2011,Parkville,Other Services,Non employing,3,0
2011,Parkville,Other Services,Small business,18,98
2011,Parkville,Public Administration and Safety,Medium business,2,
2011,Parkville,"Rental, Hiring and Real Estate Services",Small business,1,
2011,Parkville,Retail Trade,Small business,23,110
2011,Parkville,"Transport, Postal and Warehousing",Non employing,1,
2011,Parkville,"Transport, Postal and Warehousing",Small business,4,10
2011,Port Melbourne,Accommodation and Food Services,Small business,15,87
2011,Port Melbourne,Administrative and Support Services,Small business,11,77
2011,Port Melbourne,"Agriculture, Forestry and Fishing",Small business,2,
2011,Port Melbourne,Arts and Recreation Services,Small business,5,29
2011,Port Melbourne,Financial and Insurance Services,Small business,9,52
2011,Port Melbourne,Health Care and Social Assistance,Small business,1,
2011,Port Melbourne,Information Media and Telecommunications,Large business,1,
2011,Port Melbourne,Information Media and Telecommunications,Small business,10,73
2011,Port Melbourne,Manufacturing,Large business,7,3637
2011,Port Melbourne,Manufacturing,Medium business,21,1017
2011,Port Melbourne,Manufacturing,Non employing,1,
2011,Port Melbourne,Other Services,Medium business,2,
2011,Port Melbourne,"Professional, Scientific and Technical Services",Small business,59,403
2011,Port Melbourne,Public Administration and Safety,Small business,3,24
2011,Port Melbourne,"Rental, Hiring and Real Estate Services",Medium business,3,85
2011,Port Melbourne,"Rental, Hiring and Real Estate Services",Small business,8,75
2011,Port Melbourne,"Transport, Postal and Warehousing",Medium business,9,664
2011,Port Melbourne,"Transport, Postal and Warehousing",Non employing,4,0
2011,South Yarra,Accommodation and Food Services,Small business,16,163
2011,South Yarra,Administrative and Support Services,Non employing,1,
2011,South Yarra,Arts and Recreation Services,Non employing,5,0
2011,South Yarra,Education and Training,Large business,1,
2011,South Yarra,Education and Training,Small business,5,47
2011,South Yarra,Information Media and Telecommunications,Non employing,1,
2011,Southbank,Accommodation and Food Services,Large business,2,
2011,Southbank,Accommodation and Food Services,Medium business,43,2358
2011,Southbank,"Agriculture, Forestry and Fishing",Medium business,3,241
2011,Southbank,Arts and Recreation Services,Large business,3,7432
2011,Southbank,Arts and Recreation Services,Medium business,15,1057
2011,Southbank,Arts and Recreation Services,Small business,13,89
2011,Southbank,Construction,Small business,16,107
2011,Southbank,Education and Training,Large business,2,
2011,Southbank,Education and Training,Small business,5,45
2011,Southbank,"Electricity, Gas, Water and Waste Services",Large business,1,
2011,Southbank,"Electricity, Gas, Water and Waste Services",Non employing,12,0
2011,Southbank,Health Care and Social Assistance,Large business,1,
2011,Southbank,Health Care and Social Assistance,Medium business,4,207
2011,Southbank,Health Care and Social Assistance,Small business,19,132
2011,Southbank,Manufacturing,Small business,7,53
2011,Southbank,Other Services,Large business,1,
2011,Southbank,Other Services,Medium business,4,192
2011,Southbank,"Professional, Scientific and Technical Services",Medium business,56,3491
2011,Southbank,"Professional, Scientific and Technical Services",Small business,79,683
2011,Southbank,"Rental, Hiring and Real Estate Services",Non employing,3,0
2011,Southbank,"Rental, Hiring and Real Estate Services",Small business,25,167
2011,Southbank,Retail Trade,Small business,211,1304
2011,Southbank,"Transport, Postal and Warehousing",Non employing,1,
2011,Southbank,Wholesale Trade,Large business,2,
2011,Southbank,Wholesale Trade,Non employing,1,
2011,West Melbourne (Industrial),Information Media and Telecommunications,Medium business,1,
2011,West Melbourne (Industrial),Manufacturing,Small business,6,45
2011,West Melbourne (Industrial),"Rental, Hiring and Real Estate Services",Small business,7,52
2011,West Melbourne (Industrial),"Transport, Postal and Warehousing",Medium business,18,1298
2011,West Melbourne (Industrial),Wholesale Trade,Medium business,48,1536
2011,West Melbourne (Residential),Accommodation and Food Services,Small business,56,283
2011,West Melbourne (Residential),Arts and Recreation Services,Small business,8,42
2011,West Melbourne (Residential),Construction,Medium business,3,122
2011,West Melbourne (Residential),Construction,Small business,10,70
2011,West Melbourne (Residential),Education and Training,Medium business,10,351
2011,West Melbourne (Residential),"Electricity, Gas, Water and Waste Services",Medium business,2,
2011,West Melbourne (Residential),"Electricity, Gas, Water and Waste Services",Non employing,9,0
2011,West Melbourne (Residential),Financial and Insurance Services,Large business,2,
2011,West Melbourne (Residential),Financial and Insurance Services,Small business,13,69
2011,West Melbourne (Residential),Information Media and Telecommunications,Medium business,4,109
2011,West Melbourne (Residential),Manufacturing,Medium business,8,262
2011,West Melbourne (Residential),Other Services,Small business,53,243
2011,West Melbourne (Residential),Public Administration and Safety,Medium business,2,
2011,West Melbourne (Residential),"Transport, Postal and Warehousing",Large business,1,
2011,West Melbourne (Residential),"Transport, Postal and Warehousing",Medium business,2,
2011,West Melbourne (Residential),"Transport, Postal and Warehousing",Non employing,1,
2012,Carlton,Arts and Recreation Services,Large business,1,
2012,Carlton,Arts and Recreation Services,Medium business,5,274
2012,Carlton,Arts and Recreation Services,Small business,19,81
2012,Carlton,Education and Training,Small business,46,360
2012,Carlton,"Electricity, Gas, Water and Waste Services",Non employing,14,0
2012,Carlton,Manufacturing,Small business,30,143
2012,Carlton,Other Services,Medium business,22,1050
2012,Carlton,Other Services,Small business,108,541
2012,Carlton,Public Administration and Safety,Large business,2,
2012,Carlton,Retail Trade,Non employing,5,0
2012,Carlton,Retail Trade,Small business,143,629
2012,Carlton,Wholesale Trade,Medium business,3,94
2012,Carlton,Wholesale Trade,Non employing,1,
2012,Carlton,Wholesale Trade,Small business,22,86
2012,Docklands,Accommodation and Food Services,Small business,150,1176
2012,Docklands,Administrative and Support Services,Small business,22,106
2012,Docklands,Arts and Recreation Services,Non employing,10,0
2012,Docklands,Construction,Non employing,2,
2012,Docklands,Education and Training,Small business,9,58
2012,Docklands,Information Media and Telecommunications,Large business,7,4520
2012,Docklands,Manufacturing,Large business,1,
2012,Docklands,Mining,Small business,2,
2012,Docklands,Other Services,Non employing,18,0
2012,Docklands,"Professional, Scientific and Technical Services",Medium business,10,391
2012,Docklands,"Professional, Scientific and Technical Services",Small business,92,468
2012,Docklands,Public Administration and Safety,Large business,5,4091
2012,Docklands,"Rental, Hiring and Real Estate Services",Medium business,2,
2012,Docklands,Retail Trade,Medium business,5,331
2012,Docklands,Retail Trade,Small business,251,1301
2012,East Melbourne,Accommodation and Food Services,Large business,3,2911
2012,East Melbourne,Accommodation and Food Services,Non employing,6,0
2012,East Melbourne,Administrative and Support Services,Medium business,4,209
2012,East Melbourne,Arts and Recreation Services,Large business,1,
2012,East Melbourne,Education and Training,Medium business,7,557
2012,East Melbourne,"Electricity, Gas, Water and Waste Services",Medium business,3,312
2012,East Melbourne,"Electricity, Gas, Water and Waste Services",Non employing,6,0
2012,East Melbourne,"Electricity, Gas, Water and Waste Services",Small business,1,
2012,East Melbourne,Financial and Insurance Services,Small business,13,97
2012,East Melbourne,Health Care and Social Assistance,Medium business,20,959
2012,East Melbourne,Health Care and Social Assistance,Non employing,3,0
2012,East Melbourne,Information Media and Telecommunications,Non employing,1,
2012,East Melbourne,Manufacturing,Small business,3,14
2012,East Melbourne,Other Services,Medium business,8,570
2012,East Melbourne,"Professional, Scientific and Technical Services",Small business,66,422
2012,East Melbourne,Public Administration and Safety,Large business,6,3983
2012,East Melbourne,Wholesale Trade,Small business,5,27
2012,Kensington,Accommodation and Food Services,Medium business,2,
2012,Kensington,Accommodation and Food Services,Small business,31,167
2012,Kensington,"Agriculture, Forestry and Fishing",Small business,3,8
2012,Kensington,Arts and Recreation Services,Large business,2,
2012,Kensington,Arts and Recreation Services,Small business,18,90
2012,Kensington,Construction,Small business,21,137
2012,Kensington,Financial and Insurance Services,Small business,3,8
2012,Kensington,Health Care and Social Assistance,Medium business,7,359
2012,Kensington,Information Media and Telecommunications,Small business,6,44
2012,Kensington,Mining,Small business,1,
2012,Kensington,Other Services,Medium business,1,
2012,Kensington,"Professional, Scientific and Technical Services",Non employing,1,
2012,Kensington,"Professional, Scientific and Technical Services",Small business,27,180
2012,Kensington,Public Administration and Safety,Medium business,2,
2012,Kensington,"Rental, Hiring and Real Estate Services",Medium business,1,
2012,Kensington,Retail Trade,Non employing,1,
2012,Kensington,"Transport, Postal and Warehousing",Medium business,2,
2012,Melbourne (CBD),Accommodation and Food Services,Large business,4,1532
2012,Melbourne (CBD),Accommodation and Food Services,Medium business,232,9086
2012,Melbourne (CBD),Accommodation and Food Services,Non employing,14,0
2012,Melbourne (CBD),Administrative and Support Services,Small business,406,2408
2012,Melbourne (CBD),"Agriculture, Forestry and Fishing",Small business,3,16
2012,Melbourne (CBD),Arts and Recreation Services,Medium business,26,1534
2012,Melbourne (CBD),Arts and Recreation Services,Non employing,14,0
2012,Melbourne (CBD),Construction,Medium business,17,753
2012,Melbourne (CBD),Construction,Non employing,2,
2012,Melbourne (CBD),Education and Training,Large business,7,2118
2012,Melbourne (CBD),Education and Training,Medium business,95,6160
2012,Melbourne (CBD),Education and Training,Non employing,1,
2012,Melbourne (CBD),"Electricity, Gas, Water and Waste Services",Small business,7,82
2012,Melbourne (CBD),Financial and Insurance Services,Medium business,148,9247
2012,Melbourne (CBD),Financial and Insurance Services,Small business,518,3383
2012,Melbourne (CBD),Information Media and Telecommunications,Medium business,38,2154
2012,Melbourne (CBD),Manufacturing,Small business,261,842
2012,Melbourne (CBD),Other Services,Large business,1,
2012,Melbourne (CBD),Other Services,Medium business,35,1919
2012,Melbourne (CBD),"Professional, Scientific and Technical Services",Large business,49,23468
2012,Melbourne (CBD),Public Administration and Safety,Non employing,1,
2012,Melbourne (CBD),Public Administration and Safety,Small business,55,443
2012,Melbourne (CBD),"Rental, Hiring and Real Estate Services",Large business,2,
2012,Melbourne (CBD),Retail Trade,Non employing,21,0
2012,Melbourne (CBD),Retail Trade,Small business,1473,7312
2012,Melbourne (CBD),"Transport, Postal and Warehousing",Large business,6,3960
2012,Melbourne (CBD),Wholesale Trade,Large business,2,
2012,Melbourne (CBD),Wholesale Trade,Medium business,12,385
2012,Melbourne (CBD),Wholesale Trade,Non employing,1,
2012,Melbourne (Remainder),Accommodation and Food Services,Large business,3,2706
2012,Melbourne (Remainder),Administrative and Support Services,Large business,1,
2012,Melbourne (Remainder),Arts and Recreation Services,Medium business,10,661
2012,Melbourne (Remainder),Arts and Recreation Services,Small business,9,61
2012,Melbourne (Remainder),Construction,Medium business,5,229
2012,Melbourne (Remainder),Education and Training,Large business,3,1159
2012,Melbourne (Remainder),"Electricity, Gas, Water and Waste Services",Small business,1,
2012,Melbourne (Remainder),Financial and Insurance Services,Large business,3,987
2012,Melbourne (Remainder),Financial and Insurance Services,Small business,29,257
2012,Melbourne (Remainder),Health Care and Social Assistance,Large business,3,5137
2012,Melbourne (Remainder),Manufacturing,Small business,9,30
2012,Melbourne (Remainder),Public Administration and Safety,Medium business,3,144
2012,Melbourne (Remainder),Public Administration and Safety,Small business,3,40
2012,Melbourne (Remainder),Retail Trade,Medium business,1,
2012,Melbourne (Remainder),"Transport, Postal and Warehousing",Small business,5,41
2012,Melbourne (Remainder),Wholesale Trade,Medium business,3,225
2012,North Melbourne,Accommodation and Food Services,Medium business,8,192
2012,North Melbourne,Arts and Recreation Services,Non employing,13,0
2012,North Melbourne,Construction,Non employing,1,
2012,North Melbourne,Education and Training,Medium business,7,266
2012,North Melbourne,"Electricity, Gas, Water and Waste Services",Non employing,23,0
2012,North Melbourne,Financial and Insurance Services,Medium business,2,
2012,North Melbourne,Health Care and Social Assistance,Large business,1,
2012,North Melbourne,Health Care and Social Assistance,Medium business,9,426
2012,North Melbourne,Health Care and Social Assistance,Non employing,2,
2012,North Melbourne,Health Care and Social Assistance,Small business,88,471
2012,North Melbourne,Manufacturing,Medium business,10,428
2012,North Melbourne,Manufacturing,Non employing,2,
2012,North Melbourne,Other Services,Non employing,10,0
2012,North Melbourne,"Professional, Scientific and Technical Services",Non employing,3,0
2012,North Melbourne,"Professional, Scientific and Technical Services",Small business,132,691
2012,North Melbourne,Retail Trade,Small business,99,411
2012,North Melbourne,"Transport, Postal and Warehousing",Non employing,3,0
2012,Parkville,Accommodation and Food Services,Medium business,14,782
2012,Parkville,Administrative and Support Services,Small business,2,
2012,Parkville,Construction,Medium business,1,
2012,Parkville,Education and Training,Large business,3,4209
2012,Parkville,Financial and Insurance Services,Small business,7,30
2012,Parkville,Other Services,Medium business,3,82
2012,Parkville,Other Services,Small business,13,45
2012,Parkville,Public Administration and Safety,Medium business,3,267
2012,Parkville,Retail Trade,Medium business,1,
2012,Parkville,Retail Trade,Small business,23,106
2012,Parkville,"Transport, Postal and Warehousing",Small business,4,11
2012,Port Melbourne,Accommodation and Food Services,Medium business,2,
2012,Port Melbourne,Administrative and Support Services,Medium business,2,
2012,Port Melbourne,Arts and Recreation Services,Small business,5,29
2012,Port Melbourne,Construction,Small business,36,243
2012,Port Melbourne,"Electricity, Gas, Water and Waste Services",Non employing,6,0
2012,Port Melbourne,Financial and Insurance Services,Non employing,1,
2012,Port Melbourne,Information Media and Telecommunications,Large business,1,
2012,Port Melbourne,Manufacturing,Non employing,1,
2012,Port Melbourne,Manufacturing,Small business,48,355
2012,Port Melbourne,Other Services,Non employing,3,0
2012,Port Melbourne,Other Services,Small business,8,64
2012,Port Melbourne,"Rental, Hiring and Real Estate Services",Medium business,3,85
2012,Port Melbourne,"Rental, Hiring and Real Estate Services",Small business,8,75
2012,Port Melbourne,"Transport, Postal and Warehousing",Large business,2,
2012,Port Melbourne,"Transport, Postal and Warehousing",Non employing,4,0
2012,Port Melbourne,Wholesale Trade,Large business,3,945
2012,Port Melbourne,Wholesale Trade,Medium business,16,827
2012,Port Melbourne,Wholesale Trade,Non employing,1,
2012,South Yarra,Accommodation and Food Services,Small business,16,163
2012,South Yarra,Administrative and Support Services,Non employing,1,
2012,South Yarra,Education and Training,Large business,1,
2012,South Yarra,Education and Training,Non employing,4,0
2012,South Yarra,Education and Training,Small business,5,47
2012,South Yarra,"Electricity, Gas, Water and Waste Services",Non employing,5,0
2012,South Yarra,Health Care and Social Assistance,Medium business,1,
2012,South Yarra,Health Care and Social Assistance,Small business,2,
2012,Southbank,Accommodation and Food Services,Large business,2,
2012,Southbank,Arts and Recreation Services,Small business,13,89
2012,Southbank,"Electricity, Gas, Water and Waste Services",Non employing,12,0
2012,Southbank,Financial and Insurance Services,Medium business,11,498
2012,Southbank,Other Services,Medium business,4,192
2012,Southbank,Other Services,Non employing,19,0
2012,Southbank,Other Services,Small business,29,150
2012,Southbank,Public Administration and Safety,Large business,1,
2012,Southbank,Public Administration and Safety,Small business,2,
2012,Southbank,"Rental, Hiring and Real Estate Services",Small business,25,167
2012,Southbank,Retail Trade,Medium business,7,359
2012,Southbank,Wholesale Trade,Large business,2,
2012,Southbank,Wholesale Trade,Small business,15,111
2012,West Melbourne (Industrial),"Agriculture, Forestry and Fishing",Small business,1,
2012,West Melbourne (Industrial),Arts and Recreation Services,Non employing,8,0
2012,West Melbourne (Industrial),Construction,Medium business,1,
2012,West Melbourne (Industrial),Construction,Non employing,1,
2012,West Melbourne (Industrial),Construction,Small business,3,21
2012,West Melbourne (Industrial),"Electricity, Gas, Water and Waste Services",Medium business,2,
2012,West Melbourne (Industrial),Manufacturing,Small business,6,37
2012,West Melbourne (Industrial),"Rental, Hiring and Real Estate Services",Medium business,4,111
2012,West Melbourne (Industrial),"Transport, Postal and Warehousing",Large business,4,1692
2012,West Melbourne (Industrial),Wholesale Trade,Non employing,1,
2012,West Melbourne (Residential),Arts and Recreation Services,Non employing,8,0
2012,West Melbourne (Residential),Arts and Recreation Services,Small business,6,31
2012,West Melbourne (Residential),Construction,Non employing,1,
2012,West Melbourne (Residential),Education and Training,Medium business,7,271
2012,West Melbourne (Residential),"Electricity, Gas, Water and Waste Services",Non employing,8,0
2012,West Melbourne (Residential),Financial and Insurance Services,Medium business,2,
2012,West Melbourne (Residential),Financial and Insurance Services,Non employing,1,
2012,West Melbourne (Residential),Financial and Insurance Services,Small business,14,89
2012,West Melbourne (Residential),Health Care and Social Assistance,Small business,11,70
2012,West Melbourne (Residential),Manufacturing,Small business,13,76
2012,West Melbourne (Residential),Other Services,Non employing,3,0
2012,West Melbourne (Residential),Other Services,Small business,48,224
2012,West Melbourne (Residential),"Professional, Scientific and Technical Services",Non employing,3,0
2012,West Melbourne (Residential),"Professional, Scientific and Technical Services",Small business,91,513
2012,West Melbourne (Residential),"Rental, Hiring and Real Estate Services",Small business,6,50
2012,West Melbourne (Residential),"Transport, Postal and Warehousing",Large business,1,
2012,West Melbourne (Residential),"Transport, Postal and Warehousing",Medium business,1,
2012,West Melbourne (Residential),"Transport, Postal and Warehousing",Non employing,1,
2013,Carlton,Accommodation and Food Services,Small business,213,1510
2013,Carlton,"Agriculture, Forestry and Fishing",Medium business,1,
2013,Carlton,Arts and Recreation Services,Medium business,5,274
2013,Carlton,Arts and Recreation Services,Non employing,17,0
2013,Carlton,Education and Training,Small business,46,360
2013,Carlton,Health Care and Social Assistance,Non employing,1,
2013,Carlton,Other Services,Non employing,16,0
2013,Carlton,"Professional, Scientific and Technical Services",Small business,127,716
2013,Carlton,"Transport, Postal and Warehousing",Small business,4,26
2013,Carlton,Wholesale Trade,Medium business,3,94
2013,Carlton,Wholesale Trade,Non employing,1,
2013,Docklands,Accommodation and Food Services,Medium business,19,882
2013,Docklands,Accommodation and Food Services,Non employing,1,
2013,Docklands,Administrative and Support Services,Medium business,7,232
2013,Docklands,Administrative and Support Services,Small business,22,106
2013,Docklands,Arts and Recreation Services,Large business,1,
2013,Docklands,Construction,Medium business,10,505
2013,Docklands,Construction,Small business,13,92
2013,Docklands,Financial and Insurance Services,Large business,6,11707
2013,Docklands,Information Media and Telecommunications,Non employing,1,
2013,Docklands,Information Media and Telecommunications,Small business,12,51
2013,Docklands,Manufacturing,Large business,1,
2013,Docklands,Mining,Small business,2,
2013,Docklands,Other Services,Medium business,1,
2013,Docklands,"Professional, Scientific and Technical Services",Medium business,10,391
2013,Docklands,Public Administration and Safety,Large business,5,4091
2013,Docklands,Public Administration and Safety,Small business,5,27
2013,Docklands,"Rental, Hiring and Real Estate Services",Small business,40,207
2013,Docklands,"Transport, Postal and Warehousing",Large business,4,1593
2013,Docklands,"Transport, Postal and Warehousing",Non employing,3,0
2013,East Melbourne,Accommodation and Food Services,Large business,3,2911
2013,East Melbourne,Accommodation and Food Services,Medium business,2,
2013,East Melbourne,Accommodation and Food Services,Small business,60,413
2013,East Melbourne,Arts and Recreation Services,Large business,1,
2013,East Melbourne,Arts and Recreation Services,Non employing,16,0
2013,East Melbourne,Arts and Recreation Services,Small business,15,77
2013,East Melbourne,Education and Training,Small business,4,46
2013,East Melbourne,"Electricity, Gas, Water and Waste Services",Large business,1,
2013,East Melbourne,"Electricity, Gas, Water and Waste Services",Small business,1,
2013,East Melbourne,Financial and Insurance Services,Small business,13,97
2013,East Melbourne,Health Care and Social Assistance,Large business,5,4752
2013,East Melbourne,Health Care and Social Assistance,Medium business,20,959
2013,East Melbourne,Mining,Small business,1,
2013,East Melbourne,"Professional, Scientific and Technical Services",Medium business,22,1174
2013,East Melbourne,"Professional, Scientific and Technical Services",Small business,66,422
2013,East Melbourne,"Rental, Hiring and Real Estate Services",Medium business,1,
2013,East Melbourne,Retail Trade,Non employing,1,
2013,East Melbourne,Wholesale Trade,Small business,5,27
2013,Kensington,Accommodation and Food Services,Medium business,3,106
2013,Kensington,Administrative and Support Services,Non employing,1,
2013,Kensington,Arts and Recreation Services,Large business,1,
2013,Kensington,Arts and Recreation Services,Medium business,13,647
2013,Kensington,Construction,Small business,19,131
2013,Kensington,Education and Training,Small business,4,22
2013,Kensington,Financial and Insurance Services,Small business,3,11
2013,Kensington,Manufacturing,Non employing,4,0
2013,Kensington,Other Services,Medium business,2,
2013,Kensington,"Professional, Scientific and Technical Services",Medium business,8,548
2013,Kensington,"Professional, Scientific and Technical Services",Non employing,2,
2013,Kensington,Public Administration and Safety,Medium business,3,291
2013,Kensington,"Rental, Hiring and Real Estate Services",Small business,13,66
2013,Kensington,"Transport, Postal and Warehousing",Non employing,4,0
2013,Kensington,"Transport, Postal and Warehousing",Small business,10,34
2013,Melbourne (CBD),"Agriculture, Forestry and Fishing",Medium business,1,
2013,Melbourne (CBD),"Agriculture, Forestry and Fishing",Non employing,1,
2013,Melbourne (CBD),Education and Training,Medium business,95,5730
2013,Melbourne (CBD),"Electricity, Gas, Water and Waste Services",Non employing,38,0
2013,Melbourne (CBD),Financial and Insurance Services,Non employing,4,0
2013,Melbourne (CBD),Financial and Insurance Services,Small business,533,3414
2013,Melbourne (CBD),Health Care and Social Assistance,Medium business,40,1645
2013,Melbourne (CBD),Health Care and Social Assistance,Non employing,4,0
2013,Melbourne (CBD),Health Care and Social Assistance,Small business,356,1911
2013,Melbourne (CBD),Information Media and Telecommunications,Large business,19,18273
2013,Melbourne (CBD),Manufacturing,Medium business,5,232
2013,Melbourne (CBD),Manufacturing,Non employing,3,0
2013,Melbourne (CBD),Mining,Large business,1,
2013,Melbourne (CBD),Mining,Medium business,9,489
2013,Melbourne (CBD),Other Services,Large business,2,
2013,Melbourne (CBD),Other Services,Non employing,70,0
2013,Melbourne (CBD),"Professional, Scientific and Technical Services",Large business,42,20961
2013,Melbourne (CBD),Public Administration and Safety,Medium business,75,5739
2013,Melbourne (CBD),Public Administration and Safety,Non employing,2,
2013,Melbourne (CBD),Public Administration and Safety,Small business,54,397
2013,Melbourne (CBD),"Rental, Hiring and Real Estate Services",Non employing,12,0
2013,Melbourne (CBD),"Transport, Postal and Warehousing",Medium business,23,1334
2013,Melbourne (CBD),Wholesale Trade,Large business,1,
2013,Melbourne (CBD),Wholesale Trade,Non employing,1,
2013,Melbourne (Remainder),Accommodation and Food Services,Medium business,6,277
2013,Melbourne (Remainder),Accommodation and Food Services,Small business,32,246
2013,Melbourne (Remainder),Administrative and Support Services,Large business,1,
2013,Melbourne (Remainder),Construction,Medium business,4,195
2013,Melbourne (Remainder),Construction,Small business,4,29
2013,Melbourne (Remainder),Financial and Insurance Services,Medium business,8,300
2013,Melbourne (Remainder),"Professional, Scientific and Technical Services",Medium business,21,1154
2013,Melbourne (Remainder),Public Administration and Safety,Small business,4,49
2013,Melbourne (Remainder),"Rental, Hiring and Real Estate Services",Medium business,2,
2013,Melbourne (Remainder),Retail Trade,Medium business,1,
2013,Melbourne (Remainder),Retail Trade,Small business,16,76
2013,Melbourne (Remainder),"Transport, Postal and Warehousing",Small business,5,44
2013,Melbourne (Remainder),Wholesale Trade,Medium business,4,299
2013,North Melbourne,Accommodation and Food Services,Medium business,8,192
2013,North Melbourne,Administrative and Support Services,Small business,36,218
2013,North Melbourne,Construction,Medium business,5,258
2013,North Melbourne,Education and Training,Medium business,7,266
2013,North Melbourne,Education and Training,Non employing,1,
2013,North Melbourne,Education and Training,Small business,21,171
2013,North Melbourne,Financial and Insurance Services,Non employing,1,
2013,North Melbourne,Health Care and Social Assistance,Medium business,9,426
2013,North Melbourne,Health Care and Social Assistance,Non employing,2,
2013,North Melbourne,Health Care and Social Assistance,Small business,88,471
2013,North Melbourne,Information Media and Telecommunications,Non employing,2,
2013,North Melbourne,"Rental, Hiring and Real Estate Services",Non employing,1,
2013,North Melbourne,Retail Trade,Non employing,6,0
2013,North Melbourne,Wholesale Trade,Non employing,3,0
2013,Parkville,Accommodation and Food Services,Medium business,14,782
2013,Parkville,Construction,Medium business,1,
2013,Parkville,Financial and Insurance Services,Small business,7,30
2013,Parkville,Health Care and Social Assistance,Large business,7,15387
2013,Parkville,Health Care and Social Assistance,Small business,67,346
2013,Parkville,Manufacturing,Small business,4,27
2013,Parkville,Other Services,Medium business,3,82
2013,Parkville,Other Services,Small business,13,45
2013,Parkville,Public Administration and Safety,Medium business,3,267
2013,Parkville,Retail Trade,Small business,23,106
2013,Port Melbourne,Administrative and Support Services,Small business,12,75
2013,Port Melbourne,"Electricity, Gas, Water and Waste Services",Small business,2,
2013,Port Melbourne,Information Media and Telecommunications,Medium business,4,136
2013,Port Melbourne,Information Media and Telecommunications,Small business,11,87
2013,Port Melbourne,Manufacturing,Large business,5,2956
2013,Port Melbourne,Manufacturing,Medium business,24,1522
2013,Port Melbourne,Manufacturing,Non employing,2,
2013,Port Melbourne,Manufacturing,Small business,58,394
2013,Port Melbourne,Other Services,Medium business,4,102
2013,Port Melbourne,"Professional, Scientific and Technical Services",Large business,1,
2013,Port Melbourne,"Professional, Scientific and Technical Services",Medium business,12,455
2013,Port Melbourne,Retail Trade,Small business,20,119
2013,Port Melbourne,"Transport, Postal and Warehousing",Large business,2,
2013,Port Melbourne,"Transport, Postal and Warehousing",Non employing,7,0
2013,Port Melbourne,Wholesale Trade,Large business,2,
2013,Port Melbourne,Wholesale Trade,Medium business,16,778
2013,Port Melbourne,Wholesale Trade,Non employing,1,
2013,Port Melbourne,Wholesale Trade,Small business,61,452
2013,South Yarra,Administrative and Support Services,Small business,1,
2013,South Yarra,Arts and Recreation Services,Non employing,4,0
2013,South Yarra,Other Services,Non employing,1,
2013,South Yarra,Other Services,Small business,8,29
2013,South Yarra,Public Administration and Safety,Small business,1,
2013,South Yarra,Retail Trade,Small business,5,23
2013,Southbank,Accommodation and Food Services,Large business,4,2446
2013,Southbank,Accommodation and Food Services,Non employing,5,0
2013,Southbank,Accommodation and Food Services,Small business,133,1251
2013,Southbank,Administrative and Support Services,Medium business,7,385
2013,Southbank,Administrative and Support Services,Non employing,1,
2013,Southbank,Arts and Recreation Services,Large business,4,7059
2013,Southbank,Arts and Recreation Services,Medium business,20,1309
2013,Southbank,"Electricity, Gas, Water and Waste Services",Non employing,17,0
2013,Southbank,Financial and Insurance Services,Large business,1,
2013,Southbank,Health Care and Social Assistance,Medium business,6,278
2013,Southbank,Health Care and Social Assistance,Small business,17,100
2013,Southbank,Manufacturing,Medium business,4,338
2013,Southbank,Mining,Large business,2,
2013,Southbank,Other Services,Medium business,2,
2013,Southbank,"Professional, Scientific and Technical Services",Large business,7,3312
2013,Southbank,"Professional, Scientific and Technical Services",Non employing,1,
2013,Southbank,Public Administration and Safety,Large business,1,
2013,Southbank,"Rental, Hiring and Real Estate Services",Medium business,3,231
2013,Southbank,"Rental, Hiring and Real Estate Services",Small business,29,187
2013,Southbank,"Transport, Postal and Warehousing",Medium business,6,296
2013,Southbank,Wholesale Trade,Non employing,1,
2013,West Melbourne (Industrial),Accommodation and Food Services,Small business,6,45
2013,West Melbourne (Industrial),"Agriculture, Forestry and Fishing",Small business,1,
2013,West Melbourne (Industrial),Arts and Recreation Services,Medium business,1,
2013,West Melbourne (Industrial),Construction,Medium business,1,
2013,West Melbourne (Industrial),Education and Training,Small business,1,
2013,West Melbourne (Industrial),Manufacturing,Small business,6,37
2013,West Melbourne (Industrial),"Professional, Scientific and Technical Services",Medium business,2,
2013,West Melbourne (Industrial),Public Administration and Safety,Small business,2,
2013,West Melbourne (Industrial),"Transport, Postal and Warehousing",Medium business,18,1250
2013,West Melbourne (Industrial),"Transport, Postal and Warehousing",Small business,26,222
2013,West Melbourne (Industrial),Wholesale Trade,Non employing,1,
2013,West Melbourne (Residential),Administrative and Support Services,Small business,11,83
2013,West Melbourne (Residential),Arts and Recreation Services,Medium business,4,181
2013,West Melbourne (Residential),Construction,Medium business,2,
2013,West Melbourne (Residential),Construction,Small business,10,82
2013,West Melbourne (Residential),Education and Training,Medium business,7,271
2013,West Melbourne (Residential),Health Care and Social Assistance,Large business,1,
2013,West Melbourne (Residential),Health Care and Social Assistance,Small business,11,70
2013,West Melbourne (Residential),Information Media and Telecommunications,Medium business,3,75
2013,West Melbourne (Residential),Other Services,Non employing,3,0
2013,West Melbourne (Residential),Public Administration and Safety,Large business,1,
2013,West Melbourne (Residential),"Transport, Postal and Warehousing",Large business,1,
2013,West Melbourne (Residential),"Transport, Postal and Warehousing",Medium business,1,
2014,Carlton,Accommodation and Food Services,Medium business,21,623
2014,Carlton,Accommodation and Food Services,Non employing,18,0
2014,Carlton,Arts and Recreation Services,Large business,1,
2014,Carlton,Arts and Recreation Services,Medium business,4,258
2014,Carlton,Construction,Small business,11,55
2014,Carlton,Education and Training,Medium business,28,2028
2014,Carlton,Financial and Insurance Services,Medium business,5,315
2014,Carlton,Health Care and Social Assistance,Small business,88,497
2014,Carlton,Manufacturing,Medium business,3,70
2014,Carlton,Other Services,Medium business,21,951
2014,Carlton,Other Services,Non employing,17,0
2014,Carlton,"Professional, Scientific and Technical Services",Medium business,15,497
2014,Carlton,"Professional, Scientific and Technical Services",Small business,124,721
2014,Carlton,"Rental, Hiring and Real Estate Services",Small business,22,129
2014,Carlton,Retail Trade,Medium business,4,301
2014,Carlton,Retail Trade,Non employing,8,0
2014,Carlton,"Transport, Postal and Warehousing",Small business,4,21
2014,Docklands,Accommodation and Food Services,Large business,1,
2014,Docklands,Accommodation and Food Services,Small business,204,1576
2014,Docklands,Administrative and Support Services,Non employing,4,0
2014,Docklands,Construction,Medium business,5,251
2014,Docklands,Education and Training,Small business,9,65
2014,Docklands,"Electricity, Gas, Water and Waste Services",Non employing,9,0
2014,Docklands,Financial and Insurance Services,Large business,9,22411
2014,Docklands,Health Care and Social Assistance,Small business,17,94
2014,Docklands,Information Media and Telecommunications,Large business,7,4633
2014,Docklands,Manufacturing,Medium business,2,
2014,Docklands,Manufacturing,Non employing,2,
2014,Docklands,Mining,Large business,1,
2014,Docklands,Mining,Small business,1,
2014,Docklands,Other Services,Non employing,21,0
2014,Docklands,Other Services,Small business,53,187
2014,Docklands,Public Administration and Safety,Small business,3,11
2014,Docklands,Retail Trade,Non employing,2,
2014,Docklands,Wholesale Trade,Small business,18,87
2014,East Melbourne,Accommodation and Food Services,Non employing,5,0
2014,East Melbourne,Administrative and Support Services,Medium business,3,199
2014,East Melbourne,Administrative and Support Services,Non employing,3,0
2014,East Melbourne,Administrative and Support Services,Small business,9,45
2014,East Melbourne,Arts and Recreation Services,Medium business,8,351
2014,East Melbourne,Arts and Recreation Services,Small business,14,73
2014,East Melbourne,Construction,Small business,5,29
2014,East Melbourne,Education and Training,Large business,1,
2014,East Melbourne,"Electricity, Gas, Water and Waste Services",Non employing,6,0
2014,East Melbourne,Financial and Insurance Services,Medium business,3,264
2014,East Melbourne,Health Care and Social Assistance,Non employing,1,
2014,East Melbourne,Information Media and Telecommunications,Small business,3,27
2014,East Melbourne,Mining,Small business,1,
2014,East Melbourne,Public Administration and Safety,Large business,6,3700
2014,East Melbourne,Public Administration and Safety,Small business,4,39
2014,East Melbourne,Wholesale Trade,Small business,2,
2014,Kensington,"Agriculture, Forestry and Fishing",Small business,3,7
2014,Kensington,Arts and Recreation Services,Non employing,55,0
2014,Kensington,Construction,Medium business,3,130
2014,Kensington,Education and Training,Small business,4,22
2014,Kensington,Health Care and Social Assistance,Small business,16,113
2014,Kensington,Information Media and Telecommunications,Medium business,1,
2014,Kensington,Other Services,Medium business,2,
2014,Kensington,"Professional, Scientific and Technical Services",Medium business,8,548
2014,Kensington,"Professional, Scientific and Technical Services",Non employing,2,
2014,Kensington,"Professional, Scientific and Technical Services",Small business,23,144
2014,Kensington,"Rental, Hiring and Real Estate Services",Small business,13,66
2014,Kensington,Retail Trade,Non employing,3,0
2014,Kensington,"Transport, Postal and Warehousing",Small business,10,34
2014,Melbourne (CBD),Accommodation and Food Services,Medium business,246,9818
2014,Melbourne (CBD),Administrative and Support Services,Non employing,5,0
2014,Melbourne (CBD),"Agriculture, Forestry and Fishing",Medium business,1,
2014,Melbourne (CBD),"Agriculture, Forestry and Fishing",Small business,3,21
2014,Melbourne (CBD),Arts and Recreation Services,Large business,3,987
2014,Melbourne (CBD),Arts and Recreation Services,Non employing,15,0
2014,Melbourne (CBD),Construction,Medium business,14,598
2014,Melbourne (CBD),Education and Training,Medium business,96,5795
2014,Melbourne (CBD),Financial and Insurance Services,Large business,32,21733
2014,Melbourne (CBD),Health Care and Social Assistance,Small business,361,1919
2014,Melbourne (CBD),Information Media and Telecommunications,Small business,78,541
2014,Melbourne (CBD),Manufacturing,Non employing,3,0
2014,Melbourne (CBD),Mining,Medium business,9,465
2014,Melbourne (CBD),Mining,Small business,36,226
2014,Melbourne (CBD),Other Services,Small business,749,3235
2014,Melbourne (CBD),Public Administration and Safety,Medium business,74,5833
2014,Melbourne (CBD),"Rental, Hiring and Real Estate Services",Small business,160,971
2014,Melbourne (CBD),Retail Trade,Non employing,17,0
2014,Melbourne (CBD),Retail Trade,Small business,1487,7696
2014,Melbourne (CBD),"Transport, Postal and Warehousing",Medium business,23,1421
2014,Melbourne (CBD),Wholesale Trade,Large business,1,
2014,Melbourne (Remainder),Accommodation and Food Services,Medium business,6,277
2014,Melbourne (Remainder),Accommodation and Food Services,Small business,32,246
2014,Melbourne (Remainder),Administrative and Support Services,Medium business,1,
2014,Melbourne (Remainder),Arts and Recreation Services,Large business,5,3405
2014,Melbourne (Remainder),Arts and Recreation Services,Medium business,8,473
2014,Melbourne (Remainder),Arts and Recreation Services,Small business,7,50
2014,Melbourne (Remainder),Health Care and Social Assistance,Small business,58,248
2014,Melbourne (Remainder),Information Media and Telecommunications,Medium business,5,215
2014,Melbourne (Remainder),Manufacturing,Large business,1,
2014,Melbourne (Remainder),Mining,Small business,1,
2014,Melbourne (Remainder),"Professional, Scientific and Technical Services",Small business,51,387
2014,Melbourne (Remainder),Public Administration and Safety,Medium business,3,132
2014,Melbourne (Remainder),Public Administration and Safety,Small business,4,49
2014,Melbourne (Remainder),"Rental, Hiring and Real Estate Services",Small business,9,48
2014,Melbourne (Remainder),"Transport, Postal and Warehousing",Small business,5,44
2014,Melbourne (Remainder),Wholesale Trade,Medium business,4,299
2014,North Melbourne,Accommodation and Food Services,Small business,110,631
2014,North Melbourne,Administrative and Support Services,Medium business,5,332
2014,North Melbourne,Administrative and Support Services,Small business,34,220
2014,North Melbourne,Arts and Recreation Services,Small business,36,117
2014,North Melbourne,Construction,Small business,33,233
2014,North Melbourne,Education and Training,Non employing,1,
2014,North Melbourne,"Electricity, Gas, Water and Waste Services",Medium business,1,
2014,North Melbourne,"Electricity, Gas, Water and Waste Services",Non employing,22,0
2014,North Melbourne,Financial and Insurance Services,Small business,17,117
2014,North Melbourne,Health Care and Social Assistance,Non employing,2,
2014,North Melbourne,Other Services,Non employing,13,0
2014,North Melbourne,Other Services,Small business,116,490
2014,North Melbourne,"Professional, Scientific and Technical Services",Large business,1,
2014,North Melbourne,Public Administration and Safety,Medium business,7,351
2014,North Melbourne,Public Administration and Safety,Small business,8,40
2014,North Melbourne,Retail Trade,Medium business,3,180
2014,North Melbourne,Retail Trade,Non employing,4,0
2014,North Melbourne,"Transport, Postal and Warehousing",Non employing,5,0
2014,Parkville,Accommodation and Food Services,Non employing,1,
2014,Parkville,Arts and Recreation Services,Large business,1,
2014,Parkville,Arts and Recreation Services,Medium business,2,
2014,Parkville,Arts and Recreation Services,Non employing,28,0
2014,Parkville,Education and Training,Small business,9,81
2014,Parkville,Financial and Insurance Services,Small business,8,25
2014,Parkville,Health Care and Social Assistance,Medium business,9,363
2014,Parkville,Health Care and Social Assistance,Non employing,1,
2014,Parkville,Health Care and Social Assistance,Small business,61,304
2014,Parkville,Information Media and Telecommunications,Small business,1,
2014,Parkville,Manufacturing,Large business,1,
2014,Parkville,"Professional, Scientific and Technical Services",Medium business,7,456
2014,Parkville,"Professional, Scientific and Technical Services",Small business,13,64
2014,Parkville,"Rental, Hiring and Real Estate Services",Medium business,1,
2014,Port Melbourne,Arts and Recreation Services,Non employing,6,0
2014,Port Melbourne,Financial and Insurance Services,Medium business,1,
2014,Port Melbourne,Financial and Insurance Services,Non employing,1,
2014,Port Melbourne,Health Care and Social Assistance,Medium business,1,
2014,Port Melbourne,Information Media and Telecommunications,Large business,1,
2014,Port Melbourne,Other Services,Small business,9,44
2014,Port Melbourne,"Rental, Hiring and Real Estate Services",Medium business,3,88
2014,Port Melbourne,Retail Trade,Small business,20,119
2014,Port Melbourne,"Transport, Postal and Warehousing",Medium business,11,670
2014,Port Melbourne,"Transport, Postal and Warehousing",Non employing,7,0
2014,Port Melbourne,"Transport, Postal and Warehousing",Small business,24,190
2014,Port Melbourne,Wholesale Trade,Medium business,16,778
2014,South Yarra,Accommodation and Food Services,Medium business,2,
2014,South Yarra,Accommodation and Food Services,Small business,11,120
2014,South Yarra,Education and Training,Medium business,3,97
2014,South Yarra,"Electricity, Gas, Water and Waste Services",Non employing,5,0
2014,Southbank,Accommodation and Food Services,Medium business,59,2562
2014,Southbank,Administrative and Support Services,Small business,16,101
2014,Southbank,Arts and Recreation Services,Medium business,19,1256
2014,Southbank,Education and Training,Large business,1,
2014,Southbank,Education and Training,Medium business,7,395
2014,Southbank,Education and Training,Small business,10,89
2014,Southbank,"Electricity, Gas, Water and Waste Services",Non employing,17,0
2014,Southbank,Financial and Insurance Services,Large business,1,
2014,Southbank,Financial and Insurance Services,Medium business,12,717
2014,Southbank,Health Care and Social Assistance,Medium business,6,278
2014,Southbank,Health Care and Social Assistance,Small business,17,100
2014,Southbank,Information Media and Telecommunications,Large business,3,1968
2014,Southbank,Mining,Small business,2,
2014,Southbank,Other Services,Small business,25,145
2014,Southbank,Public Administration and Safety,Medium business,6,298
2014,Southbank,Retail Trade,Small business,232,1467
2014,Southbank,"Transport, Postal and Warehousing",Medium business,6,296
2014,Southbank,"Transport, Postal and Warehousing",Small business,7,52
2014,Southbank,Wholesale Trade,Non employing,1,
2014,West Melbourne (Industrial),Accommodation and Food Services,Small business,7,42
2014,West Melbourne (Industrial),Construction,Non employing,1,
2014,West Melbourne (Industrial),Construction,Small business,1,
2014,West Melbourne (Industrial),"Electricity, Gas, Water and Waste Services",Non employing,7,0
2014,West Melbourne (Industrial),Information Media and Telecommunications,Medium business,1,
2014,West Melbourne (Industrial),Other Services,Non employing,1,
2014,West Melbourne (Industrial),Public Administration and Safety,Small business,2,
2014,West Melbourne (Industrial),"Transport, Postal and Warehousing",Medium business,20,1450
2014,West Melbourne (Industrial),Wholesale Trade,Small business,150,1573
2014,West Melbourne (Residential),Administrative and Support Services,Small business,9,55
2014,West Melbourne (Residential),Arts and Recreation Services,Medium business,4,282
2014,West Melbourne (Residential),Arts and Recreation Services,Small business,5,27
2014,West Melbourne (Residential),Construction,Medium business,1,
2014,West Melbourne (Residential),"Electricity, Gas, Water and Waste Services",Non employing,8,0
2014,West Melbourne (Residential),Financial and Insurance Services,Medium business,1,
2014,West Melbourne (Residential),Financial and Insurance Services,Small business,12,68
2014,West Melbourne (Residential),Health Care and Social Assistance,Medium business,3,165
2014,West Melbourne (Residential),Information Media and Telecommunications,Medium business,3,94
2014,West Melbourne (Residential),Manufacturing,Non employing,1,
2014,West Melbourne (Residential),Mining,Small business,1,
2014,West Melbourne (Residential),Other Services,Non employing,4,0
2014,West Melbourne (Residential),Other Services,Small business,48,243
2014,West Melbourne (Residential),Public Administration and Safety,Medium business,1,
2014,West Melbourne (Residential),"Rental, Hiring and Real Estate Services",Small business,7,57
2014,West Melbourne (Residential),"Transport, Postal and Warehousing",Small business,16,93
2014,West Melbourne (Residential),Wholesale Trade,Medium business,3,125
2014,West Melbourne (Residential),Wholesale Trade,Non employing,2,
2015,Carlton,Accommodation and Food Services,Non employing,18,0
2015,Carlton,Accommodation and Food Services,Small business,223,1567
2015,Carlton,Administrative and Support Services,Medium business,7,209
2015,Carlton,Administrative and Support Services,Small business,19,74
2015,Carlton,Arts and Recreation Services,Small business,20,105
2015,Carlton,Education and Training,Large business,7,1793
2015,Carlton,Health Care and Social Assistance,Small business,88,497
2015,Carlton,Information Media and Telecommunications,Non employing,1,
2015,Carlton,Other Services,Medium business,21,951
2015,Carlton,Other Services,Non employing,17,0
2015,Carlton,"Professional, Scientific and Technical Services",Medium business,15,497
2015,Carlton,"Professional, Scientific and Technical Services",Small business,124,721
2015,Carlton,Public Administration and Safety,Small business,9,56
2015,Carlton,Retail Trade,Non employing,8,0
2015,Carlton,Wholesale Trade,Medium business,4,251
2015,Carlton,Wholesale Trade,Small business,19,81
2015,Docklands,Administrative and Support Services,Medium business,6,239
2015,Docklands,Administrative and Support Services,Small business,23,106
2015,Docklands,Arts and Recreation Services,Non employing,12,0
2015,Docklands,Construction,Non employing,1,
2015,Docklands,Construction,Small business,12,59
2015,Docklands,Education and Training,Small business,9,65
2015,Docklands,Information Media and Telecommunications,Medium business,6,306
2015,Docklands,Mining,Small business,1,
2015,Docklands,Other Services,Non employing,21,0
2015,Docklands,Other Services,Small business,53,187
2015,Docklands,"Professional, Scientific and Technical Services",Large business,6,5038
2015,Docklands,"Professional, Scientific and Technical Services",Medium business,13,486
2015,Docklands,Public Administration and Safety,Medium business,3,349
2015,Docklands,Retail Trade,Medium business,4,345
2015,Docklands,Retail Trade,Small business,226,1011
2015,Docklands,"Transport, Postal and Warehousing",Large business,5,1717
2015,Docklands,Wholesale Trade,Large business,2,
2015,East Melbourne,Accommodation and Food Services,Medium business,3,152
2015,East Melbourne,Accommodation and Food Services,Non employing,5,0
2015,East Melbourne,Administrative and Support Services,Non employing,3,0
2015,East Melbourne,Education and Training,Medium business,5,428
2015,East Melbourne,Education and Training,Small business,6,77
2015,East Melbourne,Health Care and Social Assistance,Large business,6,5084
2015,East Melbourne,Information Media and Telecommunications,Medium business,1,
2015,East Melbourne,Information Media and Telecommunications,Non employing,1,
2015,East Melbourne,Other Services,Large business,3,701
2015,East Melbourne,Other Services,Small business,34,146
2015,East Melbourne,"Professional, Scientific and Technical Services",Medium business,16,741
2015,East Melbourne,Public Administration and Safety,Medium business,12,799
2015,East Melbourne,"Rental, Hiring and Real Estate Services",Small business,10,76
2015,East Melbourne,"Transport, Postal and Warehousing",Small business,2,
2015,Kensington,Accommodation and Food Services,Medium business,4,153
2015,Kensington,Administrative and Support Services,Medium business,1,
2015,Kensington,Administrative and Support Services,Non employing,1,
2015,Kensington,Arts and Recreation Services,Large business,1,
2015,Kensington,Arts and Recreation Services,Non employing,55,0
2015,Kensington,Construction,Small business,19,132
2015,Kensington,Education and Training,Small business,5,27
2015,Kensington,Information Media and Telecommunications,Non employing,4,0
2015,Kensington,Information Media and Telecommunications,Small business,7,53
2015,Kensington,Manufacturing,Non employing,3,0
2015,Kensington,Manufacturing,Small business,35,168
2015,Kensington,Other Services,Small business,37,177
2015,Kensington,"Professional, Scientific and Technical Services",Large business,1,
2015,Kensington,"Professional, Scientific and Technical Services",Small business,34,185
2015,Kensington,Public Administration and Safety,Medium business,3,292
2015,Kensington,"Rental, Hiring and Real Estate Services",Medium business,1,
2015,Kensington,Retail Trade,Non employing,3,0
2015,Kensington,"Transport, Postal and Warehousing",Small business,9,44
2015,Melbourne (CBD),Accommodation and Food Services,Large business,4,1556
2015,Melbourne (CBD),Accommodation and Food Services,Medium business,245,9714
2015,Melbourne (CBD),Administrative and Support Services,Large business,5,3223
2015,Melbourne (CBD),Construction,Small business,65,437
2015,Melbourne (CBD),Education and Training,Large business,10,3367
2015,Melbourne (CBD),Education and Training,Non employing,3,0
2015,Melbourne (CBD),Education and Training,Small business,176,1210
2015,Melbourne (CBD),"Electricity, Gas, Water and Waste Services",Medium business,8,328
2015,Melbourne (CBD),"Electricity, Gas, Water and Waste Services",Small business,7,31
2015,Melbourne (CBD),Financial and Insurance Services,Large business,30,22369
2015,Melbourne (CBD),Financial and Insurance Services,Medium business,147,9594
2015,Melbourne (CBD),Health Care and Social Assistance,Small business,365,1979
2015,Melbourne (CBD),Mining,Small business,32,211
2015,Melbourne (CBD),"Professional, Scientific and Technical Services",Non employing,6,0
2015,Melbourne (CBD),Public Administration and Safety,Large business,27,15044
2015,Melbourne (CBD),Public Administration and Safety,Small business,50,391
2015,Melbourne (CBD),"Rental, Hiring and Real Estate Services",Medium business,35,1936
2015,Melbourne (CBD),Retail Trade,Large business,4,1643
2015,Melbourne (CBD),Retail Trade,Medium business,74,3196
2015,Melbourne (CBD),Retail Trade,Small business,1451,7620
2015,Melbourne (CBD),"Transport, Postal and Warehousing",Large business,6,4036
2015,Melbourne (CBD),"Transport, Postal and Warehousing",Medium business,23,1286
2015,Melbourne (Remainder),Accommodation and Food Services,Medium business,7,314
2015,Melbourne (Remainder),Accommodation and Food Services,Non employing,2,
2015,Melbourne (Remainder),Administrative and Support Services,Large business,1,
2015,Melbourne (Remainder),Administrative and Support Services,Medium business,2,
2015,Melbourne (Remainder),Arts and Recreation Services,Large business,2,
2015,Melbourne (Remainder),Arts and Recreation Services,Small business,6,68
2015,Melbourne (Remainder),Construction,Non employing,1,
2015,Melbourne (Remainder),Construction,Small business,6,23
2015,Melbourne (Remainder),Education and Training,Large business,2,
2015,Melbourne (Remainder),Financial and Insurance Services,Large business,2,
2015,Melbourne (Remainder),Health Care and Social Assistance,Medium business,6,340
2015,Melbourne (Remainder),Health Care and Social Assistance,Small business,61,279
2015,Melbourne (Remainder),Information Media and Telecommunications,Small business,2,
2015,Melbourne (Remainder),Manufacturing,Large business,1,
2015,Melbourne (Remainder),Manufacturing,Medium business,1,
2015,Melbourne (Remainder),Manufacturing,Small business,6,23
2015,Melbourne (Remainder),"Professional, Scientific and Technical Services",Small business,41,331
2015,Melbourne (Remainder),Public Administration and Safety,Medium business,2,
2015,Melbourne (Remainder),Retail Trade,Small business,17,69
2015,Melbourne (Remainder),"Transport, Postal and Warehousing",Medium business,1,
2015,Melbourne (Remainder),"Transport, Postal and Warehousing",Small business,5,37
2015,Melbourne (Remainder),Wholesale Trade,Small business,4,32
2015,North Melbourne,Accommodation and Food Services,Non employing,3,0
2015,North Melbourne,Administrative and Support Services,Medium business,5,332
2015,North Melbourne,Arts and Recreation Services,Medium business,3,206
2015,North Melbourne,Arts and Recreation Services,Non employing,14,0
2015,North Melbourne,Construction,Small business,33,233
2015,North Melbourne,"Electricity, Gas, Water and Waste Services",Non employing,22,0
2015,North Melbourne,Financial and Insurance Services,Non employing,1,
2015,North Melbourne,Health Care and Social Assistance,Small business,90,469
2015,North Melbourne,Information Media and Telecommunications,Small business,19,111
2015,North Melbourne,Manufacturing,Medium business,12,415
2015,North Melbourne,Manufacturing,Small business,46,188
2015,North Melbourne,Retail Trade,Small business,88,374
2015,North Melbourne,Wholesale Trade,Medium business,7,240
2015,Parkville,Accommodation and Food Services,Medium business,15,865
2015,Parkville,Accommodation and Food Services,Non employing,1,
2015,Parkville,Administrative and Support Services,Small business,4,28
2015,Parkville,Arts and Recreation Services,Small business,8,54
2015,Parkville,Education and Training,Large business,3,4238
2015,Parkville,Education and Training,Small business,9,81
2015,Parkville,Health Care and Social Assistance,Large business,7,14762
2015,Parkville,Information Media and Telecommunications,Small business,1,
2015,Parkville,Other Services,Small business,14,78
2015,Parkville,Public Administration and Safety,Medium business,3,217
2015,Parkville,Public Administration and Safety,Small business,1,
2015,Parkville,"Rental, Hiring and Real Estate Services",Non employing,1,
2015,Parkville,"Transport, Postal and Warehousing",Small business,3,8
2015,Port Melbourne,Accommodation and Food Services,Medium business,4,107
2015,Port Melbourne,Administrative and Support Services,Small business,18,113
2015,Port Melbourne,Education and Training,Small business,4,21
2015,Port Melbourne,Financial and Insurance Services,Small business,7,40
2015,Port Melbourne,Health Care and Social Assistance,Small business,3,19
2015,Port Melbourne,Manufacturing,Medium business,23,1262
2015,Port Melbourne,Other Services,Medium business,4,114
2015,Port Melbourne,Other Services,Small business,12,78
2015,Port Melbourne,Public Administration and Safety,Small business,7,54
2015,Port Melbourne,"Rental, Hiring and Real Estate Services",Small business,12,77
2015,Port Melbourne,Wholesale Trade,Medium business,15,824
2015,South Yarra,Education and Training,Medium business,3,105
2015,South Yarra,Health Care and Social Assistance,Medium business,1,
2015,South Yarra,Other Services,Non employing,1,
2015,South Yarra,Other Services,Small business,8,37
2015,South Yarra,Public Administration and Safety,Small business,1,
2015,South Yarra,Retail Trade,Small business,5,20
2015,Southbank,Accommodation and Food Services,Non employing,7,0
2015,Southbank,Accommodation and Food Services,Small business,136,1234
2015,Southbank,Construction,Medium business,14,676
2015,Southbank,Construction,Small business,21,150
2015,Southbank,"Electricity, Gas, Water and Waste Services",Non employing,18,0
2015,Southbank,Financial and Insurance Services,Medium business,11,723
2015,Southbank,Financial and Insurance Services,Small business,17,99
2015,Southbank,Mining,Small business,2,
2015,Southbank,Other Services,Large business,1,
2015,Southbank,"Professional, Scientific and Technical Services",Large business,5,2973
2015,Southbank,"Rental, Hiring and Real Estate Services",Medium business,5,290
2015,Southbank,"Transport, Postal and Warehousing",Large business,1,
2015,Southbank,"Transport, Postal and Warehousing",Non employing,1,
2015,Southbank,Wholesale Trade,Small business,13,109
2015,West Melbourne (Industrial),"Agriculture, Forestry and Fishing",Small business,1,
2015,West Melbourne (Industrial),Arts and Recreation Services,Medium business,1,
2015,West Melbourne (Industrial),Arts and Recreation Services,Non employing,8,0
2015,West Melbourne (Industrial),Construction,Non employing,1,
2015,West Melbourne (Industrial),Construction,Small business,1,
2015,West Melbourne (Industrial),Manufacturing,Medium business,4,111
2015,West Melbourne (Industrial),Other Services,Small business,7,48
2015,West Melbourne (Industrial),"Rental, Hiring and Real Estate Services",Small business,7,71
2015,West Melbourne (Industrial),Retail Trade,Small business,8,54
2015,West Melbourne (Industrial),"Transport, Postal and Warehousing",Large business,5,1954
2015,West Melbourne (Industrial),"Transport, Postal and Warehousing",Small business,23,205
2015,West Melbourne (Industrial),Wholesale Trade,Large business,1,
2015,West Melbourne (Industrial),Wholesale Trade,Non employing,1,
2015,West Melbourne (Industrial),Wholesale Trade,Small business,150,1573
2015,West Melbourne (Residential),Accommodation and Food Services,Non employing,1,
2015,West Melbourne (Residential),Administrative and Support Services,Small business,9,55
2015,West Melbourne (Residential),Arts and Recreation Services,Non employing,8,0
2015,West Melbourne (Residential),Education and Training,Non employing,1,
2015,West Melbourne (Residential),Financial and Insurance Services,Medium business,1,
2015,West Melbourne (Residential),Health Care and Social Assistance,Large business,1,
2015,West Melbourne (Residential),Health Care and Social Assistance,Medium business,3,165
2015,West Melbourne (Residential),Health Care and Social Assistance,Small business,14,86
2015,West Melbourne (Residential),Information Media and Telecommunications,Small business,10,83
2015,West Melbourne (Residential),Manufacturing,Non employing,1,
2015,West Melbourne (Residential),Other Services,Non employing,4,0
2015,West Melbourne (Residential),"Professional, Scientific and Technical Services",Small business,84,501
2015,West Melbourne (Residential),"Rental, Hiring and Real Estate Services",Small business,7,57
2015,West Melbourne (Residential),Retail Trade,Medium business,1,
2015,West Melbourne (Residential),Retail Trade,Small business,39,145
2015,West Melbourne (Residential),"Transport, Postal and Warehousing",Non employing,1,
2015,West Melbourne (Residential),Wholesale Trade,Non employing,2,
2016,Carlton,Accommodation and Food Services,Medium business,19,657
2016,Carlton,Construction,Small business,16,80
2016,Carlton,Education and Training,Small business,53,455
2016,Carlton,"Electricity, Gas, Water and Waste Services",Non employing,14,0
2016,Carlton,Health Care and Social Assistance,Medium business,18,1018
2016,Carlton,Information Media and Telecommunications,Small business,12,82
2016,Carlton,Other Services,Non employing,15,0
2016,Carlton,"Rental, Hiring and Real Estate Services",Non employing,1,
2016,Carlton,"Rental, Hiring and Real Estate Services",Small business,19,103
2016,Carlton,Retail Trade,Non employing,7,0
2016,Docklands,Accommodation and Food Services,Medium business,27,1068
2016,Docklands,Accommodation and Food Services,Non employing,6,0
2016,Docklands,Arts and Recreation Services,Large business,2,
2016,Docklands,Arts and Recreation Services,Small business,26,156
2016,Docklands,Construction,Non employing,2,
2016,Docklands,"Electricity, Gas, Water and Waste Services",Medium business,1,
2016,Docklands,Financial and Insurance Services,Medium business,4,293
2016,Docklands,Health Care and Social Assistance,Medium business,7,324
2016,Docklands,Manufacturing,Medium business,1,
2016,Docklands,Manufacturing,Small business,12,46
2016,Docklands,Other Services,Medium business,3,317
2016,Docklands,Other Services,Non employing,22,0
2016,Docklands,"Professional, Scientific and Technical Services",Large business,5,4635
2016,Docklands,"Professional, Scientific and Technical Services",Small business,126,630
2016,Docklands,"Rental, Hiring and Real Estate Services",Small business,59,370
2016,Docklands,Retail Trade,Large business,2,
2016,Docklands,Retail Trade,Non employing,4,0
2016,Docklands,"Transport, Postal and Warehousing",Large business,6,2725
2016,Docklands,"Transport, Postal and Warehousing",Non employing,3,0
2016,Docklands,Wholesale Trade,Medium business,1,
2016,Docklands,Wholesale Trade,Small business,23,85
2016,East Melbourne,Accommodation and Food Services,Large business,3,3348
2016,East Melbourne,Accommodation and Food Services,Medium business,4,161
2016,East Melbourne,Accommodation and Food Services,Small business,61,430
2016,East Melbourne,Arts and Recreation Services,Large business,2,
2016,East Melbourne,Arts and Recreation Services,Medium business,7,276
2016,East Melbourne,Construction,Non employing,1,
2016,East Melbourne,Financial and Insurance Services,Large business,3,968
2016,East Melbourne,Financial and Insurance Services,Medium business,2,
2016,East Melbourne,Financial and Insurance Services,Small business,9,35
2016,East Melbourne,Information Media and Telecommunications,Small business,7,60
2016,East Melbourne,Manufacturing,Small business,1,
2016,East Melbourne,Other Services,Large business,1,
2016,East Melbourne,Other Services,Medium business,10,621
2016,East Melbourne,Other Services,Non employing,10,0
2016,East Melbourne,"Professional, Scientific and Technical Services",Medium business,17,839
2016,East Melbourne,Public Administration and Safety,Large business,6,3846
2016,East Melbourne,Public Administration and Safety,Non employing,1,
2016,East Melbourne,Retail Trade,Small business,12,78
2016,East Melbourne,"Transport, Postal and Warehousing",Non employing,1,
2016,East Melbourne,"Transport, Postal and Warehousing",Small business,1,
2016,Kensington,Accommodation and Food Services,Small business,42,189
2016,Kensington,Administrative and Support Services,Medium business,1,
2016,Kensington,Administrative and Support Services,Non employing,1,
2016,Kensington,Arts and Recreation Services,Large business,1,
2016,Kensington,Construction,Small business,19,132
2016,Kensington,Education and Training,Medium business,4,130
2016,Kensington,"Electricity, Gas, Water and Waste Services",Non employing,10,0
2016,Kensington,Health Care and Social Assistance,Small business,17,119
2016,Kensington,Manufacturing,Medium business,10,458
2016,Kensington,Other Services,Medium business,1,
2016,Kensington,Other Services,Non employing,3,0
2016,Kensington,Public Administration and Safety,Medium business,3,292
2016,Kensington,Public Administration and Safety,Small business,3,21
2016,Kensington,Retail Trade,Medium business,2,
2016,Kensington,Retail Trade,Small business,36,174
2016,Kensington,Wholesale Trade,Medium business,2,
2016,Melbourne (CBD),Accommodation and Food Services,Non employing,16,0
2016,Melbourne (CBD),Accommodation and Food Services,Small business,1464,11417
2016,Melbourne (CBD),Administrative and Support Services,Small business,343,2217
2016,Melbourne (CBD),Arts and Recreation Services,Medium business,27,1673
2016,Melbourne (CBD),Arts and Recreation Services,Small business,120,606
2016,Melbourne (CBD),Construction,Large business,2,
2016,Melbourne (CBD),Education and Training,Medium business,114,6591
2016,Melbourne (CBD),Education and Training,Small business,194,1343
2016,Melbourne (CBD),"Electricity, Gas, Water and Waste Services",Large business,8,6836
2016,Melbourne (CBD),"Electricity, Gas, Water and Waste Services",Non employing,36,0
2016,Melbourne (CBD),"Electricity, Gas, Water and Waste Services",Small business,10,56
2016,Melbourne (CBD),Financial and Insurance Services,Small business,525,3545
2016,Melbourne (CBD),Information Media and Telecommunications,Large business,17,17385
2016,Melbourne (CBD),Information Media and Telecommunications,Non employing,7,0
2016,Melbourne (CBD),Information Media and Telecommunications,Small business,64,525
2016,Melbourne (CBD),Manufacturing,Medium business,6,296
2016,Melbourne (CBD),Mining,Small business,27,176
2016,Melbourne (CBD),Other Services,Large business,3,768
2016,Melbourne (CBD),"Professional, Scientific and Technical Services",Medium business,371,19269
2016,Melbourne (CBD),"Professional, Scientific and Technical Services",Non employing,7,0
2016,Melbourne (CBD),"Professional, Scientific and Technical Services",Small business,1403,8857
2016,Melbourne (CBD),Public Administration and Safety,Large business,27,15175
2016,Melbourne (CBD),Public Administration and Safety,Non employing,1,
2016,Melbourne (CBD),Public Administration and Safety,Small business,49,377
2016,Melbourne (CBD),"Rental, Hiring and Real Estate Services",Large business,1,
2016,Melbourne (CBD),"Rental, Hiring and Real Estate Services",Medium business,37,1919
2016,Melbourne (CBD),"Rental, Hiring and Real Estate Services",Small business,181,1120
2016,Melbourne (CBD),Retail Trade,Medium business,86,3616
2016,Melbourne (CBD),"Transport, Postal and Warehousing",Small business,56,405
2016,Melbourne (CBD),Wholesale Trade,Medium business,9,396
2016,Melbourne (CBD),Wholesale Trade,Small business,106,485
2016,Melbourne (Remainder),Administrative and Support Services,Medium business,2,
2016,Melbourne (Remainder),Administrative and Support Services,Small business,18,125
2016,Melbourne (Remainder),Arts and Recreation Services,Small business,6,68
2016,Melbourne (Remainder),Construction,Small business,6,23
2016,Melbourne (Remainder),Education and Training,Large business,2,
2016,Melbourne (Remainder),Education and Training,Medium business,4,347
2016,Melbourne (Remainder),Education and Training,Small business,6,64
2016,Melbourne (Remainder),Financial and Insurance Services,Medium business,6,243
2016,Melbourne (Remainder),Health Care and Social Assistance,Medium business,6,340
2016,Melbourne (Remainder),Information Media and Telecommunications,Small business,2,
2016,Melbourne (Remainder),Manufacturing,Medium business,1,
2016,Melbourne (Remainder),Other Services,Medium business,3,205
2016,Melbourne (Remainder),Other Services,Small business,16,79
2016,Melbourne (Remainder),"Professional, Scientific and Technical Services",Small business,41,331
2016,Melbourne (Remainder),Public Administration and Safety,Medium business,2,
2016,Melbourne (Remainder),Wholesale Trade,Small business,4,32
2016,North Melbourne,Administrative and Support Services,Non employing,2,
2016,North Melbourne,Administrative and Support Services,Small business,28,232
2016,North Melbourne,Arts and Recreation Services,Non employing,14,0
2016,North Melbourne,Construction,Small business,36,268
2016,North Melbourne,Education and Training,Medium business,7,307
2016,North Melbourne,Education and Training,Non employing,1,
2016,North Melbourne,"Electricity, Gas, Water and Waste Services",Non employing,21,0
2016,North Melbourne,Financial and Insurance Services,Medium business,2,
2016,North Melbourne,Financial and Insurance Services,Non employing,2,
2016,North Melbourne,Financial and Insurance Services,Small business,19,133
2016,North Melbourne,Health Care and Social Assistance,Small business,94,478
2016,North Melbourne,Other Services,Medium business,5,185
2016,North Melbourne,"Professional, Scientific and Technical Services",Small business,111,608
2016,North Melbourne,Public Administration and Safety,Medium business,4,209
2016,North Melbourne,Public Administration and Safety,Small business,8,37
2016,North Melbourne,"Rental, Hiring and Real Estate Services",Medium business,3,226
2016,North Melbourne,"Rental, Hiring and Real Estate Services",Small business,17,105
2016,North Melbourne,Retail Trade,Small business,88,328
2016,North Melbourne,"Transport, Postal and Warehousing",Medium business,2,
2016,North Melbourne,"Transport, Postal and Warehousing",Non employing,4,0
2016,Parkville,Administrative and Support Services,Small business,4,22
2016,Parkville,Arts and Recreation Services,Medium business,3,86
2016,Parkville,Education and Training,Large business,3,850
2016,Parkville,Education and Training,Medium business,43,2686
2016,Parkville,"Electricity, Gas, Water and Waste Services",Non employing,5,0
2016,Parkville,Health Care and Social Assistance,Medium business,13,542
2016,Parkville,Information Media and Telecommunications,Small business,1,
2016,Parkville,Other Services,Non employing,7,0
2016,Parkville,"Professional, Scientific and Technical Services",Medium business,6,391
2016,Parkville,"Professional, Scientific and Technical Services",Small business,13,99
2016,Parkville,Wholesale Trade,Medium business,1,
2016,Port Melbourne,Administrative and Support Services,Small business,18,113
2016,Port Melbourne,"Agriculture, Forestry and Fishing",Small business,1,
2016,Port Melbourne,Education and Training,Non employing,2,
2016,Port Melbourne,Financial and Insurance Services,Medium business,2,
2016,Port Melbourne,Health Care and Social Assistance,Medium business,2,
2016,Port Melbourne,Health Care and Social Assistance,Small business,3,19
2016,Port Melbourne,Manufacturing,Medium business,23,1262
2016,Port Melbourne,Manufacturing,Non employing,3,0
2016,Port Melbourne,Other Services,Medium business,4,114
2016,Port Melbourne,Other Services,Non employing,1,
2016,Port Melbourne,Public Administration and Safety,Non employing,1,
2016,Port Melbourne,"Rental, Hiring and Real Estate Services",Medium business,4,96
2016,Port Melbourne,Retail Trade,Small business,20,113
2016,Port Melbourne,"Transport, Postal and Warehousing",Large business,1,
2016,Port Melbourne,"Transport, Postal and Warehousing",Medium business,11,636
2016,Port Melbourne,"Transport, Postal and Warehousing",Non employing,8,0
2016,Port Melbourne,"Transport, Postal and Warehousing",Small business,25,211
2016,South Yarra,Administrative and Support Services,Small business,1,
2016,South Yarra,Education and Training,Large business,1,
2016,South Yarra,Health Care and Social Assistance,Medium business,1,
2016,Southbank,Accommodation and Food Services,Non employing,7,0
2016,Southbank,Accommodation and Food Services,Small business,136,1234
2016,Southbank,Education and Training,Small business,4,27
2016,Southbank,Financial and Insurance Services,Large business,1,
2016,Southbank,Information Media and Telecommunications,Small business,7,84
2016,Southbank,Manufacturing,Small business,4,28
2016,Southbank,Other Services,Non employing,23,0
2016,Southbank,Other Services,Small business,19,124
2016,Southbank,Public Administration and Safety,Large business,2,
2016,Southbank,Public Administration and Safety,Medium business,4,161
2016,Southbank,"Rental, Hiring and Real Estate Services",Non employing,2,
2016,Southbank,"Rental, Hiring and Real Estate Services",Small business,26,151
2016,Southbank,"Transport, Postal and Warehousing",Non employing,1,
2016,Southbank,Wholesale Trade,Medium business,6,220
2016,West Melbourne (Industrial),Construction,Small business,2,
2016,West Melbourne (Industrial),"Electricity, Gas, Water and Waste Services",Medium business,3,127
2016,West Melbourne (Industrial),"Electricity, Gas, Water and Waste Services",Small business,1,
2016,West Melbourne (Industrial),Public Administration and Safety,Small business,1,
2016,West Melbourne (Industrial),Retail Trade,Small business,7,48
2016,West Melbourne (Industrial),"Transport, Postal and Warehousing",Medium business,19,1142
2016,West Melbourne (Industrial),"Transport, Postal and Warehousing",Non employing,13,0
2016,West Melbourne (Industrial),Wholesale Trade,Large business,1,
2016,West Melbourne (Industrial),Wholesale Trade,Small business,28,178
2016,West Melbourne (Residential),Administrative and Support Services,Medium business,3,310
2016,West Melbourne (Residential),Administrative and Support Services,Small business,14,94
2016,West Melbourne (Residential),Arts and Recreation Services,Non employing,8,0
2016,West Melbourne (Residential),Arts and Recreation Services,Small business,5,27
2016,West Melbourne (Residential),Construction,Small business,10,88
2016,West Melbourne (Residential),Health Care and Social Assistance,Medium business,4,237
2016,West Melbourne (Residential),Information Media and Telecommunications,Small business,6,43
2016,West Melbourne (Residential),"Professional, Scientific and Technical Services",Non employing,3,0
2016,West Melbourne (Residential),"Professional, Scientific and Technical Services",Small business,80,535
2016,West Melbourne (Residential),Public Administration and Safety,Large business,1,
2016,West Melbourne (Residential),"Rental, Hiring and Real Estate Services",Small business,11,77
2016,West Melbourne (Residential),Retail Trade,Non employing,1,
2017,Carlton,Accommodation and Food Services,Medium business,19,657
2017,Carlton,Administrative and Support Services,Non employing,2,
2017,Carlton,Administrative and Support Services,Small business,20,80
2017,Carlton,"Agriculture, Forestry and Fishing",Medium business,1,
2017,Carlton,Arts and Recreation Services,Non employing,21,0
2017,Carlton,Arts and Recreation Services,Small business,18,60
2017,Carlton,Construction,Medium business,1,
2017,Carlton,Health Care and Social Assistance,Medium business,18,1018
2017,Carlton,Manufacturing,Medium business,2,
2017,Carlton,Other Services,Medium business,16,921
2017,Carlton,"Professional, Scientific and Technical Services",Medium business,16,715
2017,Carlton,Retail Trade,Medium business,4,210
2017,Carlton,Retail Trade,Small business,122,538
2017,Carlton,Wholesale Trade,Non employing,1,
2017,Docklands,Accommodation and Food Services,Large business,1,
2017,Docklands,Accommodation and Food Services,Medium business,27,1068
2017,Docklands,Administrative and Support Services,Medium business,9,419
2017,Docklands,Arts and Recreation Services,Large business,2,
2017,Docklands,Arts and Recreation Services,Non employing,15,0
2017,Docklands,Education and Training,Medium business,6,334
2017,Docklands,Education and Training,Small business,12,87
2017,Docklands,"Electricity, Gas, Water and Waste Services",Medium business,1,
2017,Docklands,"Electricity, Gas, Water and Waste Services",Non employing,9,0
2017,Docklands,Information Media and Telecommunications,Medium business,6,287
2017,Docklands,Mining,Large business,1,
2017,Docklands,Other Services,Medium business,3,317
2017,Docklands,"Professional, Scientific and Technical Services",Small business,126,630
2017,Docklands,Public Administration and Safety,Medium business,4,446
2017,Docklands,Public Administration and Safety,Small business,4,17
2017,Docklands,"Rental, Hiring and Real Estate Services",Small business,59,370
2017,Docklands,Retail Trade,Large business,2,
2017,Docklands,Retail Trade,Small business,206,998
2017,Docklands,"Transport, Postal and Warehousing",Small business,32,210
2017,Docklands,Wholesale Trade,Medium business,1,
2017,East Melbourne,Accommodation and Food Services,Medium business,4,161
2017,East Melbourne,Accommodation and Food Services,Non employing,8,0
2017,East Melbourne,Arts and Recreation Services,Medium business,7,276
2017,East Melbourne,Arts and Recreation Services,Non employing,22,0
2017,East Melbourne,Financial and Insurance Services,Medium business,2,
2017,East Melbourne,Health Care and Social Assistance,Medium business,29,1515
2017,East Melbourne,Health Care and Social Assistance,Small business,204,1245
2017,East Melbourne,Information Media and Telecommunications,Medium business,2,
2017,East Melbourne,Information Media and Telecommunications,Small business,7,60
2017,East Melbourne,"Professional, Scientific and Technical Services",Medium business,17,839
2017,East Melbourne,Wholesale Trade,Small business,2,
2017,Kensington,Administrative and Support Services,Small business,9,56
2017,Kensington,Arts and Recreation Services,Medium business,14,740
2017,Kensington,Arts and Recreation Services,Non employing,56,0
2017,Kensington,Construction,Medium business,1,
2017,Kensington,Information Media and Telecommunications,Non employing,1,
2017,Kensington,Manufacturing,Small business,39,176
2017,Kensington,Other Services,Non employing,4,0
2017,Kensington,"Professional, Scientific and Technical Services",Small business,30,159
2017,Kensington,Public Administration and Safety,Medium business,2,
2017,Kensington,Retail Trade,Medium business,3,307
2017,Kensington,Retail Trade,Non employing,1,
2017,Kensington,"Transport, Postal and Warehousing",Non employing,5,0
2017,Kensington,Wholesale Trade,Non employing,1,
2017,Melbourne (CBD),Accommodation and Food Services,Medium business,277,11130
2017,Melbourne (CBD),Accommodation and Food Services,Small business,1469,11484
2017,Melbourne (CBD),Administrative and Support Services,Large business,7,2516
2017,Melbourne (CBD),Administrative and Support Services,Medium business,85,4839
2017,Melbourne (CBD),Administrative and Support Services,Non employing,3,0
2017,Melbourne (CBD),"Agriculture, Forestry and Fishing",Medium business,3,235
2017,Melbourne (CBD),"Agriculture, Forestry and Fishing",Small business,3,10
2017,Melbourne (CBD),Arts and Recreation Services,Medium business,28,1845
2017,Melbourne (CBD),Arts and Recreation Services,Non employing,20,0
2017,Melbourne (CBD),Arts and Recreation Services,Small business,126,629
2017,Melbourne (CBD),Construction,Large business,3,754
2017,Melbourne (CBD),Education and Training,Medium business,107,6170
2017,Melbourne (CBD),Education and Training,Non employing,6,0
2017,Melbourne (CBD),"Electricity, Gas, Water and Waste Services",Large business,10,8193
2017,Melbourne (CBD),"Electricity, Gas, Water and Waste Services",Non employing,34,0
2017,Melbourne (CBD),Financial and Insurance Services,Medium business,163,10038
2017,Melbourne (CBD),Financial and Insurance Services,Small business,541,3669
2017,Melbourne (CBD),Health Care and Social Assistance,Medium business,45,1972
2017,Melbourne (CBD),Health Care and Social Assistance,Small business,365,2014
2017,Melbourne (CBD),Information Media and Telecommunications,Large business,15,14769
2017,Melbourne (CBD),Information Media and Telecommunications,Medium business,37,2239
2017,Melbourne (CBD),Information Media and Telecommunications,Non employing,8,0
2017,Melbourne (CBD),Manufacturing,Non employing,1,
2017,Melbourne (CBD),Mining,Medium business,6,236
2017,Melbourne (CBD),Mining,Small business,25,152
2017,Melbourne (CBD),"Professional, Scientific and Technical Services",Small business,1427,9145
2017,Melbourne (CBD),"Rental, Hiring and Real Estate Services",Large business,3,832
2017,Melbourne (CBD),"Rental, Hiring and Real Estate Services",Non employing,8,0
2017,Melbourne (CBD),"Rental, Hiring and Real Estate Services",Small business,210,1312
2017,Melbourne (CBD),Retail Trade,Large business,4,1652
2017,Melbourne (CBD),"Transport, Postal and Warehousing",Large business,5,4895
2017,Melbourne (CBD),"Transport, Postal and Warehousing",Medium business,22,1223
2017,Melbourne (CBD),Wholesale Trade,Medium business,7,293
2017,Melbourne (CBD),Wholesale Trade,Non employing,1,
2017,Melbourne (CBD),Wholesale Trade,Small business,117,546
2017,Melbourne (Remainder),Accommodation and Food Services,Large business,7,2757
2017,Melbourne (Remainder),Administrative and Support Services,Large business,1,
2017,Melbourne (Remainder),Administrative and Support Services,Non employing,2,
2017,Melbourne (Remainder),Arts and Recreation Services,Large business,3,3339
2017,Melbourne (Remainder),Arts and Recreation Services,Medium business,12,1206
2017,Melbourne (Remainder),Arts and Recreation Services,Non employing,26,0
2017,Melbourne (Remainder),Arts and Recreation Services,Small business,7,67
2017,Melbourne (Remainder),Education and Training,Small business,6,53
2017,Melbourne (Remainder),Financial and Insurance Services,Large business,2,
2017,Melbourne (Remainder),Health Care and Social Assistance,Large business,3,5930
2017,Melbourne (Remainder),Manufacturing,Medium business,1,
2017,Melbourne (Remainder),Other Services,Non employing,14,0
2017,Melbourne (Remainder),"Professional, Scientific and Technical Services",Medium business,20,1181
2017,Melbourne (Remainder),"Professional, Scientific and Technical Services",Small business,33,250
2017,Melbourne (Remainder),"Rental, Hiring and Real Estate Services",Medium business,2,
2017,Melbourne (Remainder),"Transport, Postal and Warehousing",Small business,4,31
2017,North Melbourne,Accommodation and Food Services,Non employing,6,0
2017,North Melbourne,Accommodation and Food Services,Small business,116,679
2017,North Melbourne,Arts and Recreation Services,Medium business,3,215
2017,North Melbourne,Arts and Recreation Services,Non employing,14,0
2017,North Melbourne,Arts and Recreation Services,Small business,36,146
2017,North Melbourne,"Electricity, Gas, Water and Waste Services",Non employing,21,0
2017,North Melbourne,Health Care and Social Assistance,Large business,1,
2017,North Melbourne,Health Care and Social Assistance,Medium business,8,287
2017,North Melbourne,Information Media and Telecommunications,Non employing,3,0
2017,North Melbourne,Manufacturing,Medium business,10,387
2017,North Melbourne,Manufacturing,Non employing,4,0
2017,North Melbourne,"Professional, Scientific and Technical Services",Non employing,1,
2017,North Melbourne,"Professional, Scientific and Technical Services",Small business,111,608
2017,North Melbourne,Public Administration and Safety,Medium business,4,209
2017,North Melbourne,Retail Trade,Non employing,1,
2017,North Melbourne,Retail Trade,Small business,88,328
2017,North Melbourne,"Transport, Postal and Warehousing",Small business,23,126
2017,North Melbourne,Wholesale Trade,Non employing,1,
2017,Parkville,Accommodation and Food Services,Large business,1,
2017,Parkville,Accommodation and Food Services,Non employing,2,
2017,Parkville,Accommodation and Food Services,Small business,74,532
2017,Parkville,Administrative and Support Services,Medium business,1,
2017,Parkville,Administrative and Support Services,Small business,4,22
2017,Parkville,Arts and Recreation Services,Small business,9,62
2017,Parkville,Education and Training,Large business,3,850
2017,Parkville,Education and Training,Non employing,4,0
2017,Parkville,Health Care and Social Assistance,Large business,7,15772
2017,Parkville,Information Media and Telecommunications,Small business,1,
2017,Parkville,Other Services,Medium business,4,198
2017,Parkville,Other Services,Small business,17,87
2017,Parkville,"Professional, Scientific and Technical Services",Medium business,6,391
2017,Parkville,Retail Trade,Medium business,1,
2017,Parkville,Retail Trade,Small business,21,108
2017,Parkville,"Transport, Postal and Warehousing",Small business,3,10
2017,Parkville,Wholesale Trade,Medium business,1,
2017,Port Melbourne,Administrative and Support Services,Small business,22,133
2017,Port Melbourne,Arts and Recreation Services,Small business,5,35
2017,Port Melbourne,Construction,Medium business,15,655
2017,Port Melbourne,"Electricity, Gas, Water and Waste Services",Non employing,6,0
2017,Port Melbourne,"Electricity, Gas, Water and Waste Services",Small business,1,
2017,Port Melbourne,Financial and Insurance Services,Medium business,1,
2017,Port Melbourne,Health Care and Social Assistance,Non employing,2,
2017,Port Melbourne,Manufacturing,Medium business,23,1322
2017,Port Melbourne,Other Services,Medium business,5,127
2017,Port Melbourne,Public Administration and Safety,Small business,3,13
2017,Port Melbourne,Retail Trade,Medium business,3,234
2017,Port Melbourne,Retail Trade,Small business,21,120
2017,Port Melbourne,"Transport, Postal and Warehousing",Small business,28,225
2017,South Yarra,Accommodation and Food Services,Medium business,3,112
2017,South Yarra,Accommodation and Food Services,Small business,8,87
2017,South Yarra,Arts and Recreation Services,Non employing,4,0
2017,South Yarra,Arts and Recreation Services,Small business,1,
2017,South Yarra,Education and Training,Large business,1,
2017,South Yarra,Health Care and Social Assistance,Medium business,1,
2017,South Yarra,Information Media and Telecommunications,Small business,1,
2017,South Yarra,Manufacturing,Small business,1,
2017,Southbank,Accommodation and Food Services,Large business,3,1421
2017,Southbank,Administrative and Support Services,Large business,1,
2017,Southbank,Administrative and Support Services,Small business,15,87
2017,Southbank,Construction,Non employing,1,
2017,Southbank,Construction,Small business,25,232
2017,Southbank,Education and Training,Small business,7,55
2017,Southbank,"Electricity, Gas, Water and Waste Services",Medium business,2,
2017,Southbank,Financial and Insurance Services,Medium business,11,761
2017,Southbank,Financial and Insurance Services,Non employing,1,
2017,Southbank,Financial and Insurance Services,Small business,16,96
2017,Southbank,Health Care and Social Assistance,Small business,25,181
2017,Southbank,Information Media and Telecommunications,Small business,7,65
2017,Southbank,Mining,Small business,2,
2017,Southbank,"Professional, Scientific and Technical Services",Large business,6,3855
2017,Southbank,"Professional, Scientific and Technical Services",Small business,53,462
2017,Southbank,"Rental, Hiring and Real Estate Services",Non employing,1,
2017,Southbank,"Transport, Postal and Warehousing",Large business,2,
2017,Southbank,Wholesale Trade,Small business,11,57
2017,West Melbourne (Industrial),Arts and Recreation Services,Small business,2,
2017,West Melbourne (Industrial),"Electricity, Gas, Water and Waste Services",Small business,1,
2017,West Melbourne (Industrial),Information Media and Telecommunications,Medium business,1,
2017,West Melbourne (Industrial),Other Services,Non employing,1,
2017,West Melbourne (Industrial),"Transport, Postal and Warehousing",Medium business,20,1279
2017,West Melbourne (Industrial),"Transport, Postal and Warehousing",Non employing,13,0
2017,West Melbourne (Industrial),"Transport, Postal and Warehousing",Small business,20,177
2017,West Melbourne (Industrial),Wholesale Trade,Large business,1,
2017,West Melbourne (Residential),Accommodation and Food Services,Non employing,4,0
2017,West Melbourne (Residential),Accommodation and Food Services,Small business,47,227
2017,West Melbourne (Residential),Arts and Recreation Services,Non employing,8,0
2017,West Melbourne (Residential),Arts and Recreation Services,Small business,5,27
2017,West Melbourne (Residential),"Electricity, Gas, Water and Waste Services",Non employing,9,0
2017,West Melbourne (Residential),Health Care and Social Assistance,Medium business,4,237
2017,West Melbourne (Residential),Health Care and Social Assistance,Small business,14,94
2017,West Melbourne (Residential),Information Media and Telecommunications,Small business,6,43
2017,West Melbourne (Residential),Manufacturing,Medium business,3,90
2017,West Melbourne (Residential),Public Administration and Safety,Large business,1,
2017,West Melbourne (Residential),"Rental, Hiring and Real Estate Services",Small business,11,77
2017,West Melbourne (Residential),Retail Trade,Non employing,1,
2017,West Melbourne (Residential),Retail Trade,Small business,41,169
2017,West Melbourne (Residential),Wholesale Trade,Medium business,2,
2017,West Melbourne (Residential),Wholesale Trade,Non employing,2,
2018,Carlton,Accommodation and Food Services,Small business,249,1680
2018,Carlton,Health Care and Social Assistance,Medium business,22,1261
2018,Carlton,Other Services,Small business,92,417
2018,Carlton,"Rental, Hiring and Real Estate Services",Medium business,3,124
2018,Carlton,Retail Trade,Medium business,4,210
2018,Carlton,"Transport, Postal and Warehousing",Small business,4,17
2018,Carlton,Wholesale Trade,Medium business,2,
2018,Docklands,Accommodation and Food Services,Non employing,6,0
2018,Docklands,Administrative and Support Services,Large business,1,
2018,Docklands,Administrative and Support Services,Small business,26,162
2018,Docklands,"Agriculture, Forestry and Fishing",Medium business,1,
2018,Docklands,Arts and Recreation Services,Large business,3,1350
2018,Docklands,Arts and Recreation Services,Non employing,18,0
2018,Docklands,Arts and Recreation Services,Small business,33,226
2018,Docklands,Education and Training,Large business,1,
2018,Docklands,Education and Training,Small business,13,72
2018,Docklands,"Electricity, Gas, Water and Waste Services",Non employing,9,0
2018,Docklands,"Electricity, Gas, Water and Waste Services",Small business,2,
2018,Docklands,Financial and Insurance Services,Large business,13,26346
2018,Docklands,Financial and Insurance Services,Small business,41,209
2018,Docklands,Health Care and Social Assistance,Medium business,10,369
2018,Docklands,Information Media and Telecommunications,Non employing,2,
2018,Docklands,Manufacturing,Non employing,2,
2018,Docklands,Mining,Large business,1,
2018,Docklands,Other Services,Small business,64,242
2018,Docklands,"Rental, Hiring and Real Estate Services",Small business,61,368
2018,Docklands,Retail Trade,Large business,2,
2018,Docklands,"Transport, Postal and Warehousing",Small business,29,182
2018,Docklands,Wholesale Trade,Small business,21,91
2018,East Melbourne,Accommodation and Food Services,Non employing,9,0
2018,East Melbourne,Construction,Non employing,1,
2018,East Melbourne,Construction,Small business,5,28
2018,East Melbourne,Education and Training,Medium business,7,480
2018,East Melbourne,Financial and Insurance Services,Large business,3,758
2018,East Melbourne,Health Care and Social Assistance,Medium business,30,1438
2018,East Melbourne,Information Media and Telecommunications,Medium business,1,
2018,East Melbourne,Other Services,Medium business,10,702
2018,East Melbourne,Other Services,Small business,30,167
2018,East Melbourne,"Professional, Scientific and Technical Services",Medium business,15,884
2018,East Melbourne,Public Administration and Safety,Medium business,9,725
2018,East Melbourne,Public Administration and Safety,Small business,4,50
2018,East Melbourne,Retail Trade,Non employing,1,
2018,East Melbourne,Retail Trade,Small business,12,74
2018,East Melbourne,Wholesale Trade,Small business,3,18
2018,Kensington,Accommodation and Food Services,Small business,48,252
2018,Kensington,Administrative and Support Services,Medium business,1,
2018,Kensington,Administrative and Support Services,Small business,9,56
2018,Kensington,Arts and Recreation Services,Large business,1,
2018,Kensington,Arts and Recreation Services,Non employing,56,0
2018,Kensington,Arts and Recreation Services,Small business,20,124
2018,Kensington,Construction,Medium business,1,
2018,Kensington,Construction,Small business,25,161
2018,Kensington,Education and Training,Medium business,4,132
2018,Kensington,Education and Training,Small business,6,34
2018,Kensington,Health Care and Social Assistance,Medium business,6,310
2018,Kensington,Manufacturing,Medium business,9,456
2018,Kensington,Manufacturing,Small business,39,176
2018,Kensington,Other Services,Medium business,3,142
2018,Kensington,"Rental, Hiring and Real Estate Services",Non employing,1,
2018,Kensington,Retail Trade,Non employing,1,
2018,Kensington,"Transport, Postal and Warehousing",Medium business,2,
2018,Melbourne (CBD),Accommodation and Food Services,Small business,1500,11681
2018,Melbourne (CBD),Arts and Recreation Services,Medium business,30,1790
2018,Melbourne (CBD),Education and Training,Large business,9,2430
2018,Melbourne (CBD),Education and Training,Non employing,3,0
2018,Melbourne (CBD),"Electricity, Gas, Water and Waste Services",Medium business,8,398
2018,Melbourne (CBD),Financial and Insurance Services,Large business,29,20686
2018,Melbourne (CBD),Financial and Insurance Services,Small business,549,3716
2018,Melbourne (CBD),Health Care and Social Assistance,Non employing,2,
2018,Melbourne (CBD),Health Care and Social Assistance,Small business,360,2014
2018,Melbourne (CBD),Information Media and Telecommunications,Non employing,6,0
2018,Melbourne (CBD),Information Media and Telecommunications,Small business,66,485
2018,Melbourne (CBD),Mining,Large business,2,
2018,Melbourne (CBD),Other Services,Medium business,55,2478
2018,Melbourne (CBD),"Professional, Scientific and Technical Services",Large business,40,20161
2018,Melbourne (CBD),Public Administration and Safety,Large business,24,15584
2018,Melbourne (CBD),Public Administration and Safety,Non employing,5,0
2018,Melbourne (CBD),Public Administration and Safety,Small business,66,533
2018,Melbourne (CBD),"Rental, Hiring and Real Estate Services",Medium business,47,2756
2018,Melbourne (CBD),"Rental, Hiring and Real Estate Services",Small business,205,1289
2018,Melbourne (CBD),Retail Trade,Medium business,95,4265
2018,Melbourne (CBD),Wholesale Trade,Small business,110,507
2018,Melbourne (Remainder),Accommodation and Food Services,Large business,6,2546
2018,Melbourne (Remainder),Accommodation and Food Services,Small business,39,260
2018,Melbourne (Remainder),Arts and Recreation Services,Medium business,12,1206
2018,Melbourne (Remainder),Arts and Recreation Services,Non employing,26,0
2018,Melbourne (Remainder),Construction,Non employing,1,
2018,Melbourne (Remainder),Education and Training,Large business,4,1453
2018,Melbourne (Remainder),Financial and Insurance Services,Small business,15,95
2018,Melbourne (Remainder),Health Care and Social Assistance,Non employing,2,
2018,Melbourne (Remainder),Health Care and Social Assistance,Small business,55,247
2018,Melbourne (Remainder),Public Administration and Safety,Small business,5,51
2018,Melbourne (Remainder),"Rental, Hiring and Real Estate Services",Small business,7,34
2018,Melbourne (Remainder),Retail Trade,Medium business,1,
2018,Melbourne (Remainder),"Transport, Postal and Warehousing",Medium business,1,
2018,Melbourne (Remainder),"Transport, Postal and Warehousing",Non employing,2,
2018,North Melbourne,"Agriculture, Forestry and Fishing",Small business,1,
2018,North Melbourne,Arts and Recreation Services,Small business,33,146
2018,North Melbourne,Construction,Non employing,1,
2018,North Melbourne,Education and Training,Small business,27,164
2018,North Melbourne,Financial and Insurance Services,Small business,20,115
2018,North Melbourne,Health Care and Social Assistance,Non employing,1,
2018,North Melbourne,Information Media and Telecommunications,Non employing,2,
2018,North Melbourne,Manufacturing,Non employing,2,
2018,North Melbourne,Other Services,Medium business,6,351
2018,North Melbourne,"Professional, Scientific and Technical Services",Large business,2,
2018,North Melbourne,"Transport, Postal and Warehousing",Small business,16,80
2018,North Melbourne,Wholesale Trade,Non employing,1,
2018,Parkville,Accommodation and Food Services,Small business,68,461
2018,Parkville,Administrative and Support Services,Small business,5,16
2018,Parkville,Arts and Recreation Services,Medium business,2,
2018,Parkville,Education and Training,Large business,3,1177
2018,Parkville,Education and Training,Medium business,45,3188
2018,Parkville,Education and Training,Small business,12,119
2018,Parkville,Financial and Insurance Services,Small business,7,38
2018,Parkville,Health Care and Social Assistance,Non employing,1,
2018,Parkville,Other Services,Medium business,5,146
2018,Parkville,Other Services,Non employing,8,0
2018,Parkville,"Professional, Scientific and Technical Services",Small business,11,68
2018,Parkville,Public Administration and Safety,Large business,1,
2018,Parkville,Public Administration and Safety,Medium business,2,
2018,Parkville,"Rental, Hiring and Real Estate Services",Medium business,1,
2018,Parkville,Retail Trade,Small business,22,105
2018,Port Melbourne,Accommodation and Food Services,Small business,18,115
2018,Port Melbourne,Education and Training,Small business,5,40
2018,Port Melbourne,Health Care and Social Assistance,Non employing,2,
2018,Port Melbourne,Information Media and Telecommunications,Large business,1,
2018,Port Melbourne,Information Media and Telecommunications,Non employing,2,
2018,Port Melbourne,Manufacturing,Large business,7,3036
2018,Port Melbourne,Public Administration and Safety,Large business,1,
2018,Port Melbourne,Public Administration and Safety,Non employing,2,
2018,Port Melbourne,Retail Trade,Small business,21,120
2018,Port Melbourne,"Transport, Postal and Warehousing",Large business,1,
2018,Port Melbourne,Wholesale Trade,Medium business,18,984
2018,South Yarra,Administrative and Support Services,Small business,1,
2018,South Yarra,Arts and Recreation Services,Small business,1,
2018,South Yarra,Education and Training,Large business,1,
2018,South Yarra,Other Services,Small business,7,37
2018,South Yarra,Retail Trade,Small business,4,16
2018,Southbank,Accommodation and Food Services,Non employing,8,0
2018,Southbank,Administrative and Support Services,Small business,15,87
2018,Southbank,"Agriculture, Forestry and Fishing",Medium business,3,321
2018,Southbank,Arts and Recreation Services,Non employing,9,0
2018,Southbank,Construction,Medium business,12,635
2018,Southbank,Education and Training,Small business,7,55
2018,Southbank,"Electricity, Gas, Water and Waste Services",Large business,1,
2018,Southbank,Financial and Insurance Services,Medium business,11,761
2018,Southbank,Information Media and Telecommunications,Small business,7,65
2018,Southbank,Manufacturing,Large business,4,3604
2018,Southbank,Mining,Large business,2,
2018,Southbank,Other Services,Non employing,18,0
2018,Southbank,"Professional, Scientific and Technical Services",Large business,6,3855
2018,Southbank,Public Administration and Safety,Large business,2,
2018,Southbank,Retail Trade,Medium business,10,503
2018,Southbank,Retail Trade,Non employing,1,
2018,Southbank,"Transport, Postal and Warehousing",Large business,2,
2018,West Melbourne (Industrial),Arts and Recreation Services,Medium business,1,
2018,West Melbourne (Industrial),Construction,Small business,6,31
2018,West Melbourne (Industrial),"Electricity, Gas, Water and Waste Services",Medium business,1,
2018,West Melbourne (Industrial),Other Services,Small business,4,21
2018,West Melbourne (Industrial),Public Administration and Safety,Medium business,1,
2018,West Melbourne (Industrial),Retail Trade,Small business,3,22
2018,West Melbourne (Industrial),"Transport, Postal and Warehousing",Large business,4,1554
2018,West Melbourne (Industrial),"Transport, Postal and Warehousing",Small business,23,195
2018,West Melbourne (Residential),Accommodation and Food Services,Medium business,2,
2018,West Melbourne (Residential),Arts and Recreation Services,Non employing,9,0
2018,West Melbourne (Residential),Construction,Medium business,4,164
2018,West Melbourne (Residential),"Electricity, Gas, Water and Waste Services",Non employing,10,0
2018,West Melbourne (Residential),Financial and Insurance Services,Small business,9,46
2018,West Melbourne (Residential),Health Care and Social Assistance,Large business,1,
2018,West Melbourne (Residential),Other Services,Non employing,4,0
2018,West Melbourne (Residential),"Professional, Scientific and Technical Services",Non employing,2,
2018,West Melbourne (Residential),"Professional, Scientific and Technical Services",Small business,88,562
2018,West Melbourne (Residential),Public Administration and Safety,Medium business,1,
2018,West Melbourne (Residential),"Rental, Hiring and Real Estate Services",Non employing,2,
2018,West Melbourne (Residential),Wholesale Trade,Medium business,1,
2018,West Melbourne (Residential),Wholesale Trade,Small business,22,121
2019,Carlton,Administrative and Support Services,Medium business,3,75
2019,Carlton,Administrative and Support Services,Non employing,2,
2019,Carlton,Administrative and Support Services,Small business,19,77
2019,Carlton,Education and Training,Medium business,32,2187
2019,Carlton,"Electricity, Gas, Water and Waste Services",Non employing,11,0
2019,Carlton,Financial and Insurance Services,Small business,26,161
2019,Carlton,Health Care and Social Assistance,Non employing,3,0
2019,Carlton,Health Care and Social Assistance,Small business,86,424
2019,Carlton,Information Media and Telecommunications,Medium business,7,442
2019,Carlton,Information Media and Telecommunications,Non employing,1,
2019,Carlton,Information Media and Telecommunications,Small business,13,89
2019,Carlton,Manufacturing,Medium business,2,
2019,Carlton,Public Administration and Safety,Medium business,3,244
2019,Carlton,Retail Trade,Non employing,5,0
2019,Carlton,Wholesale Trade,Small business,14,49
2019,Docklands,Accommodation and Food Services,Non employing,6,0
2019,Docklands,Administrative and Support Services,Medium business,13,682
2019,Docklands,"Agriculture, Forestry and Fishing",Small business,1,
2019,Docklands,Arts and Recreation Services,Medium business,3,194
2019,Docklands,Arts and Recreation Services,Small business,33,226
2019,Docklands,Construction,Large business,1,
2019,Docklands,Construction,Medium business,6,334
2019,Docklands,Education and Training,Small business,13,72
2019,Docklands,"Electricity, Gas, Water and Waste Services",Large business,2,
2019,Docklands,"Electricity, Gas, Water and Waste Services",Medium business,1,
2019,Docklands,"Electricity, Gas, Water and Waste Services",Non employing,9,0
2019,Docklands,Financial and Insurance Services,Large business,13,26346
2019,Docklands,Financial and Insurance Services,Medium business,5,341
2019,Docklands,Health Care and Social Assistance,Medium business,10,369
2019,Docklands,Information Media and Telecommunications,Non employing,2,
2019,Docklands,Manufacturing,Non employing,2,
2019,Docklands,Other Services,Small business,64,242
2019,Docklands,"Professional, Scientific and Technical Services",Medium business,21,1079
2019,Docklands,"Professional, Scientific and Technical Services",Small business,151,880
2019,Docklands,Public Administration and Safety,Small business,9,40
2019,Docklands,"Rental, Hiring and Real Estate Services",Large business,2,
2019,Docklands,"Rental, Hiring and Real Estate Services",Medium business,5,300
2019,Docklands,Retail Trade,Non employing,2,
2019,Docklands,Retail Trade,Small business,187,975
2019,East Melbourne,Accommodation and Food Services,Small business,57,386
2019,East Melbourne,Administrative and Support Services,Non employing,3,0
2019,East Melbourne,Arts and Recreation Services,Non employing,22,0
2019,East Melbourne,Construction,Small business,5,28
2019,East Melbourne,Education and Training,Medium business,7,480
2019,East Melbourne,"Electricity, Gas, Water and Waste Services",Non employing,6,0
2019,East Melbourne,Information Media and Telecommunications,Medium business,1,
2019,East Melbourne,Other Services,Small business,30,167
2019,East Melbourne,"Professional, Scientific and Technical Services",Medium business,15,884
2019,East Melbourne,"Rental, Hiring and Real Estate Services",Small business,6,39
2019,East Melbourne,Retail Trade,Small business,12,74
2019,East Melbourne,"Transport, Postal and Warehousing",Small business,3,11
2019,East Melbourne,Wholesale Trade,Medium business,3,132
2019,East Melbourne,Wholesale Trade,Small business,3,18
2019,Kensington,Accommodation and Food Services,Non employing,1,
2019,Kensington,Accommodation and Food Services,Small business,46,260
2019,Kensington,Administrative and Support Services,Small business,7,29
2019,Kensington,Arts and Recreation Services,Small business,14,107
2019,Kensington,Construction,Small business,20,157
2019,Kensington,Education and Training,Medium business,5,175
2019,Kensington,Education and Training,Small business,4,20
2019,Kensington,Health Care and Social Assistance,Medium business,6,300
2019,Kensington,Information Media and Telecommunications,Medium business,2,
2019,Kensington,Information Media and Telecommunications,Non employing,2,
2019,Kensington,Information Media and Telecommunications,Small business,4,29
2019,Kensington,Manufacturing,Non employing,2,
2019,Kensington,Other Services,Medium business,4,134
2019,Kensington,"Professional, Scientific and Technical Services",Medium business,9,441
2019,Kensington,Public Administration and Safety,Medium business,2,
2019,Kensington,"Rental, Hiring and Real Estate Services",Medium business,1,
2019,Kensington,"Rental, Hiring and Real Estate Services",Non employing,1,
2019,Kensington,"Rental, Hiring and Real Estate Services",Small business,12,66
2019,Kensington,"Transport, Postal and Warehousing",Non employing,6,0
2019,Kensington,Wholesale Trade,Medium business,3,191
2019,Kensington,Wholesale Trade,Small business,27,152
2019,Melbourne (CBD),Accommodation and Food Services,Medium business,284,12058
2019,Melbourne (CBD),Accommodation and Food Services,Non employing,15,0
2019,Melbourne (CBD),"Agriculture, Forestry and Fishing",Small business,7,24
2019,Melbourne (CBD),Construction,Large business,2,
2019,Melbourne (CBD),Construction,Non employing,1,
2019,Melbourne (CBD),Construction,Small business,104,780
2019,Melbourne (CBD),Education and Training,Medium business,116,7134
2019,Melbourne (CBD),"Electricity, Gas, Water and Waste Services",Non employing,34,0
2019,Melbourne (CBD),Financial and Insurance Services,Small business,539,3646
2019,Melbourne (CBD),Information Media and Telecommunications,Large business,13,15010
2019,Melbourne (CBD),Information Media and Telecommunications,Medium business,34,1757
2019,Melbourne (CBD),Information Media and Telecommunications,Non employing,4,0
2019,Melbourne (CBD),Information Media and Telecommunications,Small business,56,429
2019,Melbourne (CBD),Manufacturing,Medium business,9,615
2019,Melbourne (CBD),Mining,Small business,24,152
2019,Melbourne (CBD),Other Services,Large business,2,
2019,Melbourne (CBD),Other Services,Non employing,79,0
2019,Melbourne (CBD),Public Administration and Safety,Small business,66,582
2019,Melbourne (CBD),"Rental, Hiring and Real Estate Services",Large business,6,2708
2019,Melbourne (CBD),"Rental, Hiring and Real Estate Services",Small business,193,1239
2019,Melbourne (CBD),Retail Trade,Large business,3,1722
2019,Melbourne (CBD),Retail Trade,Medium business,93,4250
2019,Melbourne (CBD),Retail Trade,Small business,1340,7694
2019,Melbourne (CBD),"Transport, Postal and Warehousing",Medium business,21,1218
2019,Melbourne (Remainder),Arts and Recreation Services,Large business,3,3339
2019,Melbourne (Remainder),Arts and Recreation Services,Non employing,22,0
2019,Melbourne (Remainder),Arts and Recreation Services,Small business,10,68
2019,Melbourne (Remainder),Construction,Non employing,2,
2019,Melbourne (Remainder),Construction,Small business,5,37
2019,Melbourne (Remainder),Education and Training,Medium business,1,
2019,Melbourne (Remainder),Education and Training,Small business,4,29
2019,Melbourne (Remainder),Financial and Insurance Services,Small business,14,108
2019,Melbourne (Remainder),Health Care and Social Assistance,Non employing,2,
2019,Melbourne (Remainder),Information Media and Telecommunications,Medium business,1,
2019,Melbourne (Remainder),Manufacturing,Large business,1,
2019,Melbourne (Remainder),Other Services,Medium business,1,
2019,Melbourne (Remainder),"Professional, Scientific and Technical Services",Large business,7,3915
2019,Melbourne (Remainder),"Professional, Scientific and Technical Services",Small business,15,144
2019,Melbourne (Remainder),Public Administration and Safety,Medium business,2,
2019,Melbourne (Remainder),Public Administration and Safety,Small business,2,
2019,Melbourne (Remainder),Retail Trade,Non employing,1,
2019,Melbourne (Remainder),Retail Trade,Small business,16,82
2019,North Melbourne,Accommodation and Food Services,Small business,121,665
2019,North Melbourne,Administrative and Support Services,Non employing,2,
2019,North Melbourne,Arts and Recreation Services,Small business,33,146
2019,North Melbourne,Construction,Non employing,1,
2019,North Melbourne,Education and Training,Small business,27,164
2019,North Melbourne,"Electricity, Gas, Water and Waste Services",Non employing,21,0
2019,North Melbourne,Financial and Insurance Services,Non employing,2,
2019,North Melbourne,Financial and Insurance Services,Small business,20,115
2019,North Melbourne,Health Care and Social Assistance,Medium business,12,552
2019,North Melbourne,Information Media and Telecommunications,Medium business,4,138
2019,North Melbourne,Other Services,Non employing,9,0
2019,North Melbourne,Other Services,Small business,119,563
2019,North Melbourne,"Professional, Scientific and Technical Services",Medium business,18,866
2019,North Melbourne,"Professional, Scientific and Technical Services",Small business,133,697
2019,North Melbourne,"Rental, Hiring and Real Estate Services",Small business,18,125
2019,North Melbourne,Retail Trade,Non employing,1,
2019,North Melbourne,Retail Trade,Small business,86,346
2019,North Melbourne,"Transport, Postal and Warehousing",Medium business,5,232
2019,North Melbourne,Wholesale Trade,Non employing,1,
2019,Parkville,Accommodation and Food Services,Non employing,5,0
2019,Parkville,Arts and Recreation Services,Large business,1,
2019,Parkville,Arts and Recreation Services,Non employing,30,0
2019,Parkville,Arts and Recreation Services,Small business,10,70
2019,Parkville,Education and Training,Medium business,45,3188
2019,Parkville,Health Care and Social Assistance,Large business,8,19653
2019,Parkville,Health Care and Social Assistance,Medium business,16,627
2019,Parkville,Health Care and Social Assistance,Non employing,1,
2019,Parkville,Information Media and Telecommunications,Small business,1,
2019,Parkville,Other Services,Non employing,8,0
2019,Parkville,Other Services,Small business,14,61
2019,Parkville,Public Administration and Safety,Large business,1,
2019,Parkville,Public Administration and Safety,Medium business,2,
2019,Parkville,"Transport, Postal and Warehousing",Small business,2,
2019,Port Melbourne,Arts and Recreation Services,Non employing,6,0
2019,Port Melbourne,Construction,Non employing,4,0
2019,Port Melbourne,Construction,Small business,45,294
2019,Port Melbourne,Education and Training,Non employing,1,
2019,Port Melbourne,Education and Training,Small business,8,80
2019,Port Melbourne,"Electricity, Gas, Water and Waste Services",Medium business,1,
2019,Port Melbourne,"Electricity, Gas, Water and Waste Services",Non employing,6,0
2019,Port Melbourne,Financial and Insurance Services,Small business,7,42
2019,Port Melbourne,Information Media and Telecommunications,Medium business,6,240
2019,Port Melbourne,Information Media and Telecommunications,Small business,17,113
2019,Port Melbourne,Manufacturing,Large business,6,2534
2019,Port Melbourne,Manufacturing,Medium business,22,1300
2019,Port Melbourne,Manufacturing,Non employing,1,
2019,Port Melbourne,Public Administration and Safety,Medium business,5,199
2019,Port Melbourne,"Transport, Postal and Warehousing",Large business,4,1668
2019,Port Melbourne,"Transport, Postal and Warehousing",Medium business,11,439
2019,Port Melbourne,"Transport, Postal and Warehousing",Small business,17,139
2019,South Yarra,Accommodation and Food Services,Non employing,1,
2019,South Yarra,Administrative and Support Services,Small business,1,
2019,South Yarra,Education and Training,Medium business,4,171
2019,South Yarra,Education and Training,Non employing,6,0
2019,South Yarra,"Electricity, Gas, Water and Waste Services",Non employing,6,0
2019,South Yarra,Health Care and Social Assistance,Medium business,1,
2019,South Yarra,Information Media and Telecommunications,Small business,2,
2019,Southbank,Accommodation and Food Services,Non employing,5,0
2019,Southbank,"Agriculture, Forestry and Fishing",Medium business,2,
2019,Southbank,Arts and Recreation Services,Large business,6,8121
2019,Southbank,Arts and Recreation Services,Small business,17,95
2019,Southbank,Construction,Medium business,15,622
2019,Southbank,Construction,Small business,17,150
2019,Southbank,Education and Training,Medium business,8,588
2019,Southbank,Education and Training,Non employing,1,
2019,Southbank,Education and Training,Small business,7,51
2019,Southbank,Financial and Insurance Services,Large business,1,
2019,Southbank,Financial and Insurance Services,Medium business,13,880
2019,Southbank,Financial and Insurance Services,Small business,19,131
2019,Southbank,Health Care and Social Assistance,Medium business,7,540
2019,Southbank,Information Media and Telecommunications,Large business,3,1514
2019,Southbank,Other Services,Large business,1,
2019,Southbank,"Rental, Hiring and Real Estate Services",Non employing,2,
2019,Southbank,"Rental, Hiring and Real Estate Services",Small business,27,206
2019,Southbank,Retail Trade,Medium business,21,835
2019,Southbank,Retail Trade,Non employing,1,
2019,Southbank,Wholesale Trade,Large business,2,
2019,West Melbourne (Industrial),Accommodation and Food Services,Small business,6,19
2019,West Melbourne (Industrial),"Electricity, Gas, Water and Waste Services",Non employing,6,0
2019,West Melbourne (Industrial),"Electricity, Gas, Water and Waste Services",Small business,2,
2019,West Melbourne (Industrial),Other Services,Medium business,1,
2019,West Melbourne (Industrial),"Professional, Scientific and Technical Services",Medium business,1,
2019,West Melbourne (Industrial),"Rental, Hiring and Real Estate Services",Small business,2,
2019,West Melbourne (Industrial),Wholesale Trade,Small business,27,177
2019,West Melbourne (Residential),Accommodation and Food Services,Non employing,3,0
2019,West Melbourne (Residential),Administrative and Support Services,Medium business,4,258
2019,West Melbourne (Residential),Administrative and Support Services,Small business,10,65
2019,West Melbourne (Residential),Arts and Recreation Services,Medium business,5,427
2019,West Melbourne (Residential),Arts and Recreation Services,Non employing,9,0
2019,West Melbourne (Residential),Construction,Medium business,4,164
2019,West Melbourne (Residential),Construction,Small business,9,64
2019,West Melbourne (Residential),"Electricity, Gas, Water and Waste Services",Non employing,10,0
2019,West Melbourne (Residential),Manufacturing,Small business,5,42
2019,West Melbourne (Residential),Other Services,Medium business,5,242
2019,West Melbourne (Residential),Other Services,Non employing,4,0
2019,West Melbourne (Residential),"Professional, Scientific and Technical Services",Small business,88,562
2019,West Melbourne (Residential),Public Administration and Safety,Large business,1,
2019,West Melbourne (Residential),"Transport, Postal and Warehousing",Small business,15,79
2019,West Melbourne (Residential),Wholesale Trade,Medium business,1,
2019,West Melbourne (Residential),Wholesale Trade,Non employing,1,
2020,Carlton,Accommodation and Food Services,Non employing,42,0
2020,Carlton,Administrative and Support Services,Medium business,1,
2020,Carlton,Arts and Recreation Services,Large business,1,
2020,Carlton,Arts and Recreation Services,Non employing,22,0
2020,Carlton,Education and Training,Large business,3,862
2020,Carlton,Education and Training,Non employing,13,0
2020,Carlton,"Electricity, Gas, Water and Waste Services",Non employing,14,0
2020,Carlton,Financial and Insurance Services,Small business,20,148
2020,Carlton,Manufacturing,Small business,19,115
2020,Carlton,"Professional, Scientific and Technical Services",Medium business,20,685
2020,Carlton,"Rental, Hiring and Real Estate Services",Small business,20,80
2020,Carlton,"Transport, Postal and Warehousing",Small business,4,15
2020,Carlton,Wholesale Trade,Small business,10,55
2020,Docklands,Administrative and Support Services,Small business,24,159
2020,Docklands,"Agriculture, Forestry and Fishing",Medium business,1,
2020,Docklands,"Agriculture, Forestry and Fishing",Small business,1,
2020,Docklands,Arts and Recreation Services,Medium business,4,223
2020,Docklands,Arts and Recreation Services,Small business,30,195
2020,Docklands,Construction,Medium business,6,189
2020,Docklands,Education and Training,Large business,1,
2020,Docklands,"Electricity, Gas, Water and Waste Services",Small business,2,
2020,Docklands,Financial and Insurance Services,Medium business,5,375
2020,Docklands,Financial and Insurance Services,Non employing,1,
2020,Docklands,Health Care and Social Assistance,Medium business,9,328
2020,Docklands,Information Media and Telecommunications,Large business,10,5828
2020,Docklands,Information Media and Telecommunications,Small business,18,121
2020,Docklands,Manufacturing,Medium business,3,270
2020,Docklands,Manufacturing,Small business,15,82
2020,Docklands,Mining,Large business,2,
2020,Docklands,Public Administration and Safety,Small business,8,43
2020,Docklands,"Rental, Hiring and Real Estate Services",Large business,2,
2020,Docklands,"Rental, Hiring and Real Estate Services",Non employing,1,
2020,Docklands,"Rental, Hiring and Real Estate Services",Small business,60,313
2020,Docklands,Retail Trade,Medium business,10,546
2020,Docklands,Wholesale Trade,Medium business,1,
2020,East Melbourne,Accommodation and Food Services,Large business,3,3321
2020,East Melbourne,Arts and Recreation Services,Non employing,21,0
2020,East Melbourne,Arts and Recreation Services,Small business,9,48
2020,East Melbourne,Construction,Non employing,1,
2020,East Melbourne,Construction,Small business,1,
2020,East Melbourne,Education and Training,Medium business,7,598
2020,East Melbourne,Health Care and Social Assistance,Large business,4,2372
2020,East Melbourne,Health Care and Social Assistance,Small business,178,1009
2020,East Melbourne,"Professional, Scientific and Technical Services",Small business,47,315
2020,East Melbourne,Public Administration and Safety,Medium business,11,774
2020,East Melbourne,"Rental, Hiring and Real Estate Services",Small business,6,31
2020,East Melbourne,"Transport, Postal and Warehousing",Small business,3,11
2020,East Melbourne,Wholesale Trade,Medium business,3,132
2020,Kensington,"Agriculture, Forestry and Fishing",Small business,2,
2020,Kensington,Arts and Recreation Services,Small business,14,107
2020,Kensington,Construction,Medium business,2,
2020,Kensington,Construction,Non employing,1,
2020,Kensington,Financial and Insurance Services,Small business,2,
2020,Kensington,Manufacturing,Non employing,2,
2020,Kensington,Manufacturing,Small business,35,155
2020,Kensington,"Rental, Hiring and Real Estate Services",Small business,12,66
2020,Kensington,"Transport, Postal and Warehousing",Small business,11,52
2020,Melbourne (CBD),Administrative and Support Services,Large business,5,1693
2020,Melbourne (CBD),Arts and Recreation Services,Medium business,32,1735
2020,Melbourne (CBD),Construction,Large business,2,
2020,Melbourne (CBD),Construction,Non employing,1,
2020,Melbourne (CBD),Construction,Small business,87,630
2020,Melbourne (CBD),Education and Training,Small business,206,1748
2020,Melbourne (CBD),"Electricity, Gas, Water and Waste Services",Medium business,8,341
2020,Melbourne (CBD),Financial and Insurance Services,Large business,33,22188
2020,Melbourne (CBD),Financial and Insurance Services,Non employing,4,0
2020,Melbourne (CBD),Health Care and Social Assistance,Large business,2,
2020,Melbourne (CBD),Information Media and Telecommunications,Small business,42,305
2020,Melbourne (CBD),Mining,Small business,21,140
2020,Melbourne (CBD),Other Services,Medium business,55,2415
2020,Melbourne (CBD),Other Services,Small business,770,3447
2020,Melbourne (CBD),"Professional, Scientific and Technical Services",Large business,34,16163
2020,Melbourne (CBD),"Professional, Scientific and Technical Services",Non employing,6,0
2020,Melbourne (CBD),Public Administration and Safety,Medium business,85,7107
2020,Melbourne (CBD),Public Administration and Safety,Non employing,6,0
2020,Melbourne (CBD),"Rental, Hiring and Real Estate Services",Non employing,9,0
2020,Melbourne (CBD),"Transport, Postal and Warehousing",Large business,4,4071
2020,Melbourne (Remainder),Administrative and Support Services,Medium business,1,
2020,Melbourne (Remainder),Administrative and Support Services,Non employing,1,
2020,Melbourne (Remainder),Arts and Recreation Services,Small business,10,68
2020,Melbourne (Remainder),Construction,Non employing,2,
2020,Melbourne (Remainder),Education and Training,Large business,4,1548
2020,Melbourne (Remainder),Financial and Insurance Services,Large business,2,
2020,Melbourne (Remainder),Financial and Insurance Services,Small business,14,108
2020,Melbourne (Remainder),Health Care and Social Assistance,Large business,3,6578
2020,Melbourne (Remainder),Health Care and Social Assistance,Medium business,9,572
2020,Melbourne (Remainder),Manufacturing,Small business,4,8
2020,Melbourne (Remainder),Other Services,Medium business,1,
2020,Melbourne (Remainder),"Professional, Scientific and Technical Services",Large business,5,3107
2020,Melbourne (Remainder),Public Administration and Safety,Medium business,2,
2020,Melbourne (Remainder),"Rental, Hiring and Real Estate Services",Small business,9,39
2020,Melbourne (Remainder),Retail Trade,Small business,16,77
2020,Melbourne (Remainder),Wholesale Trade,Medium business,2,
2020,North Melbourne,Administrative and Support Services,Medium business,5,215
2020,North Melbourne,Administrative and Support Services,Non employing,3,0
2020,North Melbourne,Arts and Recreation Services,Large business,1,
2020,North Melbourne,Arts and Recreation Services,Medium business,1,
2020,North Melbourne,Construction,Medium business,7,415
2020,North Melbourne,Education and Training,Small business,20,120
2020,North Melbourne,"Electricity, Gas, Water and Waste Services",Non employing,24,0
2020,North Melbourne,Financial and Insurance Services,Medium business,2,
2020,North Melbourne,Health Care and Social Assistance,Medium business,13,565
2020,North Melbourne,Health Care and Social Assistance,Non employing,4,0
2020,North Melbourne,Manufacturing,Medium business,5,193
2020,North Melbourne,Manufacturing,Non employing,1,
2020,North Melbourne,Other Services,Small business,110,472
2020,North Melbourne,"Professional, Scientific and Technical Services",Large business,2,
2020,North Melbourne,"Professional, Scientific and Technical Services",Medium business,17,786
2020,North Melbourne,Retail Trade,Small business,73,319
2020,North Melbourne,"Transport, Postal and Warehousing",Medium business,4,182
2020,North Melbourne,"Transport, Postal and Warehousing",Non employing,3,0
2020,Parkville,Accommodation and Food Services,Large business,1,
2020,Parkville,Accommodation and Food Services,Small business,59,386
2020,Parkville,Arts and Recreation Services,Large business,1,
2020,Parkville,Arts and Recreation Services,Non employing,29,0
2020,Parkville,Education and Training,Large business,3,942
2020,Parkville,Education and Training,Medium business,50,3211
2020,Parkville,Health Care and Social Assistance,Medium business,17,669
2020,Parkville,Health Care and Social Assistance,Small business,61,254
2020,Parkville,Information Media and Telecommunications,Non employing,2,
2020,Parkville,Other Services,Medium business,4,123
2020,Parkville,"Professional, Scientific and Technical Services",Small business,9,80
2020,Parkville,Public Administration and Safety,Medium business,2,
2020,Parkville,Public Administration and Safety,Non employing,1,
2020,Parkville,Retail Trade,Small business,20,99
2020,Port Melbourne,Accommodation and Food Services,Medium business,5,185
2020,Port Melbourne,"Agriculture, Forestry and Fishing",Small business,1,
2020,Port Melbourne,Construction,Non employing,4,0
2020,Port Melbourne,Construction,Small business,43,282
2020,Port Melbourne,Financial and Insurance Services,Small business,7,42
2020,Port Melbourne,Health Care and Social Assistance,Small business,5,44
2020,Port Melbourne,Information Media and Telecommunications,Large business,1,
2020,Port Melbourne,Information Media and Telecommunications,Small business,16,110
2020,Port Melbourne,Manufacturing,Non employing,1,
2020,Port Melbourne,Other Services,Small business,13,66
2020,Port Melbourne,"Professional, Scientific and Technical Services",Medium business,15,724
2020,Port Melbourne,Public Administration and Safety,Medium business,6,229
2020,Port Melbourne,"Rental, Hiring and Real Estate Services",Medium business,3,76
2020,Port Melbourne,"Rental, Hiring and Real Estate Services",Small business,15,140
2020,Port Melbourne,Retail Trade,Medium business,5,205
2020,Port Melbourne,Retail Trade,Small business,21,120
2020,Port Melbourne,"Transport, Postal and Warehousing",Large business,4,1453
2020,Port Melbourne,"Transport, Postal and Warehousing",Small business,15,131
2020,Port Melbourne,Wholesale Trade,Large business,1,
2020,Port Melbourne,Wholesale Trade,Medium business,14,716
2020,South Yarra,Accommodation and Food Services,Medium business,3,96
2020,South Yarra,Arts and Recreation Services,Non employing,4,0
2020,South Yarra,Arts and Recreation Services,Small business,2,
2020,South Yarra,Education and Training,Large business,1,
2020,South Yarra,Education and Training,Non employing,6,0
2020,South Yarra,Education and Training,Small business,2,
2020,South Yarra,"Electricity, Gas, Water and Waste Services",Non employing,6,0
2020,South Yarra,Manufacturing,Small business,1,
2020,South Yarra,Public Administration and Safety,Medium business,1,
2020,Southbank,Accommodation and Food Services,Non employing,6,0
2020,Southbank,Administrative and Support Services,Small business,14,125
2020,Southbank,"Agriculture, Forestry and Fishing",Medium business,2,
2020,Southbank,Education and Training,Medium business,7,555
2020,Southbank,"Electricity, Gas, Water and Waste Services",Large business,1,
2020,Southbank,"Electricity, Gas, Water and Waste Services",Non employing,20,0
2020,Southbank,Health Care and Social Assistance,Small business,22,153
2020,Southbank,Information Media and Telecommunications,Large business,3,1514
2020,Southbank,Manufacturing,Large business,4,3393
2020,Southbank,Other Services,Large business,1,
2020,Southbank,"Professional, Scientific and Technical Services",Large business,6,3358
2020,Southbank,Public Administration and Safety,Large business,2,
2020,Southbank,Public Administration and Safety,Medium business,6,395
2020,Southbank,Public Administration and Safety,Small business,2,
2020,Southbank,Wholesale Trade,Large business,2,
2020,Southbank,Wholesale Trade,Medium business,5,246
2020,West Melbourne (Industrial),Administrative and Support Services,Small business,1,
2020,West Melbourne (Industrial),Arts and Recreation Services,Non employing,7,0
2020,West Melbourne (Industrial),Construction,Medium business,1,
2020,West Melbourne (Industrial),Construction,Non employing,1,
2020,West Melbourne (Industrial),Construction,Small business,5,29
2020,West Melbourne (Industrial),"Professional, Scientific and Technical Services",Medium business,4,140
2020,West Melbourne (Industrial),Public Administration and Safety,Medium business,1,
2020,West Melbourne (Industrial),Wholesale Trade,Large business,1,
2020,West Melbourne (Industrial),Wholesale Trade,Medium business,5,373
2020,West Melbourne (Industrial),Wholesale Trade,Small business,23,146
2020,West Melbourne (Residential),Accommodation and Food Services,Non employing,3,0
2020,West Melbourne (Residential),"Electricity, Gas, Water and Waste Services",Non employing,10,0
2020,West Melbourne (Residential),Financial and Insurance Services,Medium business,2,
2020,West Melbourne (Residential),Financial and Insurance Services,Small business,6,33
2020,West Melbourne (Residential),Health Care and Social Assistance,Medium business,5,293
2020,West Melbourne (Residential),Health Care and Social Assistance,Small business,17,102
2020,West Melbourne (Residential),Public Administration and Safety,Large business,1,
2020,West Melbourne (Residential),Public Administration and Safety,Medium business,1,
2020,West Melbourne (Residential),"Rental, Hiring and Real Estate Services",Non employing,1,
2020,West Melbourne (Residential),"Rental, Hiring and Real Estate Services",Small business,6,36
2020,West Melbourne (Residential),Wholesale Trade,Non employing,2,
2021,Carlton,Accommodation and Food Services,Medium business,19,635
2021,Carlton,Arts and Recreation Services,Medium business,5,263
2021,Carlton,Construction,Medium business,1,
2021,Carlton,Construction,Small business,11,51
2021,Carlton,Education and Training,Medium business,33,2258
2021,Carlton,Health Care and Social Assistance,Medium business,16,907
2021,Carlton,Health Care and Social Assistance,Small business,75,417
2021,Carlton,Information Media and Telecommunications,Non employing,1,
2021,Carlton,Other Services,Medium business,19,1010
2021,Carlton,Other Services,Small business,85,366
2021,Carlton,"Professional, Scientific and Technical Services",Large business,1,
2021,Carlton,Public Administration and Safety,Small business,6,39
2021,Carlton,"Rental, Hiring and Real Estate Services",Medium business,1,
2021,Carlton,Retail Trade,Small business,101,453
2021,Carlton,Wholesale Trade,Medium business,1,
2021,Docklands,Administrative and Support Services,Medium business,5,238
2021,Docklands,"Agriculture, Forestry and Fishing",Medium business,1,
2021,Docklands,"Agriculture, Forestry and Fishing",Small business,1,
2021,Docklands,Arts and Recreation Services,Non employing,27,0
2021,Docklands,Education and Training,Non employing,1,
2021,Docklands,Education and Training,Small business,14,73
2021,Docklands,"Electricity, Gas, Water and Waste Services",Medium business,1,
2021,Docklands,"Electricity, Gas, Water and Waste Services",Non employing,9,0
2021,Docklands,"Electricity, Gas, Water and Waste Services",Small business,1,
2021,Docklands,Information Media and Telecommunications,Medium business,6,448
2021,Docklands,Information Media and Telecommunications,Small business,15,126
2021,Docklands,Manufacturing,Non employing,1,
2021,Docklands,Manufacturing,Small business,12,71
2021,Docklands,Other Services,Large business,1,
2021,Docklands,Other Services,Medium business,4,262
2021,Docklands,Other Services,Non employing,17,0
2021,Docklands,"Professional, Scientific and Technical Services",Medium business,17,803
2021,Docklands,"Rental, Hiring and Real Estate Services",Large business,2,
2021,Docklands,"Rental, Hiring and Real Estate Services",Medium business,4,267
2021,Docklands,"Transport, Postal and Warehousing",Medium business,6,390
2021,Docklands,Wholesale Trade,Large business,1,
2021,Docklands,Wholesale Trade,Non employing,1,
2021,East Melbourne,Accommodation and Food Services,Medium business,2,
2021,East Melbourne,Administrative and Support Services,Small business,7,33
2021,East Melbourne,Arts and Recreation Services,Large business,2,
2021,East Melbourne,Arts and Recreation Services,Medium business,7,292
2021,East Melbourne,Construction,Medium business,2,
2021,East Melbourne,Education and Training,Medium business,7,598
2021,East Melbourne,Other Services,Medium business,9,626
2021,East Melbourne,Public Administration and Safety,Large business,6,4048
2021,East Melbourne,Public Administration and Safety,Medium business,11,774
2021,East Melbourne,Public Administration and Safety,Non employing,1,
2021,East Melbourne,Public Administration and Safety,Small business,4,45
2021,East Melbourne,"Transport, Postal and Warehousing",Small business,3,11
2021,East Melbourne,Wholesale Trade,Small business,1,
2021,Kensington,Accommodation and Food Services,Medium business,5,181
2021,Kensington,Administrative and Support Services,Small business,5,21
2021,Kensington,Arts and Recreation Services,Large business,1,
2021,Kensington,Construction,Small business,18,123
2021,Kensington,Education and Training,Small business,5,37
2021,Kensington,Health Care and Social Assistance,Small business,19,149
2021,Kensington,Information Media and Telecommunications,Non employing,3,0
2021,Kensington,Information Media and Telecommunications,Small business,2,
2021,Kensington,Other Services,Medium business,4,111
2021,Kensington,Public Administration and Safety,Medium business,2,
2021,Kensington,Public Administration and Safety,Non employing,1,
2021,Kensington,Retail Trade,Medium business,4,332
2021,Kensington,"Transport, Postal and Warehousing",Small business,5,14
2021,Kensington,Wholesale Trade,Medium business,3,101
2021,Kensington,Wholesale Trade,Small business,25,159
2021,Melbourne (CBD),Accommodation and Food Services,Large business,4,1392
2021,Melbourne (CBD),Accommodation and Food Services,Medium business,235,9363
2021,Melbourne (CBD),Administrative and Support Services,Small business,216,1508
2021,Melbourne (CBD),"Agriculture, Forestry and Fishing",Medium business,1,
2021,Melbourne (CBD),"Agriculture, Forestry and Fishing",Non employing,1,
2021,Melbourne (CBD),Construction,Large business,4,1175
2021,Melbourne (CBD),Construction,Medium business,39,1908
2021,Melbourne (CBD),Education and Training,Medium business,105,6580
2021,Melbourne (CBD),Education and Training,Non employing,4,0
2021,Melbourne (CBD),"Electricity, Gas, Water and Waste Services",Medium business,6,281
2021,Melbourne (CBD),"Electricity, Gas, Water and Waste Services",Non employing,35,0
2021,Melbourne (CBD),"Electricity, Gas, Water and Waste Services",Small business,11,64
2021,Melbourne (CBD),Financial and Insurance Services,Non employing,4,0
2021,Melbourne (CBD),Health Care and Social Assistance,Non employing,3,0
2021,Melbourne (CBD),Information Media and Telecommunications,Large business,12,14389
2021,Melbourne (CBD),Other Services,Medium business,54,2299
2021,Melbourne (CBD),"Professional, Scientific and Technical Services",Non employing,7,0
2021,Melbourne (CBD),Public Administration and Safety,Large business,36,20974
2021,Melbourne (CBD),Public Administration and Safety,Medium business,73,6307
2021,Melbourne (CBD),"Transport, Postal and Warehousing",Medium business,16,702
2021,Melbourne (Remainder),Accommodation and Food Services,Large business,5,2276
2021,Melbourne (Remainder),Accommodation and Food Services,Non employing,2,
2021,Melbourne (Remainder),Administrative and Support Services,Small business,6,41
2021,Melbourne (Remainder),Arts and Recreation Services,Small business,10,60
2021,Melbourne (Remainder),Construction,Medium business,2,
2021,Melbourne (Remainder),Construction,Non employing,1,
2021,Melbourne (Remainder),Construction,Small business,6,27
2021,Melbourne (Remainder),Education and Training,Medium business,1,
2021,Melbourne (Remainder),"Electricity, Gas, Water and Waste Services",Medium business,1,
2021,Melbourne (Remainder),Financial and Insurance Services,Small business,13,94
2021,Melbourne (Remainder),Health Care and Social Assistance,Medium business,8,589
2021,Melbourne (Remainder),Other Services,Medium business,1,
2021,Melbourne (Remainder),"Professional, Scientific and Technical Services",Medium business,6,469
2021,Melbourne (Remainder),Public Administration and Safety,Medium business,2,
2021,Melbourne (Remainder),Public Administration and Safety,Small business,2,
2021,Melbourne (Remainder),"Rental, Hiring and Real Estate Services",Small business,5,24
2021,Melbourne (Remainder),"Transport, Postal and Warehousing",Small business,5,47
2021,Melbourne (Remainder),Wholesale Trade,Large business,1,
2021,North Melbourne,Administrative and Support Services,Medium business,5,215
2021,North Melbourne,Administrative and Support Services,Small business,27,170
2021,North Melbourne,Arts and Recreation Services,Large business,1,
2021,North Melbourne,Arts and Recreation Services,Medium business,1,
2021,North Melbourne,Arts and Recreation Services,Small business,30,126
2021,North Melbourne,Construction,Non employing,2,
2021,North Melbourne,Construction,Small business,20,171
2021,North Melbourne,Financial and Insurance Services,Non employing,2,
2021,North Melbourne,Financial and Insurance Services,Small business,11,63
2021,North Melbourne,Health Care and Social Assistance,Large business,2,
2021,North Melbourne,Information Media and Telecommunications,Medium business,4,136
2021,North Melbourne,Information Media and Telecommunications,Non employing,2,
2021,North Melbourne,Manufacturing,Non employing,1,
2021,North Melbourne,Other Services,Medium business,6,419
2021,North Melbourne,Other Services,Small business,110,472
2021,North Melbourne,"Professional, Scientific and Technical Services",Small business,114,660
2021,North Melbourne,Public Administration and Safety,Medium business,4,227
2021,North Melbourne,"Rental, Hiring and Real Estate Services",Small business,17,102
2021,North Melbourne,"Transport, Postal and Warehousing",Medium business,4,182
2021,North Melbourne,"Transport, Postal and Warehousing",Non employing,3,0
2021,North Melbourne,Wholesale Trade,Medium business,4,157
2021,North Melbourne,Wholesale Trade,Non employing,2,
2021,North Melbourne,Wholesale Trade,Small business,37,186
2021,Parkville,Accommodation and Food Services,Non employing,9,0
2021,Parkville,Administrative and Support Services,Medium business,2,
2021,Parkville,Administrative and Support Services,Small business,1,
2021,Parkville,Arts and Recreation Services,Large business,1,
2021,Parkville,Education and Training,Medium business,50,3211
2021,Parkville,Health Care and Social Assistance,Medium business,17,669
2021,Parkville,Information Media and Telecommunications,Non employing,2,
2021,Parkville,Other Services,Non employing,7,0
2021,Parkville,Other Services,Small business,11,54
2021,Parkville,"Professional, Scientific and Technical Services",Medium business,8,406
2021,Parkville,Public Administration and Safety,Non employing,1,
2021,Port Melbourne,Accommodation and Food Services,Medium business,3,118
2021,Port Melbourne,Accommodation and Food Services,Small business,14,73
2021,Port Melbourne,Administrative and Support Services,Small business,16,133
2021,Port Melbourne,Arts and Recreation Services,Non employing,5,0
2021,Port Melbourne,Construction,Medium business,17,725
2021,Port Melbourne,Construction,Small business,42,316
2021,Port Melbourne,"Electricity, Gas, Water and Waste Services",Non employing,6,0
2021,Port Melbourne,"Electricity, Gas, Water and Waste Services",Small business,3,11
2021,Port Melbourne,Financial and Insurance Services,Small business,4,23
2021,Port Melbourne,Health Care and Social Assistance,Small business,3,25
2021,Port Melbourne,Information Media and Telecommunications,Non employing,2,
2021,Port Melbourne,Information Media and Telecommunications,Small business,13,69
2021,Port Melbourne,Other Services,Small business,10,75
2021,Port Melbourne,"Professional, Scientific and Technical Services",Large business,1,
2021,Port Melbourne,"Professional, Scientific and Technical Services",Non employing,2,
2021,Port Melbourne,Public Administration and Safety,Large business,1,
2021,Port Melbourne,Public Administration and Safety,Medium business,6,263
2021,Port Melbourne,Public Administration and Safety,Non employing,2,
2021,Port Melbourne,"Rental, Hiring and Real Estate Services",Small business,14,105
2021,Port Melbourne,Retail Trade,Medium business,5,263
2021,Port Melbourne,"Transport, Postal and Warehousing",Large business,3,1491
2021,Port Melbourne,"Transport, Postal and Warehousing",Medium business,12,474
2021,Port Melbourne,Wholesale Trade,Medium business,11,597
2021,Port Melbourne,Wholesale Trade,Small business,35,286
2021,South Yarra,Arts and Recreation Services,Small business,1,
2021,South Yarra,Education and Training,Medium business,4,180
2021,South Yarra,Manufacturing,Small business,1,
2021,South Yarra,Retail Trade,Small business,4,16
2021,Southbank,Accommodation and Food Services,Large business,3,1502
2021,Southbank,Administrative and Support Services,Small business,10,88
2021,Southbank,"Agriculture, Forestry and Fishing",Medium business,1,
2021,Southbank,"Agriculture, Forestry and Fishing",Small business,1,
2021,Southbank,Arts and Recreation Services,Medium business,19,1276
2021,Southbank,Arts and Recreation Services,Small business,16,81
2021,Southbank,Construction,Non employing,1,
2021,Southbank,Education and Training,Medium business,5,518
2021,Southbank,"Electricity, Gas, Water and Waste Services",Medium business,5,446
2021,Southbank,Information Media and Telecommunications,Small business,5,61
2021,Southbank,Mining,Large business,1,
2021,Southbank,Other Services,Large business,1,
2021,Southbank,Other Services,Medium business,2,
2021,Southbank,Other Services,Non employing,16,0
2021,Southbank,"Professional, Scientific and Technical Services",Large business,6,3800
2021,Southbank,Retail Trade,Medium business,20,945
2021,Southbank,"Transport, Postal and Warehousing",Medium business,4,199
2021,Southbank,Wholesale Trade,Large business,2,
2021,Southbank,Wholesale Trade,Small business,9,69
2021,West Melbourne (Industrial),Accommodation and Food Services,Small business,4,10
2021,West Melbourne (Industrial),Administrative and Support Services,Small business,1,
2021,West Melbourne (Industrial),"Electricity, Gas, Water and Waste Services",Medium business,1,
2021,West Melbourne (Industrial),Information Media and Telecommunications,Non employing,3,0
2021,West Melbourne (Industrial),Other Services,Small business,4,29
2021,West Melbourne (Industrial),"Professional, Scientific and Technical Services",Medium business,4,140
2021,West Melbourne (Industrial),"Transport, Postal and Warehousing",Large business,4,1581
2021,West Melbourne (Industrial),"Transport, Postal and Warehousing",Medium business,18,1056
2021,West Melbourne (Industrial),Wholesale Trade,Large business,1,
2021,West Melbourne (Residential),Accommodation and Food Services,Non employing,3,0
2021,West Melbourne (Residential),Administrative and Support Services,Medium business,3,127
2021,West Melbourne (Residential),Arts and Recreation Services,Non employing,9,0
2021,West Melbourne (Residential),Construction,Small business,6,49
2021,West Melbourne (Residential),Education and Training,Medium business,5,297
2021,West Melbourne (Residential),"Electricity, Gas, Water and Waste Services",Non employing,10,0
2021,West Melbourne (Residential),Financial and Insurance Services,Medium business,2,
2021,West Melbourne (Residential),Health Care and Social Assistance,Large business,1,
2021,West Melbourne (Residential),Manufacturing,Medium business,2,
2021,West Melbourne (Residential),Other Services,Medium business,3,169
2021,West Melbourne (Residential),Other Services,Non employing,5,0
2021,West Melbourne (Residential),"Professional, Scientific and Technical Services",Non employing,2,
2021,West Melbourne (Residential),"Professional, Scientific and Technical Services",Small business,71,503
2021,West Melbourne (Residential),Retail Trade,Medium business,2,
2021,West Melbourne (Residential),"Transport, Postal and Warehousing",Small business,12,62
2021,West Melbourne (Residential),Wholesale Trade,Small business,20,116
2022,Carlton,Arts and Recreation Services,Large business,1,
2022,Carlton,Arts and Recreation Services,Medium business,5,253
2022,Carlton,Arts and Recreation Services,Small business,15,74
2022,Carlton,Education and Training,Large business,5,1278
2022,Carlton,Financial and Insurance Services,Medium business,2,
2022,Carlton,Financial and Insurance Services,Small business,15,113
2022,Carlton,Information Media and Telecommunications,Medium business,5,219
2022,Carlton,Information Media and Telecommunications,Small business,5,54
2022,Carlton,Manufacturing,Medium business,3,66
2022,Carlton,Other Services,Small business,82,339
2022,Carlton,Public Administration and Safety,Medium business,2,
2022,Carlton,Public Administration and Safety,Small business,4,35
2022,Carlton,"Transport, Postal and Warehousing",Small business,2,
2022,Docklands,Construction,Small business,9,39
2022,Docklands,"Electricity, Gas, Water and Waste Services",Large business,4,4486
2022,Docklands,"Electricity, Gas, Water and Waste Services",Non employing,9,0
2022,Docklands,Health Care and Social Assistance,Medium business,7,269
2022,Docklands,Health Care and Social Assistance,Small business,29,120
2022,Docklands,Information Media and Telecommunications,Medium business,6,448
2022,Docklands,Other Services,Large business,1,
2022,Docklands,Other Services,Small business,42,180
2022,Docklands,"Professional, Scientific and Technical Services",Non employing,1,
2022,Docklands,"Professional, Scientific and Technical Services",Small business,120,767
2022,Docklands,Public Administration and Safety,Large business,5,8757
2022,Docklands,Public Administration and Safety,Medium business,10,911
2022,Docklands,"Rental, Hiring and Real Estate Services",Large business,2,
2022,Docklands,Retail Trade,Medium business,10,658
2022,Docklands,Retail Trade,Non employing,2,
2022,Docklands,"Transport, Postal and Warehousing",Small business,16,116
2022,East Melbourne,Administrative and Support Services,Medium business,1,
2022,East Melbourne,Arts and Recreation Services,Medium business,7,291
2022,East Melbourne,Arts and Recreation Services,Non employing,21,0
2022,East Melbourne,Education and Training,Large business,3,740
2022,East Melbourne,"Electricity, Gas, Water and Waste Services",Non employing,7,0
2022,East Melbourne,Financial and Insurance Services,Medium business,5,445
2022,East Melbourne,Financial and Insurance Services,Small business,8,48
2022,East Melbourne,Health Care and Social Assistance,Large business,5,2805
2022,East Melbourne,Manufacturing,Large business,2,
2022,East Melbourne,Mining,Small business,1,
2022,East Melbourne,Other Services,Large business,1,
2022,East Melbourne,Other Services,Medium business,10,747
2022,East Melbourne,Other Services,Non employing,8,0
2022,East Melbourne,"Professional, Scientific and Technical Services",Small business,31,240
2022,East Melbourne,Public Administration and Safety,Large business,6,4236
2022,East Melbourne,Public Administration and Safety,Medium business,11,829
2022,East Melbourne,Public Administration and Safety,Non employing,1,
2022,East Melbourne,"Transport, Postal and Warehousing",Non employing,1,
2022,East Melbourne,"Transport, Postal and Warehousing",Small business,3,11
2022,Kensington,Accommodation and Food Services,Non employing,2,
2022,Kensington,Administrative and Support Services,Medium business,1,
2022,Kensington,Arts and Recreation Services,Medium business,13,744
2022,Kensington,Construction,Medium business,2,
2022,Kensington,Construction,Non employing,2,
2022,Kensington,Education and Training,Medium business,5,170
2022,Kensington,Health Care and Social Assistance,Medium business,6,322
2022,Kensington,Manufacturing,Small business,26,132
2022,Kensington,"Professional, Scientific and Technical Services",Small business,22,142
2022,Kensington,Public Administration and Safety,Medium business,2,
2022,Kensington,Public Administration and Safety,Non employing,1,
2022,Kensington,"Rental, Hiring and Real Estate Services",Non employing,1,
2022,Kensington,Retail Trade,Small business,24,127
2022,Kensington,"Transport, Postal and Warehousing",Small business,5,14
2022,Kensington,Wholesale Trade,Medium business,3,101
2022,Melbourne (CBD),Accommodation and Food Services,Large business,4,1462
2022,Melbourne (CBD),Accommodation and Food Services,Medium business,256,11077
2022,Melbourne (CBD),Accommodation and Food Services,Non employing,30,0
2022,Melbourne (CBD),Accommodation and Food Services,Small business,1301,9579
2022,Melbourne (CBD),Administrative and Support Services,Large business,8,3506
2022,Melbourne (CBD),Administrative and Support Services,Medium business,67,3698
2022,Melbourne (CBD),Administrative and Support Services,Small business,176,1316
2022,Melbourne (CBD),Arts and Recreation Services,Large business,2,
2022,Melbourne (CBD),Arts and Recreation Services,Small business,82,447
2022,Melbourne (CBD),Construction,Medium business,37,1712
2022,Melbourne (CBD),Construction,Non employing,1,
2022,Melbourne (CBD),Construction,Small business,74,591
2022,Melbourne (CBD),"Electricity, Gas, Water and Waste Services",Medium business,14,798
2022,Melbourne (CBD),"Electricity, Gas, Water and Waste Services",Non employing,35,0
2022,Melbourne (CBD),Information Media and Telecommunications,Large business,8,12296
2022,Melbourne (CBD),Information Media and Telecommunications,Medium business,33,1919
2022,Melbourne (CBD),Information Media and Telecommunications,Non employing,5,0
2022,Melbourne (CBD),Manufacturing,Small business,182,539
2022,Melbourne (CBD),Mining,Small business,16,113
2022,Melbourne (CBD),Other Services,Non employing,73,0
2022,Melbourne (CBD),"Professional, Scientific and Technical Services",Large business,47,21677
2022,Melbourne (CBD),Public Administration and Safety,Large business,43,25660
2022,Melbourne (CBD),Public Administration and Safety,Non employing,5,0
2022,Melbourne (CBD),"Rental, Hiring and Real Estate Services",Large business,6,3411
2022,Melbourne (CBD),"Rental, Hiring and Real Estate Services",Medium business,50,3278
2022,Melbourne (CBD),"Transport, Postal and Warehousing",Small business,40,336
2022,Melbourne (Remainder),Accommodation and Food Services,Medium business,6,283
2022,Melbourne (Remainder),Accommodation and Food Services,Non employing,2,
2022,Melbourne (Remainder),Administrative and Support Services,Small business,6,41
2022,Melbourne (Remainder),Arts and Recreation Services,Large business,3,3308
2022,Melbourne (Remainder),"Electricity, Gas, Water and Waste Services",Non employing,2,
2022,Melbourne (Remainder),Financial and Insurance Services,Large business,2,
2022,Melbourne (Remainder),Health Care and Social Assistance,Large business,2,
2022,Melbourne (Remainder),Health Care and Social Assistance,Non employing,2,
2022,Melbourne (Remainder),Information Media and Telecommunications,Medium business,1,
2022,Melbourne (Remainder),Public Administration and Safety,Small business,2,
2022,Melbourne (Remainder),"Rental, Hiring and Real Estate Services",Small business,5,24
2022,Melbourne (Remainder),Retail Trade,Non employing,1,
2022,North Melbourne,Administrative and Support Services,Medium business,6,352
2022,North Melbourne,Administrative and Support Services,Non employing,1,
2022,North Melbourne,Administrative and Support Services,Small business,23,132
2022,North Melbourne,Arts and Recreation Services,Medium business,3,249
2022,North Melbourne,Arts and Recreation Services,Small business,33,126
2022,North Melbourne,Construction,Small business,13,104
2022,North Melbourne,Education and Training,Medium business,10,617
2022,North Melbourne,Education and Training,Small business,19,143
2022,North Melbourne,Financial and Insurance Services,Medium business,1,
2022,North Melbourne,Financial and Insurance Services,Non employing,2,
2022,North Melbourne,Financial and Insurance Services,Small business,9,48
2022,North Melbourne,Manufacturing,Medium business,6,236
2022,North Melbourne,Manufacturing,Small business,26,118
2022,North Melbourne,Other Services,Small business,98,362
2022,North Melbourne,"Rental, Hiring and Real Estate Services",Medium business,1,
2022,North Melbourne,Retail Trade,Medium business,5,294
2022,North Melbourne,"Transport, Postal and Warehousing",Non employing,2,
2022,Parkville,Accommodation and Food Services,Non employing,7,0
2022,Parkville,Arts and Recreation Services,Large business,1,
2022,Parkville,Education and Training,Non employing,2,
2022,Parkville,"Electricity, Gas, Water and Waste Services",Non employing,7,0
2022,Parkville,Other Services,Small business,9,60
2022,Parkville,Retail Trade,Small business,14,69
2022,Parkville,"Transport, Postal and Warehousing",Small business,2,
2022,Parkville,Wholesale Trade,Medium business,1,
2022,Port Melbourne,Accommodation and Food Services,Small business,14,73
2022,Port Melbourne,Arts and Recreation Services,Medium business,1,
2022,Port Melbourne,Arts and Recreation Services,Small business,6,30
2022,Port Melbourne,Construction,Medium business,17,725
2022,Port Melbourne,Education and Training,Small business,6,51
2022,Port Melbourne,"Electricity, Gas, Water and Waste Services",Medium business,1,
2022,Port Melbourne,Financial and Insurance Services,Medium business,1,
2022,Port Melbourne,Health Care and Social Assistance,Non employing,1,
2022,Port Melbourne,Information Media and Telecommunications,Medium business,7,256
2022,Port Melbourne,Information Media and Telecommunications,Non employing,2,
2022,Port Melbourne,Manufacturing,Small business,50,399
2022,Port Melbourne,Other Services,Medium business,5,135
2022,Port Melbourne,"Professional, Scientific and Technical Services",Medium business,12,575
2022,Port Melbourne,"Professional, Scientific and Technical Services",Small business,49,333
2022,Port Melbourne,Public Administration and Safety,Non employing,2,
2022,Port Melbourne,"Rental, Hiring and Real Estate Services",Medium business,4,97
2022,Port Melbourne,"Transport, Postal and Warehousing",Large business,3,1491
2022,Port Melbourne,"Transport, Postal and Warehousing",Medium business,12,474
2022,Port Melbourne,"Transport, Postal and Warehousing",Small business,14,103
2022,South Yarra,Education and Training,Large business,1,
2022,South Yarra,Education and Training,Non employing,6,0
2022,South Yarra,Health Care and Social Assistance,Medium business,1,
2022,South Yarra,Information Media and Telecommunications,Small business,1,
2022,South Yarra,Other Services,Small business,7,31
2022,Southbank,"Agriculture, Forestry and Fishing",Medium business,1,
2022,Southbank,Arts and Recreation Services,Large business,6,8820
2022,Southbank,Arts and Recreation Services,Medium business,19,1276
2022,Southbank,Arts and Recreation Services,Non employing,15,0
2022,Southbank,Construction,Non employing,1,
2022,Southbank,Construction,Small business,11,111
2022,Southbank,Education and Training,Medium business,5,518
2022,Southbank,Education and Training,Small business,9,62
2022,Southbank,"Electricity, Gas, Water and Waste Services",Non employing,20,0
2022,Southbank,Financial and Insurance Services,Medium business,12,845
2022,Southbank,Financial and Insurance Services,Small business,17,121
2022,Southbank,Health Care and Social Assistance,Medium business,8,473
2022,Southbank,Information Media and Telecommunications,Large business,3,1586
2022,Southbank,Information Media and Telecommunications,Medium business,9,836
2022,Southbank,Manufacturing,Large business,3,3134
2022,Southbank,Manufacturing,Small business,5,38
2022,Southbank,Other Services,Small business,17,69
2022,Southbank,"Rental, Hiring and Real Estate Services",Medium business,5,309
2022,Southbank,"Rental, Hiring and Real Estate Services",Non employing,2,
2022,Southbank,"Rental, Hiring and Real Estate Services",Small business,19,158
2022,Southbank,"Transport, Postal and Warehousing",Non employing,1,
2022,Southbank,Wholesale Trade,Large business,2,
2022,West Melbourne (Industrial),Accommodation and Food Services,Small business,3,6
2022,West Melbourne (Industrial),Arts and Recreation Services,Non employing,7,0
2022,West Melbourne (Industrial),Arts and Recreation Services,Small business,1,
2022,West Melbourne (Industrial),Construction,Medium business,1,
2022,West Melbourne (Industrial),"Electricity, Gas, Water and Waste Services",Medium business,1,
2022,West Melbourne (Industrial),"Electricity, Gas, Water and Waste Services",Small business,2,
2022,West Melbourne (Industrial),Information Media and Telecommunications,Non employing,3,0
2022,West Melbourne (Industrial),Manufacturing,Medium business,3,167
2022,West Melbourne (Industrial),Other Services,Medium business,1,
2022,West Melbourne (Industrial),"Rental, Hiring and Real Estate Services",Small business,2,
2022,West Melbourne (Industrial),Retail Trade,Medium business,2,
2022,West Melbourne (Industrial),Retail Trade,Small business,5,32
2022,West Melbourne (Industrial),"Transport, Postal and Warehousing",Medium business,15,1044
2022,West Melbourne (Industrial),"Transport, Postal and Warehousing",Non employing,18,0
2022,West Melbourne (Industrial),"Transport, Postal and Warehousing",Small business,12,129
2022,West Melbourne (Residential),Accommodation and Food Services,Medium business,2,
2022,West Melbourne (Residential),Accommodation and Food Services,Small business,48,267
2022,West Melbourne (Residential),Administrative and Support Services,Medium business,2,
2022,West Melbourne (Residential),Arts and Recreation Services,Medium business,2,
2022,West Melbourne (Residential),Arts and Recreation Services,Non employing,10,0
2022,West Melbourne (Residential),Construction,Small business,9,71
2022,West Melbourne (Residential),Education and Training,Medium business,5,341
2022,West Melbourne (Residential),Education and Training,Non employing,1,
2022,West Melbourne (Residential),Education and Training,Small business,11,114
2022,West Melbourne (Residential),Health Care and Social Assistance,Medium business,3,99
2022,West Melbourne (Residential),Health Care and Social Assistance,Small business,17,100
2022,West Melbourne (Residential),Information Media and Telecommunications,Medium business,2,
2022,West Melbourne (Residential),Other Services,Non employing,5,0
2022,West Melbourne (Residential),"Professional, Scientific and Technical Services",Non employing,1,
2022,West Melbourne (Residential),Public Administration and Safety,Large business,1,
2022,West Melbourne (Residential),Public Administration and Safety,Medium business,1,
2022,West Melbourne (Residential),Public Administration and Safety,Small business,3,28
2022,West Melbourne (Residential),Wholesale Trade,Small business,13,77
2023,Carlton,Accommodation and Food Services,Small business,246,1599
2023,Carlton,Administrative and Support Services,Medium business,3,67
2023,Carlton,Administrative and Support Services,Small business,6,25
2023,Carlton,Construction,Small business,8,52
2023,Carlton,Education and Training,Large business,13,5791
2023,Carlton,Education and Training,Non employing,12,0
2023,Carlton,Health Care and Social Assistance,Small business,88,501
2023,Carlton,Information Media and Telecommunications,Non employing,1,
2023,Carlton,Retail Trade,Medium business,5,276
2023,Carlton,Wholesale Trade,Medium business,2,
2023,Docklands,Accommodation and Food Services,Non employing,3,0
2023,Docklands,Accommodation and Food Services,Small business,215,1368
2023,Docklands,Administrative and Support Services,Small business,12,74
2023,Docklands,"Agriculture, Forestry and Fishing",Medium business,1,
2023,Docklands,"Agriculture, Forestry and Fishing",Small business,1,
2023,Docklands,Arts and Recreation Services,Large business,4,1878
2023,Docklands,Arts and Recreation Services,Small business,27,154
2023,Docklands,Construction,Large business,2,
2023,Docklands,Construction,Small business,11,74
2023,Docklands,Education and Training,Medium business,8,901
2023,Docklands,Education and Training,Non employing,1,
2023,Docklands,Financial and Insurance Services,Large business,15,30191
2023,Docklands,Health Care and Social Assistance,Medium business,7,291
2023,Docklands,Health Care and Social Assistance,Small business,33,139
2023,Docklands,Information Media and Telecommunications,Large business,5,3640
2023,Docklands,Other Services,Large business,1,
2023,Docklands,Other Services,Non employing,14,0
2023,Docklands,Other Services,Small business,54,170
2023,Docklands,"Professional, Scientific and Technical Services",Large business,17,12440
2023,Docklands,Public Administration and Safety,Large business,5,8505
2023,Docklands,Public Administration and Safety,Medium business,9,956
2023,Docklands,Public Administration and Safety,Small business,7,45
2023,Docklands,"Rental, Hiring and Real Estate Services",Non employing,1,
2023,Docklands,"Transport, Postal and Warehousing",Large business,4,3347
2023,Docklands,"Transport, Postal and Warehousing",Medium business,7,452
2023,East Melbourne,Accommodation and Food Services,Large business,3,2750
2023,East Melbourne,Accommodation and Food Services,Medium business,2,
2023,East Melbourne,Administrative and Support Services,Medium business,3,145
2023,East Melbourne,Arts and Recreation Services,Small business,11,84
2023,East Melbourne,Construction,Non employing,1,
2023,East Melbourne,"Electricity, Gas, Water and Waste Services",Non employing,7,0
2023,East Melbourne,Health Care and Social Assistance,Medium business,30,1774
2023,East Melbourne,Health Care and Social Assistance,Non employing,3,0
2023,East Melbourne,Health Care and Social Assistance,Small business,183,993
2023,East Melbourne,Information Media and Telecommunications,Small business,2,
2023,East Melbourne,Other Services,Large business,1,
2023,East Melbourne,Other Services,Non employing,8,0
2023,East Melbourne,"Professional, Scientific and Technical Services",Medium business,13,611
2023,East Melbourne,Public Administration and Safety,Large business,6,4252
2023,East Melbourne,Public Administration and Safety,Medium business,12,956
2023,East Melbourne,Retail Trade,Non employing,1,
2023,East Melbourne,"Transport, Postal and Warehousing",Small business,2,
2023,East Melbourne,Wholesale Trade,Medium business,1,
2023,East Melbourne,Wholesale Trade,Small business,1,
2023,Kensington,"Agriculture, Forestry and Fishing",Small business,1,
2023,Kensington,Arts and Recreation Services,Large business,2,
2023,Kensington,Health Care and Social Assistance,Non employing,1,
2023,Kensington,Other Services,Medium business,3,116
2023,Kensington,"Professional, Scientific and Technical Services",Small business,25,198
2023,Kensington,Public Administration and Safety,Medium business,1,
2023,Kensington,Retail Trade,Medium business,3,311
2023,Kensington,Retail Trade,Non employing,1,
2023,Kensington,"Transport, Postal and Warehousing",Small business,4,11
2023,Kensington,Wholesale Trade,Small business,21,133
2023,Melbourne (CBD),Accommodation and Food Services,Large business,4,1462
2023,Melbourne (CBD),Accommodation and Food Services,Medium business,256,11077
2023,Melbourne (CBD),Administrative and Support Services,Large business,8,3506
2023,Melbourne (CBD),Arts and Recreation Services,Large business,2,
2023,Melbourne (CBD),Arts and Recreation Services,Medium business,36,1896
2023,Melbourne (CBD),Construction,Small business,74,591
2023,Melbourne (CBD),"Electricity, Gas, Water and Waste Services",Large business,5,4697
2023,Melbourne (CBD),"Electricity, Gas, Water and Waste Services",Non employing,35,0
2023,Melbourne (CBD),"Electricity, Gas, Water and Waste Services",Small business,15,127
2023,Melbourne (CBD),Financial and Insurance Services,Large business,34,24629
2023,Melbourne (CBD),Financial and Insurance Services,Medium business,177,9958
2023,Melbourne (CBD),Information Media and Telecommunications,Large business,8,12296
2023,Melbourne (CBD),Information Media and Telecommunications,Non employing,5,0
2023,Melbourne (CBD),Mining,Medium business,8,550
2023,Melbourne (CBD),Other Services,Large business,2,
2023,Melbourne (CBD),Other Services,Medium business,52,2302
2023,Melbourne (CBD),Other Services,Non employing,73,0
2023,Melbourne (CBD),"Professional, Scientific and Technical Services",Large business,47,21677
2023,Melbourne (CBD),Public Administration and Safety,Medium business,79,6674
2023,Melbourne (CBD),Public Administration and Safety,Small business,51,462
2023,Melbourne (Remainder),Accommodation and Food Services,Medium business,6,334
2023,Melbourne (Remainder),Administrative and Support Services,Medium business,1,
2023,Melbourne (Remainder),Arts and Recreation Services,Small business,10,71
2023,Melbourne (Remainder),Education and Training,Large business,4,1693
2023,Melbourne (Remainder),Financial and Insurance Services,Large business,2,
2023,Melbourne (Remainder),Financial and Insurance Services,Small business,9,77
2023,Melbourne (Remainder),Health Care and Social Assistance,Medium business,7,509
2023,Melbourne (Remainder),Information Media and Telecommunications,Medium business,1,
2023,Melbourne (Remainder),Manufacturing,Small business,4,6
2023,Melbourne (Remainder),Other Services,Medium business,1,
2023,Melbourne (Remainder),Other Services,Non employing,7,0
2023,Melbourne (Remainder),Other Services,Small business,9,39
2023,Melbourne (Remainder),Public Administration and Safety,Medium business,1,
2023,Melbourne (Remainder),"Rental, Hiring and Real Estate Services",Small business,7,40
2023,Melbourne (Remainder),Retail Trade,Large business,1,
2023,Melbourne (Remainder),Retail Trade,Medium business,1,
2023,Melbourne (Remainder),"Transport, Postal and Warehousing",Non employing,2,
2023,Melbourne (Remainder),Wholesale Trade,Large business,1,
2023,Melbourne (Remainder),Wholesale Trade,Medium business,4,199
2023,North Melbourne,Accommodation and Food Services,Medium business,4,115
2023,North Melbourne,Administrative and Support Services,Medium business,5,368
2023,North Melbourne,Administrative and Support Services,Small business,20,116
2023,North Melbourne,Arts and Recreation Services,Small business,40,201
2023,North Melbourne,Construction,Large business,1,
2023,North Melbourne,Construction,Small business,21,184
2023,North Melbourne,Financial and Insurance Services,Medium business,1,
2023,North Melbourne,Health Care and Social Assistance,Medium business,16,675
2023,North Melbourne,Health Care and Social Assistance,Non employing,3,0
2023,North Melbourne,Information Media and Telecommunications,Non employing,2,
2023,North Melbourne,"Professional, Scientific and Technical Services",Non employing,1,
2023,North Melbourne,Public Administration and Safety,Non employing,2,
2023,North Melbourne,Retail Trade,Medium business,5,264
2023,North Melbourne,"Transport, Postal and Warehousing",Small business,12,55
2023,North Melbourne,Wholesale Trade,Non employing,1,
2023,Parkville,Accommodation and Food Services,Large business,1,
2023,Parkville,Accommodation and Food Services,Non employing,8,0
2023,Parkville,Administrative and Support Services,Medium business,2,
2023,Parkville,Arts and Recreation Services,Medium business,5,172
2023,Parkville,Arts and Recreation Services,Non employing,27,0
2023,Parkville,Construction,Small business,1,
2023,Parkville,Education and Training,Medium business,43,3610
2023,Parkville,Financial and Insurance Services,Small business,5,33
2023,Parkville,Information Media and Telecommunications,Non employing,2,
2023,Parkville,Other Services,Non employing,6,0
2023,Parkville,Other Services,Small business,7,42
2023,Parkville,"Professional, Scientific and Technical Services",Small business,8,89
2023,Parkville,Public Administration and Safety,Large business,1,
2023,Parkville,Public Administration and Safety,Medium business,1,
2023,Parkville,"Rental, Hiring and Real Estate Services",Non employing,1,
2023,Parkville,Wholesale Trade,Medium business,1,
2023,Port Melbourne,Accommodation and Food Services,Small business,16,85
2023,Port Melbourne,Administrative and Support Services,Non employing,1,
2023,Port Melbourne,Arts and Recreation Services,Medium business,1,
2023,Port Melbourne,Arts and Recreation Services,Non employing,5,0
2023,Port Melbourne,Construction,Non employing,2,
2023,Port Melbourne,Education and Training,Non employing,1,
2023,Port Melbourne,"Electricity, Gas, Water and Waste Services",Non employing,6,0
2023,Port Melbourne,Financial and Insurance Services,Small business,5,38
2023,Port Melbourne,Information Media and Telecommunications,Medium business,9,330
2023,Port Melbourne,Manufacturing,Medium business,29,1563
2023,Port Melbourne,Manufacturing,Non employing,4,0
2023,Port Melbourne,"Professional, Scientific and Technical Services",Non employing,1,
2023,Port Melbourne,"Professional, Scientific and Technical Services",Small business,46,305
2023,Port Melbourne,"Transport, Postal and Warehousing",Large business,2,
2023,Port Melbourne,"Transport, Postal and Warehousing",Medium business,15,807
2023,Port Melbourne,"Transport, Postal and Warehousing",Non employing,3,0
2023,Port Melbourne,Wholesale Trade,Small business,41,297
2023,South Yarra,Accommodation and Food Services,Small business,6,46
2023,South Yarra,Education and Training,Small business,3,31
2023,South Yarra,Manufacturing,Small business,1,
2023,South Yarra,Retail Trade,Small business,4,22
2023,Southbank,Accommodation and Food Services,Medium business,79,3872
2023,Southbank,Accommodation and Food Services,Small business,123,1057
2023,Southbank,"Agriculture, Forestry and Fishing",Small business,1,
2023,Southbank,Information Media and Telecommunications,Small business,5,48
2023,Southbank,Manufacturing,Large business,2,
2023,Southbank,Mining,Large business,1,
2023,Southbank,Other Services,Large business,1,
2023,Southbank,Other Services,Non employing,15,0
2023,Southbank,"Professional, Scientific and Technical Services",Small business,41,400
2023,Southbank,"Rental, Hiring and Real Estate Services",Large business,1,
2023,Southbank,Retail Trade,Medium business,20,916
2023,Southbank,Wholesale Trade,Small business,7,72
2023,West Melbourne (Industrial),Accommodation and Food Services,Small business,4,12
2023,West Melbourne (Industrial),Arts and Recreation Services,Non employing,7,0
2023,West Melbourne (Industrial),Arts and Recreation Services,Small business,1,
2023,West Melbourne (Industrial),Construction,Non employing,4,0
2023,West Melbourne (Industrial),"Electricity, Gas, Water and Waste Services",Medium business,2,
2023,West Melbourne (Industrial),Manufacturing,Medium business,4,188
2023,West Melbourne (Industrial),"Professional, Scientific and Technical Services",Medium business,2,
2023,West Melbourne (Industrial),"Professional, Scientific and Technical Services",Small business,1,
2023,West Melbourne (Industrial),Retail Trade,Small business,5,39
2023,West Melbourne (Industrial),"Transport, Postal and Warehousing",Large business,5,2336
2023,West Melbourne (Industrial),"Transport, Postal and Warehousing",Medium business,15,1033
2023,West Melbourne (Industrial),"Transport, Postal and Warehousing",Non employing,18,0
2023,West Melbourne (Industrial),Wholesale Trade,Medium business,6,299
2023,West Melbourne (Residential),Accommodation and Food Services,Large business,1,
2023,West Melbourne (Residential),Accommodation and Food Services,Small business,62,365
2023,West Melbourne (Residential),Health Care and Social Assistance,Large business,2,
2023,West Melbourne (Residential),Health Care and Social Assistance,Medium business,2,
2023,West Melbourne (Residential),Other Services,Medium business,4,244
2023,West Melbourne (Residential),"Professional, Scientific and Technical Services",Non employing,1,
2023,West Melbourne (Residential),Public Administration and Safety,Medium business,1,
2023,West Melbourne (Residential),"Rental, Hiring and Real Estate Services",Non employing,1,
2023,West Melbourne (Residential),Retail Trade,Small business,34,156
2023,West Melbourne (Residential),Wholesale Trade,Medium business,1,
2024,Carlton,Accommodation and Food Services,Non employing,37,0
2024,Carlton,Administrative and Support Services,Small business,6,25
2024,Carlton,Arts and Recreation Services,Medium business,5,359
2024,Carlton,Construction,Medium business,2,
2024,Carlton,Education and Training,Medium business,31,1705
2024,Carlton,Education and Training,Non employing,12,0
2024,Carlton,Education and Training,Small business,38,260
2024,Carlton,Financial and Insurance Services,Medium business,5,122
2024,Carlton,Financial and Insurance Services,Small business,16,108
2024,Carlton,Health Care and Social Assistance,Medium business,16,1116
2024,Carlton,Manufacturing,Medium business,1,
2024,Carlton,Other Services,Large business,1,
2024,Carlton,Other Services,Non employing,10,0
2024,Carlton,Wholesale Trade,Medium business,2,
2024,Docklands,Accommodation and Food Services,Medium business,31,1250
2024,Docklands,Accommodation and Food Services,Non employing,3,0
2024,Docklands,Administrative and Support Services,Medium business,4,126
2024,Docklands,Arts and Recreation Services,Medium business,4,204
2024,Docklands,Construction,Medium business,7,228
2024,Docklands,Education and Training,Medium business,8,901
2024,Docklands,Health Care and Social Assistance,Small business,33,139
2024,Docklands,Manufacturing,Medium business,2,
2024,Docklands,Other Services,Large business,1,
2024,Docklands,"Professional, Scientific and Technical Services",Medium business,22,1138
2024,Docklands,Public Administration and Safety,Large business,5,8505
2024,Docklands,Public Administration and Safety,Small business,7,45
2024,Docklands,"Rental, Hiring and Real Estate Services",Small business,58,363
2024,Docklands,Retail Trade,Large business,3,824
2024,Docklands,Retail Trade,Medium business,11,831
2024,Docklands,Retail Trade,Non employing,1,
2024,Docklands,Retail Trade,Small business,149,723
2024,Docklands,"Transport, Postal and Warehousing",Non employing,4,0
2024,Docklands,"Transport, Postal and Warehousing",Small business,16,111
2024,Docklands,Wholesale Trade,Large business,3,1222
2024,East Melbourne,Accommodation and Food Services,Non employing,6,0
2024,East Melbourne,Administrative and Support Services,Medium business,3,145
2024,East Melbourne,Arts and Recreation Services,Medium business,3,112
2024,East Melbourne,Construction,Small business,4,18
2024,East Melbourne,"Electricity, Gas, Water and Waste Services",Small business,1,
2024,East Melbourne,Financial and Insurance Services,Medium business,3,234
2024,East Melbourne,Information Media and Telecommunications,Small business,2,
2024,East Melbourne,Manufacturing,Large business,2,
2024,East Melbourne,Other Services,Non employing,8,0
2024,East Melbourne,Other Services,Small business,22,91
2024,East Melbourne,"Professional, Scientific and Technical Services",Small business,27,200
2024,East Melbourne,Public Administration and Safety,Non employing,1,
2024,Kensington,Accommodation and Food Services,Small business,50,294
2024,Kensington,Arts and Recreation Services,Small business,10,61
2024,Kensington,Construction,Medium business,5,150
2024,Kensington,Health Care and Social Assistance,Medium business,8,384
2024,Kensington,Health Care and Social Assistance,Small business,20,145
2024,Kensington,Information Media and Telecommunications,Medium business,1,
2024,Kensington,Information Media and Telecommunications,Non employing,3,0
2024,Kensington,Other Services,Medium business,3,116
2024,Kensington,"Professional, Scientific and Technical Services",Large business,1,
2024,Kensington,Public Administration and Safety,Small business,2,
2024,Kensington,"Rental, Hiring and Real Estate Services",Non employing,1,
2024,Kensington,"Rental, Hiring and Real Estate Services",Small business,10,47
2024,Kensington,Retail Trade,Small business,32,176
2024,Kensington,Wholesale Trade,Non employing,3,0
2024,Melbourne (CBD),Administrative and Support Services,Large business,10,4237
2024,Melbourne (CBD),Administrative and Support Services,Small business,150,1206
2024,Melbourne (CBD),"Agriculture, Forestry and Fishing",Small business,2,
2024,Melbourne (CBD),Arts and Recreation Services,Large business,2,
2024,Melbourne (CBD),Construction,Large business,5,1341
2024,Melbourne (CBD),Construction,Small business,59,498
2024,Melbourne (CBD),"Electricity, Gas, Water and Waste Services",Non employing,34,0
2024,Melbourne (CBD),"Electricity, Gas, Water and Waste Services",Small business,14,127
2024,Melbourne (CBD),Financial and Insurance Services,Large business,41,26203
2024,Melbourne (CBD),Financial and Insurance Services,Small business,335,2580
2024,Melbourne (CBD),Information Media and Telecommunications,Non employing,3,0
2024,Melbourne (CBD),Other Services,Small business,750,3552
2024,Melbourne (CBD),"Professional, Scientific and Technical Services",Large business,52,24971
2024,Melbourne (CBD),"Professional, Scientific and Technical Services",Non employing,5,0
2024,Melbourne (CBD),"Professional, Scientific and Technical Services",Small business,877,6484
2024,Melbourne (CBD),Public Administration and Safety,Medium business,77,6324
2024,Melbourne (CBD),Public Administration and Safety,Non employing,6,0
2024,Melbourne (CBD),"Rental, Hiring and Real Estate Services",Small business,149,986
2024,Melbourne (CBD),Retail Trade,Large business,4,2298
2024,Melbourne (CBD),Retail Trade,Non employing,9,0
2024,Melbourne (CBD),"Transport, Postal and Warehousing",Large business,2,
2024,Melbourne (CBD),"Transport, Postal and Warehousing",Small business,33,242
2024,Melbourne (CBD),Wholesale Trade,Medium business,7,381
2024,Melbourne (Remainder),Accommodation and Food Services,Non employing,2,
2024,Melbourne (Remainder),Arts and Recreation Services,Non employing,23,0
2024,Melbourne (Remainder),Construction,Medium business,2,
2024,Melbourne (Remainder),Construction,Non employing,1,
2024,Melbourne (Remainder),Construction,Small business,6,30
2024,Melbourne (Remainder),"Electricity, Gas, Water and Waste Services",Medium business,1,
2024,Melbourne (Remainder),Financial and Insurance Services,Medium business,6,369
2024,Melbourne (Remainder),Financial and Insurance Services,Small business,9,77
2024,Melbourne (Remainder),Health Care and Social Assistance,Medium business,7,509
2024,Melbourne (Remainder),Health Care and Social Assistance,Small business,47,192
2024,Melbourne (Remainder),Information Media and Telecommunications,Medium business,1,
2024,Melbourne (Remainder),Other Services,Medium business,1,
2024,Melbourne (Remainder),"Professional, Scientific and Technical Services",Medium business,5,279
2024,Melbourne (Remainder),"Rental, Hiring and Real Estate Services",Small business,7,40
2024,Melbourne (Remainder),Retail Trade,Large business,1,
2024,Melbourne (Remainder),"Transport, Postal and Warehousing",Non employing,2,
2024,Melbourne (Remainder),"Transport, Postal and Warehousing",Small business,5,49
2024,Melbourne (Remainder),Wholesale Trade,Large business,1,
2024,North Melbourne,Administrative and Support Services,Medium business,5,368
2024,North Melbourne,Administrative and Support Services,Small business,20,116
2024,North Melbourne,"Agriculture, Forestry and Fishing",Small business,1,
2024,North Melbourne,Arts and Recreation Services,Large business,1,
2024,North Melbourne,Arts and Recreation Services,Medium business,1,
2024,North Melbourne,Construction,Small business,21,184
2024,North Melbourne,Financial and Insurance Services,Non employing,2,
2024,North Melbourne,Financial and Insurance Services,Small business,7,36
2024,North Melbourne,Health Care and Social Assistance,Large business,1,
2024,North Melbourne,Health Care and Social Assistance,Medium business,16,675
2024,North Melbourne,Health Care and Social Assistance,Non employing,3,0
2024,North Melbourne,Health Care and Social Assistance,Small business,80,432
2024,North Melbourne,Information Media and Telecommunications,Non employing,2,
2024,North Melbourne,Manufacturing,Medium business,5,208
2024,North Melbourne,Other Services,Medium business,7,448
2024,North Melbourne,Other Services,Non employing,15,0
2024,North Melbourne,"Professional, Scientific and Technical Services",Medium business,20,876
2024,North Melbourne,"Professional, Scientific and Technical Services",Small business,91,514
2024,North Melbourne,Public Administration and Safety,Medium business,4,237
2024,North Melbourne,Public Administration and Safety,Non employing,2,
2024,North Melbourne,"Rental, Hiring and Real Estate Services",Medium business,1,
2024,North Melbourne,Retail Trade,Non employing,1,
2024,North Melbourne,Wholesale Trade,Non employing,1,
2024,Parkville,Accommodation and Food Services,Small business,56,330
2024,Parkville,Administrative and Support Services,Medium business,2,
2024,Parkville,Arts and Recreation Services,Small business,7,39
2024,Parkville,Education and Training,Large business,9,3522
2024,Parkville,Education and Training,Medium business,43,3610
2024,Parkville,Health Care and Social Assistance,Large business,8,25616
2024,Parkville,Health Care and Social Assistance,Medium business,13,732
2024,Parkville,Manufacturing,Large business,1,
2024,Parkville,Other Services,Non employing,6,0
2024,Parkville,"Professional, Scientific and Technical Services",Medium business,9,575
2024,Parkville,Public Administration and Safety,Medium business,1,
2024,Parkville,"Transport, Postal and Warehousing",Non employing,2,
2024,Parkville,"Transport, Postal and Warehousing",Small business,2,
2024,Port Melbourne,Accommodation and Food Services,Medium business,3,108
2024,Port Melbourne,Arts and Recreation Services,Non employing,5,0
2024,Port Melbourne,Arts and Recreation Services,Small business,7,35
2024,Port Melbourne,Construction,Non employing,2,
2024,Port Melbourne,Construction,Small business,45,344
2024,Port Melbourne,Education and Training,Medium business,1,
2024,Port Melbourne,Education and Training,Small business,4,23
2024,Port Melbourne,"Electricity, Gas, Water and Waste Services",Medium business,1,
2024,Port Melbourne,Health Care and Social Assistance,Medium business,2,
2024,Port Melbourne,Information Media and Telecommunications,Medium business,9,330
2024,Port Melbourne,"Professional, Scientific and Technical Services",Large business,1,
2024,Port Melbourne,"Professional, Scientific and Technical Services",Medium business,14,778
2024,Port Melbourne,Public Administration and Safety,Medium business,7,316
2024,Port Melbourne,"Rental, Hiring and Real Estate Services",Small business,13,100
2024,Port Melbourne,Retail Trade,Small business,23,127
2024,Port Melbourne,"Transport, Postal and Warehousing",Large business,2,
2024,Port Melbourne,"Transport, Postal and Warehousing",Non employing,3,0
2024,Port Melbourne,"Transport, Postal and Warehousing",Small business,20,181
2024,South Yarra,Arts and Recreation Services,Non employing,4,0
2024,South Yarra,Education and Training,Large business,1,
2024,South Yarra,Education and Training,Small business,3,31
2024,South Yarra,Manufacturing,Small business,1,
2024,South Yarra,Other Services,Small business,6,30
2024,Southbank,Accommodation and Food Services,Non employing,5,0
2024,Southbank,Accommodation and Food Services,Small business,123,1057
2024,Southbank,Administrative and Support Services,Medium business,10,503
2024,Southbank,Administrative and Support Services,Small business,9,85
2024,Southbank,"Agriculture, Forestry and Fishing",Medium business,1,
2024,Southbank,"Agriculture, Forestry and Fishing",Small business,1,
2024,Southbank,Arts and Recreation Services,Large business,6,9959
2024,Southbank,Arts and Recreation Services,Medium business,14,1144
2024,Southbank,Arts and Recreation Services,Non employing,15,0
2024,Southbank,Construction,Large business,1,
2024,Southbank,Education and Training,Medium business,8,629
2024,Southbank,"Electricity, Gas, Water and Waste Services",Non employing,20,0
2024,Southbank,"Electricity, Gas, Water and Waste Services",Small business,4,49
2024,Southbank,Financial and Insurance Services,Medium business,11,951
2024,Southbank,Manufacturing,Large business,2,
2024,Southbank,Mining,Large business,1,
2024,Southbank,Other Services,Medium business,3,171
2024,Southbank,"Professional, Scientific and Technical Services",Large business,7,4629
2024,Southbank,Public Administration and Safety,Large business,1,
2024,Southbank,Public Administration and Safety,Small business,2,
2024,Southbank,Retail Trade,Large business,1,
2024,Southbank,Retail Trade,Non employing,1,
2024,Southbank,"Transport, Postal and Warehousing",Medium business,4,206
2024,West Melbourne (Industrial),Administrative and Support Services,Small business,1,
2024,West Melbourne (Industrial),Arts and Recreation Services,Small business,1,
2024,West Melbourne (Industrial),Construction,Non employing,4,0
2024,West Melbourne (Industrial),"Electricity, Gas, Water and Waste Services",Non employing,5,0
2024,West Melbourne (Industrial),"Electricity, Gas, Water and Waste Services",Small business,2,
2024,West Melbourne (Industrial),Health Care and Social Assistance,Medium business,1,
2024,West Melbourne (Industrial),Other Services,Medium business,1,
2024,West Melbourne (Industrial),Other Services,Small business,5,28
2024,West Melbourne (Industrial),"Professional, Scientific and Technical Services",Medium business,2,
2024,West Melbourne (Industrial),"Professional, Scientific and Technical Services",Small business,1,
2024,West Melbourne (Industrial),Public Administration and Safety,Medium business,1,
2024,West Melbourne (Industrial),"Rental, Hiring and Real Estate Services",Small business,2,
2024,West Melbourne (Industrial),Retail Trade,Small business,5,39
2024,West Melbourne (Industrial),"Transport, Postal and Warehousing",Large business,5,2336
2024,West Melbourne (Industrial),"Transport, Postal and Warehousing",Non employing,18,0
2024,West Melbourne (Industrial),"Transport, Postal and Warehousing",Small business,10,98
2024,West Melbourne (Industrial),Wholesale Trade,Small business,22,151
2024,West Melbourne (Residential),Administrative and Support Services,Small business,3,23
2024,West Melbourne (Residential),Arts and Recreation Services,Medium business,2,
2024,West Melbourne (Residential),Arts and Recreation Services,Small business,11,47
2024,West Melbourne (Residential),Construction,Small business,10,90
2024,West Melbourne (Residential),Education and Training,Medium business,4,304
2024,West Melbourne (Residential),Health Care and Social Assistance,Large business,2,
2024,West Melbourne (Residential),Manufacturing,Medium business,1,
2024,West Melbourne (Residential),"Professional, Scientific and Technical Services",Small business,64,421
2024,West Melbourne (Residential),Public Administration and Safety,Small business,3,28
2024,West Melbourne (Residential),"Rental, Hiring and Real Estate Services",Small business,6,43
2024,West Melbourne (Residential),Wholesale Trade,Non employing,1,
2005,Parkville,Retail Trade,Non employing,1,
2005,Port Melbourne,Accommodation and Food Services,Medium business,2,
2005,Port Melbourne,Administrative and Support Services,Medium business,1,
2005,Port Melbourne,Administrative and Support Services,Small business,9,66
2005,Port Melbourne,Construction,Small business,9,53
2005,Port Melbourne,Manufacturing,Medium business,15,1027
2005,Port Melbourne,Manufacturing,Small business,15,152
2005,Port Melbourne,Retail Trade,Small business,11,84
2005,Port Melbourne,Wholesale Trade,Small business,27,203
2005,South Yarra,Education and Training,Non employing,3,0
2005,South Yarra,Health Care and Social Assistance,Small business,4,29
2005,South Yarra,"Professional, Scientific and Technical Services",Small business,3,9
2005,South Yarra,Retail Trade,Small business,10,44
2005,Southbank,Accommodation and Food Services,Medium business,45,1744
2005,Southbank,Accommodation and Food Services,Small business,58,490
2005,Southbank,Administrative and Support Services,Large business,3,691
2005,Southbank,Administrative and Support Services,Medium business,6,206
2005,Southbank,"Agriculture, Forestry and Fishing",Small business,1,
2005,Southbank,Arts and Recreation Services,Medium business,7,407
2005,Southbank,Arts and Recreation Services,Non employing,8,0
2005,Southbank,Arts and Recreation Services,Small business,22,126
2005,Southbank,Education and Training,Large business,2,
2005,Southbank,Financial and Insurance Services,Medium business,7,382
2005,Southbank,Health Care and Social Assistance,Large business,1,
2005,Southbank,Information Media and Telecommunications,Medium business,19,1682
2005,Southbank,Information Media and Telecommunications,Small business,12,106
2005,Southbank,Mining,Large business,2,
2005,Southbank,Mining,Medium business,1,
2005,Southbank,Other Services,Non employing,5,0
2005,Southbank,"Professional, Scientific and Technical Services",Non employing,1,
2005,Southbank,"Professional, Scientific and Technical Services",Small business,52,414
2005,Southbank,Public Administration and Safety,Medium business,6,238
2005,Southbank,"Rental, Hiring and Real Estate Services",Medium business,2,
2005,Southbank,"Transport, Postal and Warehousing",Medium business,5,255
2005,Southbank,Wholesale Trade,Small business,19,120
2005,West Melbourne (Industrial),Accommodation and Food Services,Small business,9,40
2005,West Melbourne (Industrial),Information Media and Telecommunications,Small business,3,6
2005,West Melbourne (Industrial),Other Services,Medium business,2,
2005,West Melbourne (Industrial),Other Services,Small business,5,46
2005,West Melbourne (Industrial),"Professional, Scientific and Technical Services",Small business,3,13
2005,West Melbourne (Industrial),Public Administration and Safety,Small business,4,31
2005,West Melbourne (Industrial),"Rental, Hiring and Real Estate Services",Medium business,1,
2005,West Melbourne (Industrial),"Transport, Postal and Warehousing",Large business,4,1397
2005,West Melbourne (Industrial),Wholesale Trade,Small business,201,1342
2005,West Melbourne (Residential),Accommodation and Food Services,Small business,50,273
2005,West Melbourne (Residential),Arts and Recreation Services,Small business,11,68
2005,West Melbourne (Residential),"Electricity, Gas, Water and Waste Services",Non employing,8,0
2005,West Melbourne (Residential),"Electricity, Gas, Water and Waste Services",Small business,1,
2005,West Melbourne (Residential),Health Care and Social Assistance,Medium business,4,217
2005,West Melbourne (Residential),Information Media and Telecommunications,Non employing,1,
2005,West Melbourne (Residential),Manufacturing,Medium business,5,169
2005,West Melbourne (Residential),Manufacturing,Small business,29,171
2005,West Melbourne (Residential),Other Services,Medium business,4,136
2005,West Melbourne (Residential),"Professional, Scientific and Technical Services",Small business,72,354
2005,West Melbourne (Residential),Retail Trade,Non employing,1,
2005,West Melbourne (Residential),Retail Trade,Small business,49,202
2005,West Melbourne (Residential),"Transport, Postal and Warehousing",Small business,21,127
2005,West Melbourne (Residential),Wholesale Trade,Medium business,4,171
2005,West Melbourne (Residential),Wholesale Trade,Small business,44,227
2006,Carlton,Accommodation and Food Services,Small business,188,1333
2006,Carlton,Manufacturing,Small business,31,170
2006,Carlton,Public Administration and Safety,Small business,9,31
2006,Carlton,"Rental, Hiring and Real Estate Services",Small business,20,103
2006,Carlton,Retail Trade,Medium business,8,378
2006,Carlton,Retail Trade,Non employing,3,0
2006,Carlton,"Transport, Postal and Warehousing",Small business,7,39
2006,Carlton,Wholesale Trade,Small business,24,101
2006,Docklands,Accommodation and Food Services,Medium business,14,700
2006,Docklands,"Agriculture, Forestry and Fishing",Small business,2,
2006,Docklands,Arts and Recreation Services,Large business,1,
2006,Docklands,Arts and Recreation Services,Small business,12,48
2006,Docklands,Construction,Medium business,1,
2006,Docklands,Education and Training,Small business,2,
2006,Docklands,Financial and Insurance Services,Small business,5,30
2006,Docklands,Manufacturing,Non employing,2,
2006,Docklands,Other Services,Small business,16,48
2006,Docklands,"Professional, Scientific and Technical Services",Large business,1,
2006,Docklands,Public Administration and Safety,Non employing,2,
2006,Docklands,"Rental, Hiring and Real Estate Services",Small business,13,72
2006,Docklands,Retail Trade,Medium business,1,
2006,Docklands,Retail Trade,Non employing,1,
2006,Docklands,"Transport, Postal and Warehousing",Large business,1,
2006,Docklands,"Transport, Postal and Warehousing",Medium business,8,333
2006,East Melbourne,Accommodation and Food Services,Large business,3,1872
2006,East Melbourne,Accommodation and Food Services,Medium business,6,189
2006,East Melbourne,Accommodation and Food Services,Non employing,3,0
2006,East Melbourne,Administrative and Support Services,Small business,10,69
2006,East Melbourne,Arts and Recreation Services,Medium business,7,382
2006,East Melbourne,Arts and Recreation Services,Non employing,17,0
2006,East Melbourne,Education and Training,Small business,5,53
2006,East Melbourne,Financial and Insurance Services,Large business,1,
2006,East Melbourne,Financial and Insurance Services,Medium business,5,445
2006,East Melbourne,Health Care and Social Assistance,Non employing,5,0
2006,East Melbourne,Information Media and Telecommunications,Medium business,3,185
2006,East Melbourne,Manufacturing,Small business,4,8
2006,East Melbourne,Other Services,Large business,1,
2006,East Melbourne,"Professional, Scientific and Technical Services",Large business,1,
2006,East Melbourne,Public Administration and Safety,Medium business,7,553
2006,East Melbourne,Public Administration and Safety,Small business,6,41
2006,East Melbourne,Retail Trade,Non employing,2,
2006,East Melbourne,Wholesale Trade,Small business,5,34
2006,Kensington,Arts and Recreation Services,Large business,2,
2006,Kensington,"Electricity, Gas, Water and Waste Services",Non employing,5,0
2006,Kensington,Health Care and Social Assistance,Medium business,1,
2006,Kensington,Information Media and Telecommunications,Non employing,1,
2006,Kensington,Other Services,Medium business,1,
2006,Kensington,Public Administration and Safety,Non employing,1,
2006,Kensington,Public Administration and Safety,Small business,1,
2006,Kensington,"Rental, Hiring and Real Estate Services",Small business,1,
2006,Kensington,Retail Trade,Small business,11,95
2006,Kensington,"Transport, Postal and Warehousing",Medium business,2,
2006,Kensington,Wholesale Trade,Medium business,1,
2006,Kensington,Wholesale Trade,Small business,14,109
2006,Melbourne (CBD),Accommodation and Food Services,Large business,5,1638
2006,Melbourne (CBD),Accommodation and Food Services,Small business,1068,7695
2006,Melbourne (CBD),Administrative and Support Services,Large business,3,2085
2006,Melbourne (CBD),Arts and Recreation Services,Non employing,14,0
2006,Melbourne (CBD),Construction,Large business,2,
2006,Melbourne (CBD),Education and Training,Large business,8,4790
2006,Melbourne (CBD),Education and Training,Medium business,63,3760
2006,Melbourne (CBD),Education and Training,Non employing,3,0
2006,Melbourne (CBD),"Electricity, Gas, Water and Waste Services",Large business,3,1704
2006,Melbourne (CBD),Financial and Insurance Services,Small business,486,3360
2006,Melbourne (CBD),Information Media and Telecommunications,Large business,18,15238
2006,Melbourne (CBD),Information Media and Telecommunications,Medium business,51,3088
2006,Melbourne (CBD),Information Media and Telecommunications,Non employing,11,0
2006,Melbourne (CBD),Manufacturing,Medium business,8,372
2006,Melbourne (CBD),Manufacturing,Small business,256,798
2006,Melbourne (CBD),"Professional, Scientific and Technical Services",Large business,33,16321
2006,Melbourne (CBD),Public Administration and Safety,Small business,64,451
2006,Melbourne (CBD),"Rental, Hiring and Real Estate Services",Medium business,26,1227
2006,Melbourne (CBD),"Rental, Hiring and Real Estate Services",Non employing,7,0
2006,Melbourne (CBD),"Rental, Hiring and Real Estate Services",Small business,132,751
2006,Melbourne (CBD),Retail Trade,Large business,6,3588
2006,Melbourne (CBD),"Transport, Postal and Warehousing",Medium business,27,1819
2006,Melbourne (CBD),Wholesale Trade,Non employing,1,
2006,Melbourne (Remainder),Accommodation and Food Services,Large business,2,
2006,Melbourne (Remainder),Accommodation and Food Services,Small business,19,133
2006,Melbourne (Remainder),"Agriculture, Forestry and Fishing",Small business,1,
2006,Melbourne (Remainder),"Electricity, Gas, Water and Waste Services",Non employing,3,0
2006,Melbourne (Remainder),Financial and Insurance Services,Small business,25,195
2006,Melbourne (Remainder),Health Care and Social Assistance,Large business,2,
2006,Melbourne (Remainder),Health Care and Social Assistance,Non employing,1,
2006,Melbourne (Remainder),"Rental, Hiring and Real Estate Services",Small business,4,26
2006,Melbourne (Remainder),Retail Trade,Medium business,1,
2006,Melbourne (Remainder),Retail Trade,Small business,20,109
2006,Melbourne (Remainder),"Transport, Postal and Warehousing",Medium business,1,
2006,Melbourne (Remainder),Wholesale Trade,Small business,8,69
2006,North Melbourne,Accommodation and Food Services,Small business,90,487
2006,North Melbourne,Administrative and Support Services,Small business,17,79
2006,North Melbourne,"Agriculture, Forestry and Fishing",Small business,2,
2006,North Melbourne,Arts and Recreation Services,Non employing,12,0
2006,North Melbourne,Arts and Recreation Services,Small business,26,91
2006,North Melbourne,Construction,Non employing,1,
2006,North Melbourne,Construction,Small business,14,95
2006,North Melbourne,Education and Training,Non employing,1,
2006,North Melbourne,Education and Training,Small business,13,112
2006,North Melbourne,"Electricity, Gas, Water and Waste Services",Non employing,20,0
2006,North Melbourne,Financial and Insurance Services,Medium business,2,
2006,North Melbourne,Health Care and Social Assistance,Medium business,5,313
2006,North Melbourne,Health Care and Social Assistance,Small business,41,193
2006,North Melbourne,Manufacturing,Medium business,6,201
2006,North Melbourne,Manufacturing,Small business,65,329
2006,North Melbourne,Mining,Small business,1,
2006,North Melbourne,Other Services,Medium business,6,281
2006,North Melbourne,Public Administration and Safety,Medium business,3,142
2006,North Melbourne,"Rental, Hiring and Real Estate Services",Non employing,1,
2006,North Melbourne,"Rental, Hiring and Real Estate Services",Small business,21,115
2006,North Melbourne,"Transport, Postal and Warehousing",Medium business,5,150
2006,North Melbourne,"Transport, Postal and Warehousing",Small business,31,217
2006,Parkville,Accommodation and Food Services,Medium business,12,494
2006,Parkville,Accommodation and Food Services,Non employing,1,
2006,Parkville,"Agriculture, Forestry and Fishing",Small business,1,
2006,Parkville,Arts and Recreation Services,Large business,1,
2006,Parkville,Education and Training,Large business,2,
2006,Parkville,Education and Training,Medium business,6,390
2006,Parkville,Health Care and Social Assistance,Medium business,2,
2006,Parkville,Information Media and Telecommunications,Non employing,2,
2006,Parkville,Information Media and Telecommunications,Small business,1,
2006,Parkville,Manufacturing,Large business,1,
2006,Parkville,Other Services,Small business,19,121
2006,Parkville,"Professional, Scientific and Technical Services",Medium business,3,330
2006,Port Melbourne,"Agriculture, Forestry and Fishing",Small business,1,
2006,Port Melbourne,Financial and Insurance Services,Non employing,1,
2006,Port Melbourne,Financial and Insurance Services,Small business,7,23
2006,Port Melbourne,Manufacturing,Large business,7,5103
2006,Port Melbourne,Mining,Small business,2,
2006,Port Melbourne,Other Services,Small business,6,36
2006,Port Melbourne,"Professional, Scientific and Technical Services",Medium business,12,595
2006,Port Melbourne,"Rental, Hiring and Real Estate Services",Medium business,2,
2006,Port Melbourne,"Rental, Hiring and Real Estate Services",Small business,2,
2006,Port Melbourne,Retail Trade,Small business,19,172
2006,Port Melbourne,"Transport, Postal and Warehousing",Non employing,5,0
2006,Port Melbourne,"Transport, Postal and Warehousing",Small business,19,170
2006,Port Melbourne,Wholesale Trade,Large business,3,870
2006,Port Melbourne,Wholesale Trade,Small business,35,299
2006,South Yarra,Accommodation and Food Services,Non employing,2,
2006,South Yarra,Accommodation and Food Services,Small business,11,76
2006,South Yarra,Arts and Recreation Services,Non employing,5,0
2006,South Yarra,"Electricity, Gas, Water and Waste Services",Non employing,5,0
2006,South Yarra,Information Media and Telecommunications,Non employing,1,
2006,Southbank,Arts and Recreation Services,Large business,5,10687
2006,Southbank,Arts and Recreation Services,Small business,18,97
2006,Southbank,"Electricity, Gas, Water and Waste Services",Large business,1,
2006,Southbank,"Electricity, Gas, Water and Waste Services",Medium business,1,
2006,Southbank,"Electricity, Gas, Water and Waste Services",Small business,1,
2006,Southbank,Financial and Insurance Services,Medium business,7,538
2006,Southbank,Health Care and Social Assistance,Small business,15,64
2006,Southbank,Information Media and Telecommunications,Small business,6,73
2006,Southbank,Manufacturing,Large business,3,2605
2006,Southbank,Manufacturing,Medium business,7,722
2006,Southbank,Mining,Small business,3,22
2006,Southbank,"Professional, Scientific and Technical Services",Large business,4,2260
2006,Southbank,"Professional, Scientific and Technical Services",Medium business,35,2022
2006,Southbank,"Professional, Scientific and Technical Services",Non employing,1,
2006,Southbank,Public Administration and Safety,Medium business,7,338
2006,Southbank,Public Administration and Safety,Small business,2,
2006,Southbank,"Rental, Hiring and Real Estate Services",Large business,1,
2006,Southbank,Retail Trade,Medium business,5,315
2006,Southbank,Retail Trade,Small business,95,574
2006,Southbank,"Transport, Postal and Warehousing",Small business,7,32
2006,Southbank,Wholesale Trade,Large business,1,
2006,West Melbourne (Industrial),Arts and Recreation Services,Non employing,7,0
2006,West Melbourne (Industrial),Construction,Small business,4,23
2006,West Melbourne (Industrial),Information Media and Telecommunications,Small business,3,6
2006,West Melbourne (Industrial),Other Services,Small business,5,46
2006,West Melbourne (Industrial),Retail Trade,Small business,7,56
2006,West Melbourne (Industrial),"Transport, Postal and Warehousing",Large business,4,1397
2006,West Melbourne (Industrial),"Transport, Postal and Warehousing",Non employing,31,0
2006,West Melbourne (Industrial),Wholesale Trade,Medium business,34,1243
2006,West Melbourne (Residential),Accommodation and Food Services,Non employing,2,
2006,West Melbourne (Residential),Accommodation and Food Services,Small business,50,273
2006,West Melbourne (Residential),Construction,Medium business,2,
2006,West Melbourne (Residential),Construction,Small business,8,71
2006,West Melbourne (Residential),"Electricity, Gas, Water and Waste Services",Small business,1,
2006,West Melbourne (Residential),Financial and Insurance Services,Medium business,2,
2006,West Melbourne (Residential),Health Care and Social Assistance,Small business,14,93
2006,West Melbourne (Residential),Information Media and Telecommunications,Medium business,5,208
2006,West Melbourne (Residential),Other Services,Medium business,4,136
2006,West Melbourne (Residential),Other Services,Small business,63,278
2006,West Melbourne (Residential),"Professional, Scientific and Technical Services",Medium business,11,778
2006,West Melbourne (Residential),"Professional, Scientific and Technical Services",Non employing,2,
2006,West Melbourne (Residential),Public Administration and Safety,Large business,1,
2006,West Melbourne (Residential),"Rental, Hiring and Real Estate Services",Medium business,1,
2006,West Melbourne (Residential),"Transport, Postal and Warehousing",Large business,1,
2006,West Melbourne (Residential),"Transport, Postal and Warehousing",Medium business,1,
2006,West Melbourne (Residential),"Transport, Postal and Warehousing",Small business,21,127
2006,West Melbourne (Residential),Wholesale Trade,Medium business,4,171
2006,West Melbourne (Residential),Wholesale Trade,Small business,44,227
2007,Carlton,Accommodation and Food Services,Small business,207,1503
2007,Carlton,Construction,Small business,9,55
2007,Carlton,Education and Training,Large business,4,1148
2007,Carlton,Education and Training,Non employing,4,0
2007,Carlton,Information Media and Telecommunications,Medium business,7,248
2007,Carlton,Information Media and Telecommunications,Small business,15,113
2007,Carlton,Other Services,Medium business,21,1217
2007,Carlton,Retail Trade,Medium business,5,272
2007,Carlton,Retail Trade,Non employing,5,0
2007,Carlton,Wholesale Trade,Large business,1,
2007,Docklands,Accommodation and Food Services,Medium business,14,748
2007,Docklands,Accommodation and Food Services,Small business,102,874
2007,Docklands,Administrative and Support Services,Medium business,3,334
2007,Docklands,Administrative and Support Services,Small business,16,91
2007,Docklands,Arts and Recreation Services,Medium business,3,210
2007,Docklands,Arts and Recreation Services,Non employing,6,0
2007,Docklands,Arts and Recreation Services,Small business,14,53
2007,Docklands,Construction,Medium business,5,245
2007,Docklands,Construction,Small business,10,57
2007,Docklands,Education and Training,Small business,4,20
2007,Docklands,"Electricity, Gas, Water and Waste Services",Non employing,8,0
2007,Docklands,Financial and Insurance Services,Non employing,1,
2007,Docklands,Financial and Insurance Services,Small business,12,40
2007,Docklands,Health Care and Social Assistance,Small business,9,57
2007,Docklands,Information Media and Telecommunications,Large business,3,1736
2007,Docklands,"Professional, Scientific and Technical Services",Medium business,3,255
2007,Docklands,"Professional, Scientific and Technical Services",Non employing,1,
2007,Docklands,Public Administration and Safety,Medium business,5,424
2007,Docklands,Public Administration and Safety,Small business,2,
2007,Docklands,"Rental, Hiring and Real Estate Services",Medium business,3,123
2007,Docklands,Retail Trade,Non employing,1,
2007,Docklands,Retail Trade,Small business,153,897
2007,Docklands,"Transport, Postal and Warehousing",Large business,2,
2007,Docklands,Wholesale Trade,Small business,9,42
2007,East Melbourne,Accommodation and Food Services,Medium business,5,187
2007,East Melbourne,Accommodation and Food Services,Small business,54,353
2007,East Melbourne,Arts and Recreation Services,Medium business,9,426
2007,East Melbourne,Construction,Small business,4,25
2007,East Melbourne,Education and Training,Small business,9,69
2007,East Melbourne,"Electricity, Gas, Water and Waste Services",Large business,1,
2007,East Melbourne,"Electricity, Gas, Water and Waste Services",Medium business,2,
2007,East Melbourne,"Electricity, Gas, Water and Waste Services",Non employing,5,0
2007,East Melbourne,Financial and Insurance Services,Large business,1,
2007,East Melbourne,Manufacturing,Medium business,1,
2007,East Melbourne,Other Services,Non employing,5,0
2007,East Melbourne,"Professional, Scientific and Technical Services",Large business,1,
2007,East Melbourne,Public Administration and Safety,Medium business,8,630
2007,East Melbourne,Retail Trade,Non employing,1,
2007,East Melbourne,"Transport, Postal and Warehousing",Non employing,1,
2007,East Melbourne,Wholesale Trade,Small business,4,26
2007,Kensington,Accommodation and Food Services,Medium business,1,
2007,Kensington,Arts and Recreation Services,Non employing,41,0
2007,Kensington,"Electricity, Gas, Water and Waste Services",Non employing,5,0
2007,Kensington,Health Care and Social Assistance,Small business,9,48
2007,Kensington,Information Media and Telecommunications,Non employing,1,
2007,Kensington,Manufacturing,Medium business,7,269
2007,Kensington,Other Services,Small business,12,54
2007,Kensington,"Transport, Postal and Warehousing",Medium business,2,
2007,Kensington,"Transport, Postal and Warehousing",Non employing,1,
2007,Kensington,"Transport, Postal and Warehousing",Small business,2,
2007,Kensington,Wholesale Trade,Small business,14,109
2007,Melbourne (CBD),Accommodation and Food Services,Large business,4,1450
2007,Melbourne (CBD),Accommodation and Food Services,Small business,1095,7749
2007,Melbourne (CBD),Administrative and Support Services,Medium business,84,3882
2007,Melbourne (CBD),"Agriculture, Forestry and Fishing",Small business,6,33
2007,Melbourne (CBD),Arts and Recreation Services,Large business,1,
2007,Melbourne (CBD),Arts and Recreation Services,Small business,98,476
2007,Melbourne (CBD),Construction,Large business,2,
2007,Melbourne (CBD),Construction,Small business,61,422
2007,Melbourne (CBD),Education and Training,Non employing,2,
2007,Melbourne (CBD),"Electricity, Gas, Water and Waste Services",Medium business,8,647
2007,Melbourne (CBD),"Electricity, Gas, Water and Waste Services",Small business,8,77
2007,Melbourne (CBD),Financial and Insurance Services,Medium business,142,7649
2007,Melbourne (CBD),Financial and Insurance Services,Non employing,9,0
2007,Melbourne (CBD),Financial and Insurance Services,Small business,495,3391
2007,Melbourne (CBD),Health Care and Social Assistance,Small business,335,1655
2007,Melbourne (CBD),Manufacturing,Small business,273,845
2007,Melbourne (CBD),Other Services,Small business,563,2284
2007,Melbourne (CBD),"Professional, Scientific and Technical Services",Non employing,15,0
2007,Melbourne (CBD),"Rental, Hiring and Real Estate Services",Small business,141,775
2007,Melbourne (CBD),Retail Trade,Large business,9,4296
2007,Melbourne (CBD),Retail Trade,Small business,1535,7554
2007,Melbourne (CBD),"Transport, Postal and Warehousing",Large business,4,3872
2007,Melbourne (Remainder),Accommodation and Food Services,Large business,2,
2007,Melbourne (Remainder),Arts and Recreation Services,Large business,4,3634
2007,Melbourne (Remainder),Arts and Recreation Services,Medium business,5,178
2007,Melbourne (Remainder),Arts and Recreation Services,Small business,10,69
2007,Melbourne (Remainder),Education and Training,Medium business,1,
2007,Melbourne (Remainder),"Electricity, Gas, Water and Waste Services",Non employing,3,0
2007,Melbourne (Remainder),Financial and Insurance Services,Medium business,10,473
2007,Melbourne (Remainder),Health Care and Social Assistance,Medium business,3,157
2007,Melbourne (Remainder),Health Care and Social Assistance,Non employing,1,
2007,Melbourne (Remainder),Health Care and Social Assistance,Small business,57,235
2007,Melbourne (Remainder),Information Media and Telecommunications,Medium business,4,179
2007,Melbourne (Remainder),Information Media and Telecommunications,Small business,6,34
2007,Melbourne (Remainder),Mining,Medium business,1,
2007,Melbourne (Remainder),Other Services,Small business,21,75
2007,Melbourne (Remainder),Public Administration and Safety,Small business,5,25
2007,Melbourne (Remainder),Retail Trade,Medium business,1,
2007,Melbourne (Remainder),Retail Trade,Non employing,1,
2007,Melbourne (Remainder),"Transport, Postal and Warehousing",Non employing,1,
2007,Melbourne (Remainder),Wholesale Trade,Medium business,2,
2007,North Melbourne,Accommodation and Food Services,Small business,95,556
2007,North Melbourne,Administrative and Support Services,Medium business,5,228
2007,North Melbourne,Administrative and Support Services,Small business,38,227
2007,North Melbourne,Arts and Recreation Services,Medium business,4,225
2007,North Melbourne,Arts and Recreation Services,Non employing,13,0
2007,North Melbourne,Arts and Recreation Services,Small business,29,123
2007,North Melbourne,Construction,Small business,28,227
2007,North Melbourne,"Electricity, Gas, Water and Waste Services",Medium business,1,
2007,North Melbourne,"Electricity, Gas, Water and Waste Services",Small business,1,
2007,North Melbourne,Information Media and Telecommunications,Small business,40,227
2007,North Melbourne,Manufacturing,Medium business,8,369
2007,North Melbourne,Manufacturing,Small business,69,332
2007,North Melbourne,Other Services,Non employing,12,0
2007,North Melbourne,"Professional, Scientific and Technical Services",Medium business,11,709
2007,North Melbourne,"Professional, Scientific and Technical Services",Non employing,2,
2007,North Melbourne,"Professional, Scientific and Technical Services",Small business,132,645
2007,North Melbourne,"Rental, Hiring and Real Estate Services",Medium business,2,
2007,North Melbourne,Retail Trade,Small business,107,490
2007,North Melbourne,Wholesale Trade,Non employing,2,
2007,North Melbourne,Wholesale Trade,Small business,73,456
2007,Parkville,"Agriculture, Forestry and Fishing",Small business,1,
2007,Parkville,Arts and Recreation Services,Small business,4,28
2007,Parkville,Construction,Small business,1,
2007,Parkville,Education and Training,Large business,2,
2007,Parkville,Financial and Insurance Services,Small business,10,83
2007,Parkville,Health Care and Social Assistance,Medium business,3,232
2007,Parkville,Manufacturing,Large business,1,
2007,Parkville,Manufacturing,Small business,2,
2007,Parkville,Other Services,Non employing,5,0
2007,Parkville,Other Services,Small business,19,133
2007,Parkville,"Professional, Scientific and Technical Services",Large business,1,
2007,Parkville,Public Administration and Safety,Small business,2,
2007,Parkville,"Transport, Postal and Warehousing",Small business,5,20
2007,Port Melbourne,Accommodation and Food Services,Small business,6,26
2007,Port Melbourne,Administrative and Support Services,Medium business,1,
2007,Port Melbourne,Construction,Medium business,6,148
2007,Port Melbourne,Construction,Small business,13,88
2007,Port Melbourne,Health Care and Social Assistance,Small business,2,
2007,Port Melbourne,Information Media and Telecommunications,Large business,1,
2007,Port Melbourne,Information Media and Telecommunications,Medium business,1,
2007,Port Melbourne,Other Services,Medium business,1,
2007,Port Melbourne,"Rental, Hiring and Real Estate Services",Medium business,2,
2007,Port Melbourne,"Transport, Postal and Warehousing",Non employing,5,0
2007,Port Melbourne,Wholesale Trade,Large business,3,870
2007,Port Melbourne,Wholesale Trade,Medium business,16,595
2007,Port Melbourne,Wholesale Trade,Small business,35,299
2007,South Yarra,Accommodation and Food Services,Medium business,4,94
2007,South Yarra,Accommodation and Food Services,Small business,11,76
2007,South Yarra,Administrative and Support Services,Non employing,1,
2007,South Yarra,Arts and Recreation Services,Non employing,5,0
2007,South Yarra,Education and Training,Non employing,5,0
2007,South Yarra,Education and Training,Small business,5,48
2007,South Yarra,"Electricity, Gas, Water and Waste Services",Non employing,5,0
2007,South Yarra,Health Care and Social Assistance,Small business,3,19
2007,South Yarra,Other Services,Small business,9,41
2007,Southbank,Accommodation and Food Services,Small business,74,725
2007,Southbank,Administrative and Support Services,Medium business,12,408
2007,Southbank,Administrative and Support Services,Small business,13,80
2007,Southbank,Construction,Medium business,4,201
2007,Southbank,"Electricity, Gas, Water and Waste Services",Large business,1,
2007,Southbank,"Electricity, Gas, Water and Waste Services",Small business,1,
2007,Southbank,Information Media and Telecommunications,Small business,6,73
2007,Southbank,Manufacturing,Small business,10,57
2007,Southbank,Mining,Large business,1,
2007,Southbank,Mining,Medium business,1,
2007,Southbank,Other Services,Small business,45,215
2007,Southbank,"Professional, Scientific and Technical Services",Non employing,1,
2007,Southbank,Public Administration and Safety,Small business,2,
2007,Southbank,"Rental, Hiring and Real Estate Services",Non employing,1,
2007,Southbank,Retail Trade,Medium business,5,315
2007,Southbank,Retail Trade,Small business,95,574
2007,Southbank,"Transport, Postal and Warehousing",Medium business,4,243
2007,Southbank,Wholesale Trade,Large business,1,
2007,Southbank,Wholesale Trade,Small business,13,80
2007,West Melbourne (Industrial),Accommodation and Food Services,Small business,7,31
2007,West Melbourne (Industrial),Construction,Small business,3,21
2007,West Melbourne (Industrial),Financial and Insurance Services,Small business,1,
2007,West Melbourne (Industrial),Other Services,Medium business,1,
2007,West Melbourne (Industrial),"Professional, Scientific and Technical Services",Medium business,1,
2007,West Melbourne (Industrial),"Professional, Scientific and Technical Services",Small business,4,25
2007,West Melbourne (Industrial),"Transport, Postal and Warehousing",Large business,3,2179
2007,West Melbourne (Industrial),"Transport, Postal and Warehousing",Medium business,19,1376
2007,West Melbourne (Industrial),Wholesale Trade,Medium business,27,960
2007,West Melbourne (Industrial),Wholesale Trade,Small business,216,1257
2007,West Melbourne (Residential),Accommodation and Food Services,Medium business,1,
2007,West Melbourne (Residential),Accommodation and Food Services,Small business,50,261
2007,West Melbourne (Residential),Administrative and Support Services,Medium business,2,
2007,West Melbourne (Residential),Construction,Medium business,3,155
2007,West Melbourne (Residential),Construction,Small business,10,74
2007,West Melbourne (Residential),"Electricity, Gas, Water and Waste Services",Non employing,9,0
2007,West Melbourne (Residential),Health Care and Social Assistance,Small business,12,63
2007,West Melbourne (Residential),Information Media and Telecommunications,Medium business,4,126
2007,West Melbourne (Residential),Information Media and Telecommunications,Small business,14,75
2007,West Melbourne (Residential),Manufacturing,Medium business,5,180
2007,West Melbourne (Residential),Other Services,Non employing,4,0
2007,West Melbourne (Residential),Other Services,Small business,57,253
2007,West Melbourne (Residential),"Professional, Scientific and Technical Services",Large business,2,
2007,West Melbourne (Residential),"Rental, Hiring and Real Estate Services",Medium business,2,
2007,West Melbourne (Residential),"Transport, Postal and Warehousing",Large business,1,
2007,West Melbourne (Residential),"Transport, Postal and Warehousing",Medium business,2,
2008,Carlton,Accommodation and Food Services,Medium business,22,713
2008,Carlton,Accommodation and Food Services,Small business,207,1503
2008,Carlton,Administrative and Support Services,Medium business,5,130
2008,Carlton,Administrative and Support Services,Small business,22,125
2008,Carlton,Arts and Recreation Services,Medium business,5,268
2008,Carlton,Arts and Recreation Services,Non employing,17,0
2008,Carlton,Education and Training,Small business,51,357
2008,Carlton,Financial and Insurance Services,Medium business,4,211
2008,Carlton,Health Care and Social Assistance,Large business,2,
2008,Carlton,Health Care and Social Assistance,Medium business,17,885
2008,Carlton,Health Care and Social Assistance,Small business,74,390
2008,Carlton,Information Media and Telecommunications,Non employing,1,
2008,Carlton,Information Media and Telecommunications,Small business,15,113
2008,Carlton,Manufacturing,Small business,31,174
2008,Carlton,Other Services,Medium business,21,1217
2008,Carlton,"Professional, Scientific and Technical Services",Large business,2,
2008,Carlton,"Professional, Scientific and Technical Services",Non employing,4,0
2008,Carlton,"Rental, Hiring and Real Estate Services",Small business,16,75
2008,Carlton,"Transport, Postal and Warehousing",Non employing,1,
2008,Carlton,Wholesale Trade,Large business,1,
2008,Carlton,Wholesale Trade,Medium business,2,
2008,Carlton,Wholesale Trade,Small business,23,107
2008,Docklands,Arts and Recreation Services,Medium business,3,210
2008,Docklands,Education and Training,Small business,4,20
2008,Docklands,Financial and Insurance Services,Small business,12,40
2008,Docklands,Information Media and Telecommunications,Large business,3,1736
2008,Docklands,Manufacturing,Large business,1,
2008,Docklands,Manufacturing,Small business,8,34
2008,Docklands,"Professional, Scientific and Technical Services",Large business,1,
2008,Docklands,Public Administration and Safety,Non employing,1,
2008,Docklands,"Rental, Hiring and Real Estate Services",Small business,30,164
2008,Docklands,"Transport, Postal and Warehousing",Large business,2,
2008,Docklands,"Transport, Postal and Warehousing",Small business,25,154
2008,Docklands,Wholesale Trade,Medium business,1,
2008,East Melbourne,Accommodation and Food Services,Large business,3,2505
2008,East Melbourne,Accommodation and Food Services,Medium business,5,187
2008,East Melbourne,Arts and Recreation Services,Large business,1,
2008,East Melbourne,Construction,Small business,4,25
2008,East Melbourne,"Electricity, Gas, Water and Waste Services",Medium business,2,
2008,East Melbourne,Financial and Insurance Services,Large business,1,
2008,East Melbourne,Financial and Insurance Services,Medium business,10,602
2008,East Melbourne,Health Care and Social Assistance,Large business,5,4311
2008,East Melbourne,Health Care and Social Assistance,Medium business,13,721
2008,East Melbourne,Manufacturing,Large business,1,
2008,East Melbourne,Manufacturing,Small business,4,10
2008,East Melbourne,Other Services,Medium business,11,822
2008,East Melbourne,Public Administration and Safety,Medium business,8,630
2008,East Melbourne,"Rental, Hiring and Real Estate Services",Medium business,1,
2008,East Melbourne,Retail Trade,Non employing,1,
2008,East Melbourne,Retail Trade,Small business,18,84
2008,Kensington,Accommodation and Food Services,Medium business,2,
2008,Kensington,Accommodation and Food Services,Non employing,2,
2008,Kensington,Administrative and Support Services,Non employing,1,
2008,Kensington,Arts and Recreation Services,Medium business,8,402
2008,Kensington,Construction,Medium business,1,
2008,Kensington,Education and Training,Medium business,3,78
2008,Kensington,Education and Training,Small business,3,21
2008,Kensington,"Electricity, Gas, Water and Waste Services",Small business,2,
2008,Kensington,Financial and Insurance Services,Small business,4,13
2008,Kensington,Health Care and Social Assistance,Medium business,2,
2008,Kensington,Manufacturing,Medium business,9,405
2008,Kensington,Other Services,Non employing,7,0
2008,Kensington,Public Administration and Safety,Non employing,2,
2008,Kensington,Public Administration and Safety,Small business,2,
2008,Kensington,"Rental, Hiring and Real Estate Services",Small business,6,31
2008,Kensington,Retail Trade,Medium business,2,
2008,Kensington,Retail Trade,Small business,25,143
2008,Kensington,"Transport, Postal and Warehousing",Medium business,3,118
2008,Melbourne (CBD),Accommodation and Food Services,Large business,4,1718
2008,Melbourne (CBD),Administrative and Support Services,Medium business,85,3784
2008,Melbourne (CBD),Administrative and Support Services,Small business,460,2702
2008,Melbourne (CBD),"Agriculture, Forestry and Fishing",Small business,6,19
2008,Melbourne (CBD),Arts and Recreation Services,Large business,1,
2008,Melbourne (CBD),Arts and Recreation Services,Non employing,10,0
2008,Melbourne (CBD),Construction,Small business,63,387
2008,Melbourne (CBD),Education and Training,Non employing,1,
2008,Melbourne (CBD),"Electricity, Gas, Water and Waste Services",Large business,6,3786
2008,Melbourne (CBD),"Electricity, Gas, Water and Waste Services",Non employing,40,0
2008,Melbourne (CBD),Health Care and Social Assistance,Medium business,28,1154
2008,Melbourne (CBD),Health Care and Social Assistance,Small business,353,1732
2008,Melbourne (CBD),Information Media and Telecommunications,Medium business,46,2833
2008,Melbourne (CBD),Manufacturing,Large business,1,
2008,Melbourne (CBD),Manufacturing,Medium business,8,391
2008,Melbourne (CBD),Mining,Large business,3,1728
2008,Melbourne (CBD),Mining,Non employing,1,
2008,Melbourne (CBD),Other Services,Non employing,36,0
2008,Melbourne (CBD),"Professional, Scientific and Technical Services",Medium business,281,14219
2008,Melbourne (CBD),"Professional, Scientific and Technical Services",Small business,1485,8373
2008,Melbourne (CBD),Public Administration and Safety,Large business,29,16590
2008,Melbourne (CBD),Public Administration and Safety,Non employing,1,
2008,Melbourne (CBD),Public Administration and Safety,Small business,75,545
2008,Melbourne (CBD),"Rental, Hiring and Real Estate Services",Small business,157,864
2008,Melbourne (CBD),Retail Trade,Non employing,14,0
2008,Melbourne (CBD),Wholesale Trade,Large business,1,
2008,Melbourne (CBD),Wholesale Trade,Small business,109,453
2008,Melbourne (Remainder),Accommodation and Food Services,Small business,27,194
2008,Melbourne (Remainder),Construction,Medium business,2,
2008,Melbourne (Remainder),Education and Training,Large business,2,
2008,Melbourne (Remainder),"Electricity, Gas, Water and Waste Services",Non employing,3,0
2008,Melbourne (Remainder),Health Care and Social Assistance,Medium business,4,140
2008,Melbourne (Remainder),Mining,Small business,1,
2008,Melbourne (Remainder),"Professional, Scientific and Technical Services",Large business,4,1994
2008,Melbourne (Remainder),"Professional, Scientific and Technical Services",Small business,60,478
2008,Melbourne (Remainder),Public Administration and Safety,Small business,4,26
2008,Melbourne (Remainder),Wholesale Trade,Medium business,2,
2008,Melbourne (Remainder),Wholesale Trade,Small business,6,44
2008,North Melbourne,Accommodation and Food Services,Non employing,3,0
2008,North Melbourne,Arts and Recreation Services,Non employing,13,0
2008,North Melbourne,Arts and Recreation Services,Small business,29,123
2008,North Melbourne,Construction,Small business,28,227
2008,North Melbourne,Financial and Insurance Services,Medium business,2,
2008,North Melbourne,Health Care and Social Assistance,Non employing,1,
2008,North Melbourne,Health Care and Social Assistance,Small business,63,344
2008,North Melbourne,Information Media and Telecommunications,Small business,40,227
2008,North Melbourne,Other Services,Non employing,12,0
2008,North Melbourne,Other Services,Small business,128,557
2008,North Melbourne,Public Administration and Safety,Medium business,3,314
2008,North Melbourne,"Rental, Hiring and Real Estate Services",Medium business,2,
2008,North Melbourne,"Transport, Postal and Warehousing",Medium business,6,169
2008,North Melbourne,"Transport, Postal and Warehousing",Non employing,4,0
2008,North Melbourne,Wholesale Trade,Medium business,8,285
2008,Parkville,Administrative and Support Services,Small business,2,
2008,Parkville,Arts and Recreation Services,Large business,1,
2008,Parkville,Arts and Recreation Services,Medium business,1,
2008,Parkville,Education and Training,Large business,2,
2008,Parkville,Education and Training,Medium business,5,331
2008,Parkville,"Electricity, Gas, Water and Waste Services",Non employing,7,0
2008,Parkville,Health Care and Social Assistance,Medium business,3,232
2008,Parkville,Health Care and Social Assistance,Non employing,4,0
2008,Parkville,Other Services,Non employing,5,0
2008,Parkville,"Professional, Scientific and Technical Services",Large business,1,
2008,Parkville,Public Administration and Safety,Large business,1,
2008,Parkville,Public Administration and Safety,Small business,2,
2008,Port Melbourne,Administrative and Support Services,Medium business,2,
2008,Port Melbourne,Administrative and Support Services,Non employing,1,
2008,Port Melbourne,Administrative and Support Services,Small business,9,61
2008,Port Melbourne,Arts and Recreation Services,Medium business,1,
2008,Port Melbourne,"Electricity, Gas, Water and Waste Services",Small business,1,
2008,Port Melbourne,Information Media and Telecommunications,Small business,14,97
2008,Port Melbourne,Manufacturing,Large business,7,5966
2008,Port Melbourne,Manufacturing,Medium business,18,803
2008,Port Melbourne,Manufacturing,Non employing,1,
2008,Port Melbourne,Other Services,Medium business,1,
2008,Port Melbourne,"Professional, Scientific and Technical Services",Medium business,10,596
2008,Port Melbourne,"Professional, Scientific and Technical Services",Small business,43,351
2008,Port Melbourne,Retail Trade,Medium business,5,264
2008,Port Melbourne,Retail Trade,Small business,15,114
2008,South Yarra,Accommodation and Food Services,Non employing,1,
2008,South Yarra,Arts and Recreation Services,Non employing,5,0
2008,South Yarra,Education and Training,Non employing,3,0
2008,South Yarra,Education and Training,Small business,7,80
2008,South Yarra,Health Care and Social Assistance,Small business,3,21
2008,Southbank,Administrative and Support Services,Large business,3,1117
2008,Southbank,Administrative and Support Services,Small business,15,132
2008,Southbank,"Agriculture, Forestry and Fishing",Small business,1,
2008,Southbank,Arts and Recreation Services,Non employing,9,0
2008,Southbank,"Electricity, Gas, Water and Waste Services",Large business,1,
2008,Southbank,Financial and Insurance Services,Medium business,8,645
2008,Southbank,Manufacturing,Medium business,8,500
2008,Southbank,Mining,Small business,3,28
2008,Southbank,Other Services,Non employing,12,0
2008,Southbank,Public Administration and Safety,Large business,2,
2008,Southbank,Public Administration and Safety,Small business,1,
2008,Southbank,"Rental, Hiring and Real Estate Services",Small business,22,120
2008,Southbank,"Transport, Postal and Warehousing",Non employing,2,
2008,Southbank,"Transport, Postal and Warehousing",Small business,9,34
2008,West Melbourne (Industrial),"Agriculture, Forestry and Fishing",Small business,1,
2008,West Melbourne (Industrial),Arts and Recreation Services,Small business,3,12
2008,West Melbourne (Industrial),"Electricity, Gas, Water and Waste Services",Non employing,8,0
2008,West Melbourne (Industrial),Financial and Insurance Services,Small business,1,
2008,West Melbourne (Industrial),Other Services,Medium business,1,
2008,West Melbourne (Industrial),Other Services,Small business,4,27
2008,West Melbourne (Industrial),"Professional, Scientific and Technical Services",Medium business,1,
2008,West Melbourne (Industrial),"Transport, Postal and Warehousing",Medium business,19,1376
2008,West Melbourne (Industrial),"Transport, Postal and Warehousing",Non employing,19,0
2008,West Melbourne (Industrial),"Transport, Postal and Warehousing",Small business,25,177
2008,West Melbourne (Industrial),Wholesale Trade,Medium business,27,960
2008,West Melbourne (Residential),Administrative and Support Services,Small business,10,97
2008,West Melbourne (Residential),Arts and Recreation Services,Medium business,3,95
2008,West Melbourne (Residential),Arts and Recreation Services,Non employing,8,0
2008,West Melbourne (Residential),Construction,Medium business,3,155
2008,West Melbourne (Residential),Education and Training,Small business,9,92
2008,West Melbourne (Residential),"Electricity, Gas, Water and Waste Services",Medium business,1,
2008,West Melbourne (Residential),Financial and Insurance Services,Large business,2,
2008,West Melbourne (Residential),Health Care and Social Assistance,Medium business,3,129
2008,West Melbourne (Residential),Public Administration and Safety,Small business,9,43
2008,West Melbourne (Residential),"Rental, Hiring and Real Estate Services",Small business,4,19
2008,West Melbourne (Residential),Retail Trade,Small business,48,177
2008,West Melbourne (Residential),"Transport, Postal and Warehousing",Large business,1,
2008,West Melbourne (Residential),"Transport, Postal and Warehousing",Small business,20,132
2008,West Melbourne (Residential),Wholesale Trade,Medium business,5,232
2008,West Melbourne (Residential),Wholesale Trade,Small business,42,218
2009,Carlton,Arts and Recreation Services,Large business,1,
2009,Carlton,Education and Training,Medium business,31,1871
2009,Carlton,Education and Training,Non employing,3,0
2009,Carlton,Health Care and Social Assistance,Large business,1,
2009,Carlton,Health Care and Social Assistance,Medium business,14,759
2009,Carlton,Information Media and Telecommunications,Medium business,6,234
2009,Carlton,Other Services,Large business,2,
2009,Carlton,"Professional, Scientific and Technical Services",Small business,131,788
2009,Carlton,Retail Trade,Medium business,5,334
2009,Carlton,Retail Trade,Non employing,4,0
2009,Carlton,Retail Trade,Small business,154,654
2009,Carlton,"Transport, Postal and Warehousing",Non employing,1,
2009,Carlton,Wholesale Trade,Non employing,1,
2009,Docklands,Administrative and Support Services,Small business,21,123
2009,Docklands,"Agriculture, Forestry and Fishing",Small business,1,
2009,Docklands,Arts and Recreation Services,Medium business,2,
2009,Docklands,Arts and Recreation Services,Non employing,10,0
2009,Docklands,Construction,Non employing,2,
2009,Docklands,Education and Training,Medium business,2,
2009,Docklands,"Electricity, Gas, Water and Waste Services",Non employing,9,0
2009,Docklands,Financial and Insurance Services,Medium business,5,341
2009,Docklands,Information Media and Telecommunications,Medium business,5,265
2009,Docklands,Manufacturing,Medium business,3,251
2009,Docklands,Other Services,Medium business,2,
2009,Docklands,"Professional, Scientific and Technical Services",Small business,82,402
2009,Docklands,Public Administration and Safety,Medium business,5,540
2009,Docklands,Public Administration and Safety,Non employing,2,
2009,Docklands,Public Administration and Safety,Small business,6,41
2009,Docklands,"Rental, Hiring and Real Estate Services",Small business,37,180
2009,Docklands,"Transport, Postal and Warehousing",Small business,21,116
2009,Docklands,Wholesale Trade,Small business,8,21
2009,East Melbourne,Accommodation and Food Services,Medium business,3,128
2009,East Melbourne,Construction,Medium business,1,
2009,East Melbourne,Education and Training,Medium business,7,450
2009,East Melbourne,"Electricity, Gas, Water and Waste Services",Large business,1,
2009,East Melbourne,"Electricity, Gas, Water and Waste Services",Non employing,4,0
2009,East Melbourne,Financial and Insurance Services,Small business,10,95
2009,East Melbourne,Manufacturing,Large business,1,
2009,East Melbourne,Mining,Small business,1,
2009,East Melbourne,Other Services,Large business,1,
2009,East Melbourne,Other Services,Small business,35,168
2009,East Melbourne,Public Administration and Safety,Large business,7,3983
2009,East Melbourne,"Rental, Hiring and Real Estate Services",Small business,8,41
2009,East Melbourne,Retail Trade,Non employing,1,
2009,East Melbourne,Wholesale Trade,Small business,4,26
2009,Kensington,Accommodation and Food Services,Small business,25,114
2009,Kensington,Arts and Recreation Services,Non employing,52,0
2009,Kensington,Education and Training,Medium business,3,78
2009,Kensington,Health Care and Social Assistance,Medium business,2,
2009,Kensington,Information Media and Telecommunications,Non employing,2,
2009,Kensington,Manufacturing,Small business,27,148
2009,Kensington,Other Services,Medium business,1,
2009,Kensington,Other Services,Non employing,7,0
2009,Kensington,Retail Trade,Small business,25,143
2009,Melbourne (CBD),Accommodation and Food Services,Large business,4,1698
2009,Melbourne (CBD),Accommodation and Food Services,Small business,1184,8813
2009,Melbourne (CBD),Administrative and Support Services,Medium business,85,3712
2009,Melbourne (CBD),Administrative and Support Services,Non employing,3,0
2009,Melbourne (CBD),"Agriculture, Forestry and Fishing",Medium business,2,
2009,Melbourne (CBD),"Agriculture, Forestry and Fishing",Small business,5,19
2009,Melbourne (CBD),Education and Training,Small business,204,1394
2009,Melbourne (CBD),"Electricity, Gas, Water and Waste Services",Medium business,7,527
2009,Melbourne (CBD),"Electricity, Gas, Water and Waste Services",Small business,12,96
2009,Melbourne (CBD),Health Care and Social Assistance,Large business,1,
2009,Melbourne (CBD),Health Care and Social Assistance,Medium business,31,1215
2009,Melbourne (CBD),Health Care and Social Assistance,Non employing,4,0
2009,Melbourne (CBD),Information Media and Telecommunications,Large business,26,20840
2009,Melbourne (CBD),Mining,Large business,3,1455
2009,Melbourne (CBD),"Professional, Scientific and Technical Services",Non employing,12,0
2009,Melbourne (CBD),"Professional, Scientific and Technical Services",Small business,1469,8303
2009,Melbourne (CBD),Public Administration and Safety,Medium business,82,6179
2009,Melbourne (CBD),Public Administration and Safety,Non employing,1,
2009,Melbourne (CBD),"Rental, Hiring and Real Estate Services",Small business,158,882
2009,Melbourne (CBD),Retail Trade,Large business,6,3488
2009,Melbourne (CBD),Retail Trade,Medium business,69,2984
2009,Melbourne (CBD),Retail Trade,Non employing,10,0
2009,Melbourne (CBD),"Transport, Postal and Warehousing",Large business,4,3230
2009,Melbourne (CBD),"Transport, Postal and Warehousing",Medium business,23,1542
2009,Melbourne (CBD),"Transport, Postal and Warehousing",Small business,63,441
2009,Melbourne (Remainder),Accommodation and Food Services,Large business,2,
2009,Melbourne (Remainder),Accommodation and Food Services,Non employing,1,
2009,Melbourne (Remainder),Administrative and Support Services,Large business,1,
2009,Melbourne (Remainder),"Electricity, Gas, Water and Waste Services",Non employing,3,0
2009,Melbourne (Remainder),Health Care and Social Assistance,Large business,2,
2009,Melbourne (Remainder),Manufacturing,Medium business,1,
2009,Melbourne (Remainder),Manufacturing,Small business,8,36
2009,Melbourne (Remainder),Other Services,Small business,19,74
2009,Melbourne (Remainder),"Professional, Scientific and Technical Services",Large business,4,1994
2009,Melbourne (Remainder),"Professional, Scientific and Technical Services",Medium business,25,1607
2009,Melbourne (Remainder),Public Administration and Safety,Medium business,3,129
2009,Melbourne (Remainder),Retail Trade,Small business,17,93
2009,Melbourne (Remainder),"Transport, Postal and Warehousing",Medium business,1,
2009,Melbourne (Remainder),Wholesale Trade,Medium business,2,
2009,Melbourne (Remainder),Wholesale Trade,Small business,6,44
2009,North Melbourne,Accommodation and Food Services,Medium business,7,168
2009,North Melbourne,Accommodation and Food Services,Non employing,5,0
2009,North Melbourne,Arts and Recreation Services,Non employing,14,0
2009,North Melbourne,Construction,Small business,32,205
2009,North Melbourne,"Electricity, Gas, Water and Waste Services",Medium business,1,
2009,North Melbourne,Financial and Insurance Services,Medium business,1,
2009,North Melbourne,Information Media and Telecommunications,Medium business,3,129
2009,North Melbourne,Manufacturing,Medium business,8,465
2009,North Melbourne,Public Administration and Safety,Medium business,4,231
2009,North Melbourne,Public Administration and Safety,Small business,9,57
2009,North Melbourne,"Rental, Hiring and Real Estate Services",Small business,21,118
2009,North Melbourne,Retail Trade,Small business,109,513
2009,North Melbourne,"Transport, Postal and Warehousing",Medium business,6,163
2009,North Melbourne,"Transport, Postal and Warehousing",Non employing,1,
2009,North Melbourne,Wholesale Trade,Medium business,6,260
2009,North Melbourne,Wholesale Trade,Small business,68,405
2009,Parkville,Accommodation and Food Services,Medium business,15,685
2009,Parkville,Arts and Recreation Services,Medium business,1,
2009,Parkville,Construction,Small business,1,
2009,Parkville,"Electricity, Gas, Water and Waste Services",Non employing,7,0
2009,Parkville,Financial and Insurance Services,Small business,10,83
2009,Parkville,Health Care and Social Assistance,Large business,6,13265
2009,Parkville,Health Care and Social Assistance,Medium business,3,232
2009,Parkville,Information Media and Telecommunications,Non employing,1,
2009,Parkville,Manufacturing,Small business,2,
2009,Parkville,Other Services,Medium business,1,
2009,Parkville,Other Services,Non employing,5,0
2009,Parkville,"Professional, Scientific and Technical Services",Large business,1,
2009,Parkville,"Professional, Scientific and Technical Services",Medium business,7,621
2009,Parkville,"Professional, Scientific and Technical Services",Small business,6,63
2009,Parkville,Public Administration and Safety,Large business,1,
2009,Parkville,Public Administration and Safety,Small business,2,
2009,Parkville,"Rental, Hiring and Real Estate Services",Medium business,1,
2009,Parkville,"Transport, Postal and Warehousing",Non employing,1,
2009,Port Melbourne,Accommodation and Food Services,Medium business,2,
2009,Port Melbourne,Accommodation and Food Services,Small business,6,29
2009,Port Melbourne,Administrative and Support Services,Small business,9,61
2009,Port Melbourne,"Agriculture, Forestry and Fishing",Small business,1,
2009,Port Melbourne,Construction,Small business,23,153
2009,Port Melbourne,"Electricity, Gas, Water and Waste Services",Small business,1,
2009,Port Melbourne,Information Media and Telecommunications,Medium business,3,99
2009,Port Melbourne,Information Media and Telecommunications,Small business,14,97
2009,Port Melbourne,Manufacturing,Medium business,18,803
2009,Port Melbourne,Mining,Small business,2,
2009,Port Melbourne,Other Services,Small business,6,44
2009,Port Melbourne,"Professional, Scientific and Technical Services",Non employing,1,
2009,Port Melbourne,"Professional, Scientific and Technical Services",Small business,43,351
2009,Port Melbourne,Public Administration and Safety,Small business,3,24
2009,Port Melbourne,"Transport, Postal and Warehousing",Large business,2,
2009,Port Melbourne,"Transport, Postal and Warehousing",Non employing,2,
2009,South Yarra,Accommodation and Food Services,Medium business,1,
2009,South Yarra,Accommodation and Food Services,Non employing,1,
2009,South Yarra,Accommodation and Food Services,Small business,15,156
2009,South Yarra,Education and Training,Non employing,3,0
2009,South Yarra,"Electricity, Gas, Water and Waste Services",Non employing,5,0
2009,South Yarra,Other Services,Small business,10,40
2009,South Yarra,Retail Trade,Small business,9,40
2009,Southbank,Accommodation and Food Services,Large business,2,
2009,Southbank,Accommodation and Food Services,Small business,80,741
2009,Southbank,Administrative and Support Services,Large business,3,1117
2009,Southbank,"Agriculture, Forestry and Fishing",Medium business,2,
2009,Southbank,Arts and Recreation Services,Large business,4,8886
2009,Southbank,Construction,Small business,11,89
2009,Southbank,"Electricity, Gas, Water and Waste Services",Medium business,1,
2009,Southbank,Health Care and Social Assistance,Medium business,2,
2009,Southbank,Information Media and Telecommunications,Non employing,1,
2009,Southbank,Information Media and Telecommunications,Small business,8,85
2009,Southbank,Manufacturing,Large business,3,3696
2009,Southbank,Manufacturing,Small business,9,38
2009,Southbank,"Professional, Scientific and Technical Services",Non employing,1,
2009,Southbank,Public Administration and Safety,Large business,2,
2009,Southbank,"Rental, Hiring and Real Estate Services",Large business,1,
2009,Southbank,"Transport, Postal and Warehousing",Small business,9,34
2009,Southbank,Wholesale Trade,Medium business,3,122
2009,West Melbourne (Industrial),"Electricity, Gas, Water and Waste Services",Non employing,8,0
2009,West Melbourne (Industrial),Financial and Insurance Services,Medium business,1,
2009,West Melbourne (Industrial),Information Media and Telecommunications,Non employing,2,
2009,West Melbourne (Industrial),Wholesale Trade,Small business,170,1638
2009,West Melbourne (Residential),Accommodation and Food Services,Non employing,2,
2009,West Melbourne (Residential),Construction,Medium business,3,122
2009,West Melbourne (Residential),Education and Training,Small business,7,53
2009,West Melbourne (Residential),"Electricity, Gas, Water and Waste Services",Small business,1,
2009,West Melbourne (Residential),Financial and Insurance Services,Medium business,1,
2009,West Melbourne (Residential),Health Care and Social Assistance,Small business,9,45
2009,West Melbourne (Residential),Information Media and Telecommunications,Medium business,4,109
2009,West Melbourne (Residential),Manufacturing,Medium business,8,262
2009,West Melbourne (Residential),"Professional, Scientific and Technical Services",Medium business,14,983
2009,West Melbourne (Residential),"Professional, Scientific and Technical Services",Small business,89,504
2009,West Melbourne (Residential),Public Administration and Safety,Medium business,2,
2009,West Melbourne (Residential),Public Administration and Safety,Small business,3,17
2009,West Melbourne (Residential),"Rental, Hiring and Real Estate Services",Medium business,2,
2009,West Melbourne (Residential),Retail Trade,Medium business,1,
2009,West Melbourne (Residential),Retail Trade,Non employing,1,
2009,West Melbourne (Residential),Retail Trade,Small business,44,180
2009,West Melbourne (Residential),"Transport, Postal and Warehousing",Medium business,2,
2009,West Melbourne (Residential),"Transport, Postal and Warehousing",Small business,16,120
2010,Carlton,Accommodation and Food Services,Non employing,12,0
2010,Carlton,Administrative and Support Services,Small business,19,86
2010,Carlton,Health Care and Social Assistance,Large business,1,
2010,Carlton,Manufacturing,Small business,32,155
2010,Carlton,Other Services,Large business,2,
2010,Carlton,Other Services,Small business,110,554
2010,Carlton,"Rental, Hiring and Real Estate Services",Small business,15,79
2010,Carlton,Retail Trade,Medium business,5,334
2010,Carlton,"Transport, Postal and Warehousing",Small business,4,25
2010,Carlton,Wholesale Trade,Large business,1,
2010,Docklands,Accommodation and Food Services,Large business,1,
2010,Docklands,Accommodation and Food Services,Non employing,2,
2010,Docklands,Accommodation and Food Services,Small business,144,1215
2010,Docklands,Arts and Recreation Services,Large business,1,
2010,Docklands,Arts and Recreation Services,Medium business,2,
2010,Docklands,Arts and Recreation Services,Non employing,10,0
2010,Docklands,Arts and Recreation Services,Small business,18,88
2010,Docklands,Construction,Medium business,5,303
2010,Docklands,Construction,Small business,12,77
2010,Docklands,Education and Training,Medium business,2,
2010,Docklands,Information Media and Telecommunications,Medium business,5,265
2010,Docklands,Manufacturing,Small business,12,59
2010,Docklands,Other Services,Medium business,2,
2010,Docklands,Other Services,Non employing,14,0
2010,Docklands,Public Administration and Safety,Large business,3,3436
2010,Docklands,Public Administration and Safety,Medium business,5,540
2010,Docklands,Public Administration and Safety,Small business,6,41
2010,Docklands,"Rental, Hiring and Real Estate Services",Small business,37,180
2010,Docklands,Retail Trade,Large business,2,
2010,Docklands,Retail Trade,Medium business,4,309
2010,Docklands,Retail Trade,Small business,277,1469
2010,Docklands,"Transport, Postal and Warehousing",Medium business,7,241
2010,East Melbourne,Accommodation and Food Services,Small business,57,369
2010,East Melbourne,Administrative and Support Services,Non employing,4,0
2010,East Melbourne,Administrative and Support Services,Small business,8,35
2010,East Melbourne,Arts and Recreation Services,Medium business,8,398
2010,East Melbourne,Construction,Medium business,1,
2010,East Melbourne,Education and Training,Small business,8,70
2010,East Melbourne,"Electricity, Gas, Water and Waste Services",Medium business,2,
2010,East Melbourne,"Electricity, Gas, Water and Waste Services",Non employing,4,0
2010,East Melbourne,Information Media and Telecommunications,Small business,6,31
2010,East Melbourne,Mining,Small business,1,
2010,East Melbourne,Other Services,Large business,1,
2010,East Melbourne,Other Services,Non employing,5,0
2010,East Melbourne,Other Services,Small business,35,168
2010,East Melbourne,"Rental, Hiring and Real Estate Services",Medium business,1,
2010,East Melbourne,Retail Trade,Medium business,1,
2010,East Melbourne,Retail Trade,Non employing,1,
2010,East Melbourne,Retail Trade,Small business,18,88
2010,Kensington,Accommodation and Food Services,Medium business,2,
2010,Kensington,Construction,Small business,13,111
2010,Kensington,Education and Training,Medium business,3,78
2010,Kensington,Health Care and Social Assistance,Medium business,2,
2010,Kensington,Manufacturing,Medium business,9,405
2010,Kensington,Other Services,Non employing,7,0
2010,Kensington,"Professional, Scientific and Technical Services",Medium business,6,406
2010,Kensington,Public Administration and Safety,Medium business,1,
2010,Kensington,Public Administration and Safety,Non employing,2,
2010,Kensington,Public Administration and Safety,Small business,2,
2010,Kensington,"Transport, Postal and Warehousing",Medium business,3,118
2010,Kensington,"Transport, Postal and Warehousing",Non employing,2,
2010,Kensington,"Transport, Postal and Warehousing",Small business,8,32
2010,Kensington,Wholesale Trade,Medium business,3,72
2010,Melbourne (CBD),Accommodation and Food Services,Non employing,7,0
2010,Melbourne (CBD),Administrative and Support Services,Non employing,3,0
2010,Melbourne (CBD),"Agriculture, Forestry and Fishing",Medium business,1,
2010,Melbourne (CBD),Arts and Recreation Services,Large business,1,
2010,Melbourne (CBD),Arts and Recreation Services,Medium business,24,1457
2010,Melbourne (CBD),Construction,Large business,2,
2010,Melbourne (CBD),Education and Training,Medium business,95,5898
2010,Melbourne (CBD),Education and Training,Small business,193,1304
2010,Melbourne (CBD),"Electricity, Gas, Water and Waste Services",Medium business,10,757
2010,Melbourne (CBD),Financial and Insurance Services,Non employing,6,0
2010,Melbourne (CBD),Financial and Insurance Services,Small business,507,3430
2010,Melbourne (CBD),Health Care and Social Assistance,Large business,1,
2010,Melbourne (CBD),Health Care and Social Assistance,Small business,356,1770
2010,Melbourne (CBD),Information Media and Telecommunications,Medium business,36,2455
2010,Melbourne (CBD),Manufacturing,Large business,1,
2010,Melbourne (CBD),Manufacturing,Small business,274,850
2010,Melbourne (CBD),Mining,Small business,40,285
2010,Melbourne (CBD),Public Administration and Safety,Large business,30,17322
2010,Melbourne (CBD),Public Administration and Safety,Medium business,85,6289
2010,Melbourne (CBD),Public Administration and Safety,Small business,62,462
2010,Melbourne (CBD),"Rental, Hiring and Real Estate Services",Non employing,3,0
2010,Melbourne (CBD),Retail Trade,Medium business,64,2727
2010,Melbourne (CBD),Retail Trade,Non employing,11,0
2010,Melbourne (CBD),Retail Trade,Small business,1515,7389
2010,Melbourne (CBD),"Transport, Postal and Warehousing",Large business,6,3803
2010,Melbourne (CBD),Wholesale Trade,Large business,2,
2010,Melbourne (CBD),Wholesale Trade,Medium business,9,291
2010,Melbourne (Remainder),Accommodation and Food Services,Small business,29,198
2010,Melbourne (Remainder),Administrative and Support Services,Small business,18,126
2010,Melbourne (Remainder),"Agriculture, Forestry and Fishing",Small business,1,
2010,Melbourne (Remainder),Arts and Recreation Services,Medium business,10,661
2010,Melbourne (Remainder),Arts and Recreation Services,Non employing,25,0
2010,Melbourne (Remainder),"Electricity, Gas, Water and Waste Services",Small business,1,
2010,Melbourne (Remainder),Financial and Insurance Services,Small business,29,257
2010,Melbourne (Remainder),Information Media and Telecommunications,Medium business,6,286
2010,Melbourne (Remainder),Manufacturing,Large business,1,
2010,Melbourne (Remainder),Manufacturing,Small business,9,30
2010,Melbourne (Remainder),Other Services,Small business,15,67
2010,Melbourne (Remainder),"Professional, Scientific and Technical Services",Medium business,24,1610
2010,Melbourne (Remainder),"Rental, Hiring and Real Estate Services",Small business,10,54
2010,Melbourne (Remainder),Wholesale Trade,Small business,3,13
2010,North Melbourne,Administrative and Support Services,Small business,35,192
2010,North Melbourne,Arts and Recreation Services,Non employing,14,0
2010,North Melbourne,Arts and Recreation Services,Small business,31,105
2010,North Melbourne,Education and Training,Non employing,1,
2010,North Melbourne,"Electricity, Gas, Water and Waste Services",Medium business,1,
2010,North Melbourne,Financial and Insurance Services,Medium business,1,
2010,North Melbourne,Information Media and Telecommunications,Medium business,3,129
2010,North Melbourne,Information Media and Telecommunications,Small business,29,140
2010,North Melbourne,Public Administration and Safety,Medium business,4,231
2010,North Melbourne,"Rental, Hiring and Real Estate Services",Small business,21,118
2010,North Melbourne,Retail Trade,Medium business,4,209
2010,North Melbourne,Retail Trade,Non employing,5,0
2010,North Melbourne,Wholesale Trade,Non employing,3,0
2010,Parkville,Accommodation and Food Services,Medium business,13,718
2010,Parkville,Arts and Recreation Services,Non employing,23,0
2010,Parkville,Arts and Recreation Services,Small business,5,51
2010,Parkville,Education and Training,Large business,2,
2010,Parkville,Information Media and Telecommunications,Small business,2,
2010,Parkville,Other Services,Non employing,3,0
2010,Parkville,"Rental, Hiring and Real Estate Services",Small business,1,
2010,Port Melbourne,Accommodation and Food Services,Small business,15,87
2010,Port Melbourne,Administrative and Support Services,Small business,11,77
2010,Port Melbourne,Arts and Recreation Services,Non employing,6,0
2010,Port Melbourne,Construction,Small business,36,243
2010,Port Melbourne,Financial and Insurance Services,Small business,9,52
2010,Port Melbourne,Health Care and Social Assistance,Small business,1,
2010,Port Melbourne,Information Media and Telecommunications,Large business,1,
2010,Port Melbourne,Manufacturing,Small business,48,355
2010,Port Melbourne,Other Services,Medium business,2,
2010,Port Melbourne,Other Services,Non employing,3,0
2010,Port Melbourne,Public Administration and Safety,Medium business,2,
2010,Port Melbourne,"Rental, Hiring and Real Estate Services",Small business,8,75
2010,Port Melbourne,Retail Trade,Non employing,1,
2010,Port Melbourne,"Transport, Postal and Warehousing",Small business,20,166
2010,Port Melbourne,Wholesale Trade,Small business,52,398
2010,South Yarra,Accommodation and Food Services,Medium business,1,
2010,South Yarra,Education and Training,Large business,1,
2010,South Yarra,Education and Training,Non employing,3,0
2010,South Yarra,"Electricity, Gas, Water and Waste Services",Non employing,5,0
2010,South Yarra,Public Administration and Safety,Medium business,1,
2010,Southbank,Administrative and Support Services,Small business,15,132
2010,Southbank,"Agriculture, Forestry and Fishing",Medium business,2,
2010,Southbank,Arts and Recreation Services,Small business,20,107
2010,Southbank,Construction,Medium business,5,232
2010,Southbank,"Electricity, Gas, Water and Waste Services",Medium business,1,
2010,Southbank,"Electricity, Gas, Water and Waste Services",Non employing,19,0
2010,Southbank,Financial and Insurance Services,Small business,19,143
2010,Southbank,Health Care and Social Assistance,Large business,1,
2010,Southbank,Health Care and Social Assistance,Medium business,2,
2010,Southbank,Information Media and Telecommunications,Medium business,17,1090
2010,Southbank,Information Media and Telecommunications,Small business,8,85
2010,Southbank,Manufacturing,Small business,9,38
2010,Southbank,Mining,Large business,1,
2010,Southbank,Mining,Medium business,2,
2010,Southbank,Other Services,Medium business,3,82
2010,Southbank,Other Services,Non employing,12,0
2010,Southbank,"Professional, Scientific and Technical Services",Medium business,51,2954
2010,Southbank,"Professional, Scientific and Technical Services",Non employing,1,
2010,Southbank,Public Administration and Safety,Medium business,9,498
2010,Southbank,Retail Trade,Non employing,2,
2010,Southbank,"Transport, Postal and Warehousing",Medium business,4,215
2010,Southbank,Wholesale Trade,Medium business,3,122
2010,West Melbourne (Industrial),Administrative and Support Services,Small business,1,
2010,West Melbourne (Industrial),Arts and Recreation Services,Non employing,8,0
2010,West Melbourne (Industrial),Construction,Small business,2,
2010,West Melbourne (Industrial),Information Media and Telecommunications,Non employing,2,
2010,West Melbourne (Industrial),Manufacturing,Medium business,4,85
2010,West Melbourne (Industrial),Other Services,Medium business,1,
2010,West Melbourne (Industrial),Other Services,Small business,5,44
2010,West Melbourne (Industrial),"Rental, Hiring and Real Estate Services",Medium business,4,87
2010,West Melbourne (Industrial),"Transport, Postal and Warehousing",Large business,4,1595
2010,West Melbourne (Industrial),"Transport, Postal and Warehousing",Medium business,18,1298
2010,West Melbourne (Industrial),"Transport, Postal and Warehousing",Non employing,16,0
2010,West Melbourne (Residential),Accommodation and Food Services,Small business,56,283
2010,West Melbourne (Residential),Administrative and Support Services,Small business,12,88
2010,West Melbourne (Residential),Arts and Recreation Services,Small business,8,42
2010,West Melbourne (Residential),"Electricity, Gas, Water and Waste Services",Medium business,2,
2010,West Melbourne (Residential),"Electricity, Gas, Water and Waste Services",Small business,1,
2010,West Melbourne (Residential),Financial and Insurance Services,Large business,2,
2010,West Melbourne (Residential),Financial and Insurance Services,Medium business,1,
2010,West Melbourne (Residential),Financial and Insurance Services,Small business,13,69
2010,West Melbourne (Residential),Health Care and Social Assistance,Medium business,4,175
2010,West Melbourne (Residential),Health Care and Social Assistance,Small business,9,45
2010,West Melbourne (Residential),Information Media and Telecommunications,Small business,8,43
2010,West Melbourne (Residential),Other Services,Non employing,5,0
2010,West Melbourne (Residential),"Professional, Scientific and Technical Services",Non employing,1,
2010,West Melbourne (Residential),"Professional, Scientific and Technical Services",Small business,89,504
2010,West Melbourne (Residential),Public Administration and Safety,Large business,1,
2010,West Melbourne (Residential),Public Administration and Safety,Small business,3,17
2010,West Melbourne (Residential),"Rental, Hiring and Real Estate Services",Medium business,2,
2010,West Melbourne (Residential),Retail Trade,Medium business,1,
2010,West Melbourne (Residential),Wholesale Trade,Non employing,3,0
2010,West Melbourne (Residential),Wholesale Trade,Small business,39,213
2011,Carlton,Accommodation and Food Services,Medium business,16,595
2011,Carlton,Administrative and Support Services,Small business,19,86
2011,Carlton,Arts and Recreation Services,Large business,1,
2011,Carlton,Arts and Recreation Services,Medium business,4,252
2011,Carlton,Education and Training,Non employing,3,0
2011,Carlton,Financial and Insurance Services,Small business,35,234
2011,Carlton,Health Care and Social Assistance,Medium business,14,759
2011,Carlton,Health Care and Social Assistance,Small business,84,467
2011,Carlton,Information Media and Telecommunications,Medium business,6,234
2011,Carlton,"Professional, Scientific and Technical Services",Large business,2,
2011,Carlton,"Professional, Scientific and Technical Services",Non employing,3,0
2011,Carlton,"Rental, Hiring and Real Estate Services",Medium business,1,
2011,Carlton,"Rental, Hiring and Real Estate Services",Small business,15,79
2011,Carlton,Retail Trade,Small business,154,654
2011,Carlton,"Transport, Postal and Warehousing",Non employing,1,
2011,Carlton,Wholesale Trade,Medium business,3,94
2011,Docklands,Administrative and Support Services,Small business,21,123
2011,Docklands,Arts and Recreation Services,Small business,18,88
2011,Docklands,Education and Training,Small business,4,25
2011,Docklands,"Electricity, Gas, Water and Waste Services",Non employing,9,0
2011,Docklands,Manufacturing,Medium business,3,251
2011,Docklands,Mining,Small business,2,
2011,Docklands,Other Services,Small business,38,98
2011,Docklands,"Professional, Scientific and Technical Services",Medium business,3,156
2011,Docklands,Public Administration and Safety,Medium business,5,540
2011,Docklands,"Rental, Hiring and Real Estate Services",Small business,37,180
2011,Docklands,Retail Trade,Large business,2,
2011,Docklands,"Transport, Postal and Warehousing",Non employing,3,0
2011,East Melbourne,Accommodation and Food Services,Large business,3,1713
2011,East Melbourne,Administrative and Support Services,Non employing,4,0
2011,East Melbourne,Administrative and Support Services,Small business,8,35
2011,East Melbourne,Construction,Medium business,1,
2011,East Melbourne,Education and Training,Large business,1,
2011,East Melbourne,"Electricity, Gas, Water and Waste Services",Medium business,2,
2011,East Melbourne,Financial and Insurance Services,Medium business,7,335
2011,East Melbourne,Information Media and Telecommunications,Small business,6,31
2011,East Melbourne,Manufacturing,Small business,5,19
2011,East Melbourne,"Professional, Scientific and Technical Services",Large business,1,
2011,East Melbourne,"Rental, Hiring and Real Estate Services",Medium business,1,
2011,East Melbourne,Retail Trade,Non employing,1,
2011,East Melbourne,"Transport, Postal and Warehousing",Small business,2,
2011,Kensington,Arts and Recreation Services,Large business,2,
2011,Kensington,Education and Training,Non employing,1,
2011,Kensington,"Electricity, Gas, Water and Waste Services",Small business,1,
2011,Kensington,Financial and Insurance Services,Small business,3,8
2011,Kensington,Health Care and Social Assistance,Medium business,7,359
2011,Kensington,Health Care and Social Assistance,Small business,17,95
2011,Kensington,Information Media and Telecommunications,Small business,6,44
2011,Kensington,Manufacturing,Medium business,9,322
2011,Kensington,Mining,Small business,1,
2011,Kensington,Retail Trade,Medium business,5,371
2011,Kensington,Retail Trade,Non employing,1,
2011,Kensington,Retail Trade,Small business,38,168
2011,Kensington,"Transport, Postal and Warehousing",Medium business,2,
2011,Kensington,"Transport, Postal and Warehousing",Non employing,2,
2011,Kensington,Wholesale Trade,Non employing,4,0
2011,Melbourne (CBD),Accommodation and Food Services,Large business,4,1532
2011,Melbourne (CBD),Accommodation and Food Services,Medium business,219,8909
2011,Melbourne (CBD),Administrative and Support Services,Non employing,3,0
2011,Melbourne (CBD),Administrative and Support Services,Small business,421,2472
2011,Melbourne (CBD),"Agriculture, Forestry and Fishing",Small business,3,17
2011,Melbourne (CBD),Arts and Recreation Services,Small business,134,594
2011,Melbourne (CBD),Construction,Large business,2,
2011,Melbourne (CBD),Education and Training,Small business,192,1262
2011,Melbourne (CBD),"Electricity, Gas, Water and Waste Services",Non employing,37,0
2011,Melbourne (CBD),"Electricity, Gas, Water and Waste Services",Small business,10,100
2011,Melbourne (CBD),Financial and Insurance Services,Large business,34,27882
2011,Melbourne (CBD),Financial and Insurance Services,Small business,513,3457
2011,Melbourne (CBD),Health Care and Social Assistance,Medium business,38,1639
2011,Melbourne (CBD),Health Care and Social Assistance,Small business,344,1704
2011,Melbourne (CBD),Information Media and Telecommunications,Medium business,37,2261
2011,Melbourne (CBD),Information Media and Telecommunications,Non employing,4,0
2011,Melbourne (CBD),Manufacturing,Medium business,6,445
2011,Melbourne (CBD),Manufacturing,Non employing,2,
2011,Melbourne (CBD),Other Services,Medium business,33,1777
2011,Melbourne (CBD),Other Services,Non employing,57,0
2011,Melbourne (CBD),"Professional, Scientific and Technical Services",Small business,1382,8170
2011,Melbourne (CBD),Public Administration and Safety,Large business,33,19283
2011,Melbourne (CBD),Retail Trade,Large business,5,2999
2011,Melbourne (CBD),Retail Trade,Medium business,68,3029
2011,Melbourne (CBD),"Transport, Postal and Warehousing",Large business,6,3864
2011,Melbourne (CBD),"Transport, Postal and Warehousing",Non employing,24,0
2011,Melbourne (CBD),Wholesale Trade,Large business,2,
2011,Melbourne (Remainder),Accommodation and Food Services,Large business,3,2706
2011,Melbourne (Remainder),Administrative and Support Services,Large business,1,
2011,Melbourne (Remainder),"Agriculture, Forestry and Fishing",Small business,1,
2011,Melbourne (Remainder),Arts and Recreation Services,Small business,9,61
2011,Melbourne (Remainder),Construction,Medium business,5,229
2011,Melbourne (Remainder),Education and Training,Medium business,2,
2011,Melbourne (Remainder),"Electricity, Gas, Water and Waste Services",Small business,1,
2011,Melbourne (Remainder),Financial and Insurance Services,Large business,3,987
2011,Melbourne (Remainder),Financial and Insurance Services,Small business,29,257
2011,Melbourne (Remainder),Health Care and Social Assistance,Small business,59,266
2011,Melbourne (Remainder),Manufacturing,Small business,9,30
2011,Melbourne (Remainder),Other Services,Non employing,10,0
2011,Melbourne (Remainder),Other Services,Small business,15,67
2011,Melbourne (Remainder),Public Administration and Safety,Medium business,3,144
2011,Melbourne (Remainder),Retail Trade,Medium business,1,
2011,Melbourne (Remainder),"Transport, Postal and Warehousing",Medium business,1,
2011,Melbourne (Remainder),Wholesale Trade,Medium business,3,225
2011,Melbourne (Remainder),Wholesale Trade,Small business,3,13
2011,North Melbourne,Accommodation and Food Services,Medium business,7,168
2011,North Melbourne,Arts and Recreation Services,Small business,31,105
2011,North Melbourne,Education and Training,Medium business,6,256
2011,North Melbourne,Education and Training,Non employing,1,
2011,North Melbourne,Health Care and Social Assistance,Small business,82,462
2011,North Melbourne,Information Media and Telecommunications,Medium business,3,129
2011,North Melbourne,Manufacturing,Small business,53,323
2011,North Melbourne,Other Services,Small business,128,573
2011,North Melbourne,Public Administration and Safety,Small business,9,57
2011,North Melbourne,Retail Trade,Medium business,4,209
2011,North Melbourne,Retail Trade,Small business,109,513
2011,North Melbourne,"Transport, Postal and Warehousing",Medium business,6,163
2011,North Melbourne,"Transport, Postal and Warehousing",Non employing,1,
2011,Parkville,Arts and Recreation Services,Large business,1,
2011,Parkville,Education and Training,Medium business,4,303
2011,Parkville,Education and Training,Small business,9,103
2011,Parkville,Financial and Insurance Services,Small business,6,33
2011,Parkville,Health Care and Social Assistance,Large business,6,14903
2011,Parkville,Health Care and Social Assistance,Medium business,5,347
2011,Parkville,Information Media and Telecommunications,Non employing,1,
2011,Parkville,Information Media and Telecommunications,Small business,2,
2011,Parkville,"Professional, Scientific and Technical Services",Small business,5,37
2011,Port Melbourne,Accommodation and Food Services,Medium business,2,
2011,Port Melbourne,Arts and Recreation Services,Non employing,6,0
2011,Port Melbourne,Education and Training,Small business,5,31
2011,Port Melbourne,"Electricity, Gas, Water and Waste Services",Non employing,6,0
2011,Port Melbourne,Health Care and Social Assistance,Non employing,1,
2011,Port Melbourne,Manufacturing,Small business,48,355
2011,Port Melbourne,"Professional, Scientific and Technical Services",Medium business,14,695
2011,Port Melbourne,Public Administration and Safety,Large business,1,
2011,Port Melbourne,Public Administration and Safety,Medium business,2,
2011,Port Melbourne,Public Administration and Safety,Non employing,1,
2011,Port Melbourne,Retail Trade,Medium business,3,185
2011,Port Melbourne,Retail Trade,Non employing,1,
2011,Port Melbourne,Retail Trade,Small business,18,109
2011,Port Melbourne,"Transport, Postal and Warehousing",Small business,20,166
2011,Port Melbourne,Wholesale Trade,Large business,3,945
2011,Port Melbourne,Wholesale Trade,Medium business,16,827
2011,Port Melbourne,Wholesale Trade,Non employing,1,
2011,South Yarra,Education and Training,Non employing,4,0
2011,South Yarra,Health Care and Social Assistance,Medium business,1,
2011,South Yarra,Other Services,Small business,10,39
2011,South Yarra,Public Administration and Safety,Small business,1,
2011,South Yarra,Retail Trade,Medium business,1,
2011,Southbank,Accommodation and Food Services,Small business,98,891
2011,Southbank,Administrative and Support Services,Medium business,8,615
2011,Southbank,Arts and Recreation Services,Non employing,9,0
2011,Southbank,Construction,Medium business,9,517
2011,Southbank,Education and Training,Medium business,9,545
2011,Southbank,Financial and Insurance Services,Large business,1,
2011,Southbank,Financial and Insurance Services,Small business,17,122
2011,Southbank,Information Media and Telecommunications,Small business,7,85
2011,Southbank,Manufacturing,Large business,4,4535
2011,Southbank,Mining,Small business,3,30
2011,Southbank,Other Services,Small business,29,150
2011,Southbank,"Professional, Scientific and Technical Services",Large business,6,3245
2011,Southbank,Public Administration and Safety,Large business,1,
2011,Southbank,Public Administration and Safety,Medium business,7,363
2011,Southbank,"Rental, Hiring and Real Estate Services",Large business,1,
2011,Southbank,"Rental, Hiring and Real Estate Services",Medium business,3,183
2011,Southbank,Retail Trade,Medium business,7,359
2011,Southbank,"Transport, Postal and Warehousing",Small business,8,47
2011,Southbank,Wholesale Trade,Small business,15,111
2011,West Melbourne (Industrial),"Agriculture, Forestry and Fishing",Small business,1,
2011,West Melbourne (Industrial),Construction,Small business,2,
2011,West Melbourne (Industrial),Financial and Insurance Services,Medium business,1,
2011,West Melbourne (Industrial),Manufacturing,Medium business,4,85
2011,West Melbourne (Industrial),Other Services,Medium business,1,
2011,West Melbourne (Industrial),Other Services,Small business,5,44
2011,West Melbourne (Industrial),"Professional, Scientific and Technical Services",Medium business,2,
2011,West Melbourne (Industrial),"Professional, Scientific and Technical Services",Small business,3,24
2011,West Melbourne (Industrial),Public Administration and Safety,Small business,3,19
2011,West Melbourne (Industrial),Retail Trade,Small business,8,56
2011,West Melbourne (Industrial),"Transport, Postal and Warehousing",Small business,26,203
2011,West Melbourne (Industrial),Wholesale Trade,Small business,170,1638
2011,West Melbourne (Residential),Administrative and Support Services,Medium business,4,321
2011,West Melbourne (Residential),Administrative and Support Services,Small business,12,88
2011,West Melbourne (Residential),Arts and Recreation Services,Medium business,3,119
2011,West Melbourne (Residential),"Electricity, Gas, Water and Waste Services",Small business,1,
2011,West Melbourne (Residential),Health Care and Social Assistance,Medium business,4,175
2011,West Melbourne (Residential),Health Care and Social Assistance,Small business,9,45
2011,West Melbourne (Residential),Manufacturing,Non employing,1,
2011,West Melbourne (Residential),Other Services,Non employing,5,0
2011,West Melbourne (Residential),"Professional, Scientific and Technical Services",Non employing,1,
2011,West Melbourne (Residential),Public Administration and Safety,Large business,1,
2011,West Melbourne (Residential),"Rental, Hiring and Real Estate Services",Small business,5,31
2011,West Melbourne (Residential),Retail Trade,Medium business,1,
2011,West Melbourne (Residential),Retail Trade,Non employing,1,
2011,West Melbourne (Residential),Retail Trade,Small business,44,180
2011,West Melbourne (Residential),"Transport, Postal and Warehousing",Small business,16,120
2011,West Melbourne (Residential),Wholesale Trade,Medium business,5,227
2011,West Melbourne (Residential),Wholesale Trade,Small business,39,213
2012,Carlton,Administrative and Support Services,Medium business,6,190
2012,Carlton,Arts and Recreation Services,Non employing,17,0
2012,Carlton,Education and Training,Large business,5,1459
2012,Carlton,Education and Training,Non employing,1,
2012,Carlton,Financial and Insurance Services,Small business,29,177
2012,Carlton,Health Care and Social Assistance,Medium business,14,789
2012,Carlton,Health Care and Social Assistance,Non employing,1,
2012,Carlton,Information Media and Telecommunications,Non employing,1,
2012,Carlton,Other Services,Non employing,16,0
2012,Carlton,"Professional, Scientific and Technical Services",Large business,1,
2012,Carlton,"Professional, Scientific and Technical Services",Small business,127,716
2012,Carlton,"Transport, Postal and Warehousing",Small business,4,26
2012,Docklands,Accommodation and Food Services,Large business,1,
2012,Docklands,Accommodation and Food Services,Medium business,19,882
2012,Docklands,Administrative and Support Services,Non employing,4,0
2012,Docklands,Arts and Recreation Services,Large business,1,
2012,Docklands,Arts and Recreation Services,Small business,21,101
2012,Docklands,Construction,Medium business,10,505
2012,Docklands,Construction,Small business,13,92
2012,Docklands,Education and Training,Medium business,2,
2012,Docklands,Financial and Insurance Services,Medium business,5,344
2012,Docklands,Health Care and Social Assistance,Small business,18,93
2012,Docklands,Manufacturing,Medium business,4,151
2012,Docklands,Manufacturing,Small business,10,48
2012,Docklands,Mining,Large business,1,
2012,Docklands,Public Administration and Safety,Medium business,3,234
2012,Docklands,Public Administration and Safety,Non employing,2,
2012,Docklands,"Transport, Postal and Warehousing",Non employing,3,0
2012,East Melbourne,Accommodation and Food Services,Small business,60,413
2012,East Melbourne,Administrative and Support Services,Non employing,3,0
2012,East Melbourne,Administrative and Support Services,Small business,9,40
2012,East Melbourne,Arts and Recreation Services,Medium business,8,460
2012,East Melbourne,Arts and Recreation Services,Small business,15,77
2012,East Melbourne,"Electricity, Gas, Water and Waste Services",Large business,1,
2012,East Melbourne,Health Care and Social Assistance,Large business,5,4752
2012,East Melbourne,Information Media and Telecommunications,Medium business,1,
2012,East Melbourne,Manufacturing,Medium business,1,
2012,East Melbourne,Other Services,Non employing,6,0
2012,East Melbourne,"Professional, Scientific and Technical Services",Non employing,1,
2012,East Melbourne,Public Administration and Safety,Small business,3,36
2012,East Melbourne,"Rental, Hiring and Real Estate Services",Small business,6,31
2012,East Melbourne,Retail Trade,Non employing,1,
2012,East Melbourne,Retail Trade,Small business,16,88
2012,East Melbourne,Wholesale Trade,Medium business,1,
2012,Kensington,Accommodation and Food Services,Non employing,1,
2012,Kensington,Arts and Recreation Services,Non employing,57,0
2012,Kensington,Construction,Medium business,4,180
2012,Kensington,Construction,Non employing,1,
2012,Kensington,Education and Training,Medium business,3,75
2012,Kensington,Education and Training,Non employing,1,
2012,Kensington,Education and Training,Small business,7,37
2012,Kensington,"Electricity, Gas, Water and Waste Services",Non employing,9,0
2012,Kensington,"Electricity, Gas, Water and Waste Services",Small business,1,
2012,Kensington,Manufacturing,Non employing,4,0
2012,Kensington,"Professional, Scientific and Technical Services",Medium business,5,387
2012,Kensington,"Rental, Hiring and Real Estate Services",Small business,10,59
2012,Kensington,Retail Trade,Medium business,5,371
2012,Kensington,Retail Trade,Small business,38,168
2012,Kensington,Wholesale Trade,Medium business,3,76
2012,Kensington,Wholesale Trade,Small business,25,151
2012,Melbourne (CBD),Accommodation and Food Services,Small business,1298,9779
2012,Melbourne (CBD),Arts and Recreation Services,Small business,110,553
2012,Melbourne (CBD),Education and Training,Small business,173,1211
2012,Melbourne (CBD),"Electricity, Gas, Water and Waste Services",Non employing,37,0
2012,Melbourne (CBD),Financial and Insurance Services,Large business,38,28758
2012,Melbourne (CBD),Financial and Insurance Services,Non employing,1,
2012,Melbourne (CBD),Health Care and Social Assistance,Medium business,41,1779
2012,Melbourne (CBD),Information Media and Telecommunications,Non employing,5,0
2012,Melbourne (CBD),Information Media and Telecommunications,Small business,114,745
2012,Melbourne (CBD),Manufacturing,Large business,1,
2012,Melbourne (CBD),Mining,Large business,1,
2012,Melbourne (CBD),Mining,Small business,38,259
2012,Melbourne (CBD),Other Services,Non employing,64,0
2012,Melbourne (CBD),Other Services,Small business,699,3049
2012,Melbourne (CBD),"Professional, Scientific and Technical Services",Medium business,306,15772
2012,Melbourne (CBD),"Professional, Scientific and Technical Services",Non employing,9,0
2012,Melbourne (CBD),"Professional, Scientific and Technical Services",Small business,1428,8641
2012,Melbourne (CBD),Public Administration and Safety,Large business,33,19132
2012,Melbourne (CBD),"Rental, Hiring and Real Estate Services",Medium business,25,1347
2012,Melbourne (CBD),"Rental, Hiring and Real Estate Services",Non employing,12,0
2012,Melbourne (CBD),"Transport, Postal and Warehousing",Small business,55,414
2012,Melbourne (CBD),Wholesale Trade,Small business,101,438
2012,Melbourne (Remainder),Accommodation and Food Services,Medium business,8,308
2012,Melbourne (Remainder),Accommodation and Food Services,Small business,29,198
2012,Melbourne (Remainder),Administrative and Support Services,Small business,18,126
2012,Melbourne (Remainder),"Agriculture, Forestry and Fishing",Small business,1,
2012,Melbourne (Remainder),Arts and Recreation Services,Large business,5,3483
2012,Melbourne (Remainder),Arts and Recreation Services,Non employing,25,0
2012,Melbourne (Remainder),Construction,Small business,5,20
2012,Melbourne (Remainder),Education and Training,Medium business,2,
2012,Melbourne (Remainder),Health Care and Social Assistance,Medium business,5,182
2012,Melbourne (Remainder),Health Care and Social Assistance,Small business,59,266
2012,Melbourne (Remainder),Information Media and Telecommunications,Medium business,6,286
2012,Melbourne (Remainder),Information Media and Telecommunications,Small business,3,26
2012,Melbourne (Remainder),Manufacturing,Medium business,1,
2012,Melbourne (Remainder),Mining,Small business,1,
2012,Melbourne (Remainder),Other Services,Medium business,2,
2012,Melbourne (Remainder),Other Services,Small business,15,67
2012,Melbourne (Remainder),"Professional, Scientific and Technical Services",Large business,5,3040
2012,Melbourne (Remainder),"Professional, Scientific and Technical Services",Medium business,24,1610
2012,Melbourne (Remainder),"Professional, Scientific and Technical Services",Small business,43,325
2012,Melbourne (Remainder),Retail Trade,Small business,17,86
2012,North Melbourne,Administrative and Support Services,Small business,36,218
2012,North Melbourne,"Agriculture, Forestry and Fishing",Small business,1,
2012,North Melbourne,Construction,Medium business,5,258
2012,North Melbourne,"Electricity, Gas, Water and Waste Services",Medium business,1,
2012,North Melbourne,"Electricity, Gas, Water and Waste Services",Small business,1,
2012,North Melbourne,Financial and Insurance Services,Small business,19,133
2012,North Melbourne,Information Media and Telecommunications,Non employing,2,
2012,North Melbourne,Information Media and Telecommunications,Small business,28,151
2012,North Melbourne,Manufacturing,Small business,51,293
2012,North Melbourne,Other Services,Medium business,5,169
2012,North Melbourne,"Professional, Scientific and Technical Services",Medium business,18,937
2012,North Melbourne,Public Administration and Safety,Medium business,6,273
2012,North Melbourne,Public Administration and Safety,Small business,8,35
2012,North Melbourne,"Rental, Hiring and Real Estate Services",Non employing,1,
2012,North Melbourne,"Rental, Hiring and Real Estate Services",Small business,20,124
2012,North Melbourne,Retail Trade,Non employing,6,0
2012,North Melbourne,"Transport, Postal and Warehousing",Medium business,4,128
2012,North Melbourne,"Transport, Postal and Warehousing",Small business,27,185
2012,Parkville,Education and Training,Non employing,1,
2012,Parkville,Education and Training,Small business,9,86
2012,Parkville,"Electricity, Gas, Water and Waste Services",Non employing,8,0
2012,Parkville,Information Media and Telecommunications,Small business,2,
2012,Parkville,Manufacturing,Large business,1,
2012,Parkville,Manufacturing,Medium business,1,
2012,Parkville,Other Services,Non employing,5,0
2012,Parkville,"Professional, Scientific and Technical Services",Large business,1,
2012,Parkville,"Professional, Scientific and Technical Services",Small business,11,66
2012,Parkville,Public Administration and Safety,Small business,1,
2012,Port Melbourne,Accommodation and Food Services,Small business,15,87
2012,Port Melbourne,Administrative and Support Services,Small business,11,77
2012,Port Melbourne,"Agriculture, Forestry and Fishing",Small business,2,
2012,Port Melbourne,Education and Training,Small business,5,31
2012,Port Melbourne,Financial and Insurance Services,Small business,9,52
2012,Port Melbourne,Health Care and Social Assistance,Non employing,1,
2012,Port Melbourne,Information Media and Telecommunications,Medium business,2,
2012,Port Melbourne,Manufacturing,Large business,7,3637
2012,Port Melbourne,Other Services,Medium business,2,
2012,Port Melbourne,Public Administration and Safety,Large business,1,
2012,Port Melbourne,Public Administration and Safety,Medium business,2,
2012,Port Melbourne,Public Administration and Safety,Non employing,1,
2012,Port Melbourne,Public Administration and Safety,Small business,3,24
2012,South Yarra,Other Services,Small business,10,39
2012,South Yarra,Retail Trade,Medium business,1,
2012,Southbank,Accommodation and Food Services,Small business,98,891
2012,Southbank,Administrative and Support Services,Medium business,8,615
2012,Southbank,"Agriculture, Forestry and Fishing",Medium business,3,241
2012,Southbank,Arts and Recreation Services,Medium business,15,1057
2012,Southbank,Construction,Medium business,9,517
2012,Southbank,Education and Training,Small business,5,45
2012,Southbank,"Electricity, Gas, Water and Waste Services",Medium business,1,
2012,Southbank,Financial and Insurance Services,Large business,1,
2012,Southbank,Health Care and Social Assistance,Medium business,4,207
2012,Southbank,Health Care and Social Assistance,Small business,19,132
2012,Southbank,Information Media and Telecommunications,Small business,7,85
2012,Southbank,Manufacturing,Small business,7,53
2012,Southbank,Mining,Small business,3,30
2012,Southbank,Other Services,Large business,1,
2012,Southbank,"Professional, Scientific and Technical Services",Medium business,56,3491
2012,Southbank,"Professional, Scientific and Technical Services",Non employing,1,
2012,Southbank,"Professional, Scientific and Technical Services",Small business,79,683
2012,Southbank,Public Administration and Safety,Medium business,7,363
2012,Southbank,"Rental, Hiring and Real Estate Services",Large business,1,
2012,Southbank,Retail Trade,Small business,211,1304
2012,Southbank,"Transport, Postal and Warehousing",Small business,8,47
2012,Southbank,Wholesale Trade,Non employing,1,
2012,West Melbourne (Industrial),Arts and Recreation Services,Small business,3,16
2012,West Melbourne (Industrial),"Electricity, Gas, Water and Waste Services",Non employing,7,0
2012,West Melbourne (Industrial),"Electricity, Gas, Water and Waste Services",Small business,3,19
2012,West Melbourne (Industrial),Financial and Insurance Services,Medium business,1,
2012,West Melbourne (Industrial),Information Media and Telecommunications,Medium business,1,
2012,West Melbourne (Industrial),Manufacturing,Medium business,5,121
2012,West Melbourne (Industrial),"Professional, Scientific and Technical Services",Medium business,2,
2012,West Melbourne (Industrial),"Professional, Scientific and Technical Services",Small business,2,
2012,West Melbourne (Industrial),Retail Trade,Small business,9,70
2012,West Melbourne (Industrial),"Transport, Postal and Warehousing",Medium business,18,1250
2012,West Melbourne (Industrial),Wholesale Trade,Medium business,54,2023
2012,West Melbourne (Residential),Accommodation and Food Services,Non employing,3,0
2012,West Melbourne (Residential),Administrative and Support Services,Medium business,3,376
2012,West Melbourne (Residential),Administrative and Support Services,Small business,11,83
2012,West Melbourne (Residential),Arts and Recreation Services,Medium business,4,181
2012,West Melbourne (Residential),Education and Training,Small business,13,96
2012,West Melbourne (Residential),Information Media and Telecommunications,Small business,9,73
2012,West Melbourne (Residential),Manufacturing,Medium business,6,197
2012,West Melbourne (Residential),Other Services,Medium business,5,162
2012,West Melbourne (Residential),Public Administration and Safety,Small business,3,18
2012,West Melbourne (Residential),Retail Trade,Medium business,1,
2012,West Melbourne (Residential),Retail Trade,Small business,41,161
2012,West Melbourne (Residential),"Transport, Postal and Warehousing",Small business,18,116
2012,West Melbourne (Residential),Wholesale Trade,Medium business,4,171
2013,Carlton,Accommodation and Food Services,Medium business,22,680
2013,Carlton,Accommodation and Food Services,Non employing,18,0
2013,Carlton,Administrative and Support Services,Medium business,6,190
2013,Carlton,Administrative and Support Services,Small business,22,92
2013,Carlton,Construction,Medium business,4,184
2013,Carlton,Construction,Small business,13,90
2013,Carlton,Education and Training,Large business,5,1459
2013,Carlton,Education and Training,Medium business,34,2184
2013,Carlton,Education and Training,Non employing,1,
2013,Carlton,Financial and Insurance Services,Medium business,5,260
2013,Carlton,Health Care and Social Assistance,Medium business,14,789
2013,Carlton,Health Care and Social Assistance,Small business,84,451
2013,Carlton,Information Media and Telecommunications,Non employing,1,
2013,Carlton,Information Media and Telecommunications,Small business,8,53
2013,Carlton,Manufacturing,Small business,30,143
2013,Carlton,Other Services,Medium business,22,1050
2013,Carlton,Other Services,Small business,108,541
2013,Carlton,"Professional, Scientific and Technical Services",Large business,1,
2013,Carlton,Public Administration and Safety,Large business,2,
2013,Carlton,Public Administration and Safety,Medium business,7,461
2013,Carlton,"Rental, Hiring and Real Estate Services",Small business,20,116
2013,Carlton,Retail Trade,Medium business,4,285
2013,Carlton,Retail Trade,Non employing,5,0
2013,Carlton,Retail Trade,Small business,143,629
2013,Carlton,Wholesale Trade,Small business,22,86
2013,Docklands,Arts and Recreation Services,Small business,21,101
2013,Docklands,Financial and Insurance Services,Small business,16,95
2013,Docklands,Information Media and Telecommunications,Medium business,5,231
2013,Docklands,Mining,Large business,1,
2013,Docklands,Other Services,Large business,1,
2013,Docklands,Other Services,Non employing,18,0
2013,Docklands,"Professional, Scientific and Technical Services",Large business,4,2149
2013,Docklands,Public Administration and Safety,Medium business,3,234
2013,Docklands,Public Administration and Safety,Non employing,2,
2013,Docklands,"Rental, Hiring and Real Estate Services",Medium business,2,
2013,Docklands,Retail Trade,Medium business,5,331
2013,Docklands,Retail Trade,Small business,251,1301
2013,Docklands,Wholesale Trade,Small business,12,52
2013,East Melbourne,Accommodation and Food Services,Non employing,6,0
2013,East Melbourne,Administrative and Support Services,Medium business,4,209
2013,East Melbourne,Administrative and Support Services,Non employing,3,0
2013,East Melbourne,Administrative and Support Services,Small business,9,40
2013,East Melbourne,Construction,Small business,8,45
2013,East Melbourne,Education and Training,Medium business,7,557
2013,East Melbourne,"Electricity, Gas, Water and Waste Services",Medium business,3,312
2013,East Melbourne,Financial and Insurance Services,Large business,2,
2013,East Melbourne,Health Care and Social Assistance,Non employing,2,
2013,East Melbourne,Health Care and Social Assistance,Small business,200,1084
2013,East Melbourne,Information Media and Telecommunications,Non employing,1,
2013,East Melbourne,Manufacturing,Large business,1,
2013,East Melbourne,Manufacturing,Medium business,1,
2013,East Melbourne,Manufacturing,Small business,3,14
2013,East Melbourne,Other Services,Large business,2,
2013,East Melbourne,Other Services,Medium business,8,570
2013,East Melbourne,Public Administration and Safety,Large business,6,3983
2013,East Melbourne,Retail Trade,Small business,16,88
2013,Kensington,Accommodation and Food Services,Non employing,1,
2013,Kensington,Administrative and Support Services,Small business,5,34
2013,Kensington,Arts and Recreation Services,Small business,14,66
2013,Kensington,Construction,Non employing,2,
2013,Kensington,Education and Training,Medium business,3,121
2013,Kensington,Information Media and Telecommunications,Medium business,1,
2013,Kensington,Information Media and Telecommunications,Non employing,3,0
2013,Kensington,Manufacturing,Small business,25,123
2013,Kensington,Other Services,Non employing,4,0
2013,Kensington,"Professional, Scientific and Technical Services",Small business,23,144
2013,Kensington,Public Administration and Safety,Small business,2,
2013,Kensington,Retail Trade,Non employing,3,0
2013,Kensington,Retail Trade,Small business,40,178
2013,Kensington,Wholesale Trade,Medium business,2,
2013,Kensington,Wholesale Trade,Non employing,2,
2013,Melbourne (CBD),Accommodation and Food Services,Medium business,242,9407
2013,Melbourne (CBD),Accommodation and Food Services,Non employing,16,0
2013,Melbourne (CBD),Administrative and Support Services,Large business,4,3632
2013,Melbourne (CBD),Administrative and Support Services,Non employing,4,0
2013,Melbourne (CBD),Administrative and Support Services,Small business,405,2537
2013,Melbourne (CBD),"Agriculture, Forestry and Fishing",Small business,3,21
2013,Melbourne (CBD),Arts and Recreation Services,Large business,2,
2013,Melbourne (CBD),Arts and Recreation Services,Small business,109,561
2013,Melbourne (CBD),Construction,Medium business,16,767
2013,Melbourne (CBD),Education and Training,Small business,173,1227
2013,Melbourne (CBD),"Electricity, Gas, Water and Waste Services",Medium business,8,550
2013,Melbourne (CBD),Financial and Insurance Services,Medium business,147,8790
2013,Melbourne (CBD),Information Media and Telecommunications,Medium business,38,1904
2013,Melbourne (CBD),Mining,Small business,35,202
2013,Melbourne (CBD),Other Services,Medium business,35,1572
2013,Melbourne (CBD),"Professional, Scientific and Technical Services",Medium business,337,17527
2013,Melbourne (CBD),"Professional, Scientific and Technical Services",Non employing,7,0
2013,Melbourne (CBD),Public Administration and Safety,Large business,34,19270
2013,Melbourne (CBD),"Rental, Hiring and Real Estate Services",Large business,1,
2013,Melbourne (CBD),"Rental, Hiring and Real Estate Services",Small business,158,956
2013,Melbourne (CBD),Retail Trade,Large business,4,1832
2013,Melbourne (CBD),"Transport, Postal and Warehousing",Large business,8,4397
2013,Melbourne (CBD),Wholesale Trade,Medium business,8,276
2013,Melbourne (CBD),Wholesale Trade,Small business,104,469
2013,Melbourne (Remainder),Arts and Recreation Services,Large business,5,3405
2013,Melbourne (Remainder),Arts and Recreation Services,Medium business,8,473
2013,Melbourne (Remainder),Arts and Recreation Services,Non employing,27,0
2013,Melbourne (Remainder),Arts and Recreation Services,Small business,7,50
2013,Melbourne (Remainder),Education and Training,Medium business,2,
2013,Melbourne (Remainder),Financial and Insurance Services,Small business,29,236
2013,Melbourne (Remainder),Health Care and Social Assistance,Large business,3,5486
2013,Melbourne (Remainder),Information Media and Telecommunications,Medium business,5,215
2013,Melbourne (Remainder),Information Media and Telecommunications,Small business,6,42
2013,Melbourne (Remainder),Manufacturing,Large business,1,
2013,Melbourne (Remainder),Manufacturing,Medium business,1,
2013,Melbourne (Remainder),Manufacturing,Small business,11,41
2013,Melbourne (Remainder),Other Services,Non employing,12,0
2013,Melbourne (Remainder),"Professional, Scientific and Technical Services",Large business,5,2821
2013,Melbourne (Remainder),"Transport, Postal and Warehousing",Medium business,1,
2013,Melbourne (Remainder),"Transport, Postal and Warehousing",Non employing,1,
2013,North Melbourne,Accommodation and Food Services,Non employing,6,0
2013,North Melbourne,Administrative and Support Services,Medium business,7,363
2013,North Melbourne,"Agriculture, Forestry and Fishing",Small business,1,
2013,North Melbourne,Arts and Recreation Services,Medium business,4,269
2013,North Melbourne,Arts and Recreation Services,Non employing,13,0
2013,North Melbourne,Arts and Recreation Services,Small business,35,128
2013,North Melbourne,Construction,Non employing,1,
2013,North Melbourne,"Electricity, Gas, Water and Waste Services",Non employing,23,0
2013,North Melbourne,Financial and Insurance Services,Small business,19,133
2013,North Melbourne,Health Care and Social Assistance,Large business,1,
2013,North Melbourne,Information Media and Telecommunications,Small business,28,151
2013,North Melbourne,Manufacturing,Non employing,2,
2013,North Melbourne,Manufacturing,Small business,51,293
2013,North Melbourne,Other Services,Medium business,5,169
2013,North Melbourne,Other Services,Small business,138,610
2013,North Melbourne,"Professional, Scientific and Technical Services",Medium business,18,937
2013,North Melbourne,"Rental, Hiring and Real Estate Services",Medium business,3,155
2013,North Melbourne,"Rental, Hiring and Real Estate Services",Small business,20,124
2013,North Melbourne,Retail Trade,Medium business,3,183
2013,North Melbourne,"Transport, Postal and Warehousing",Small business,27,185
2013,North Melbourne,Wholesale Trade,Medium business,8,297
2013,North Melbourne,Wholesale Trade,Small business,66,390
2013,Parkville,Accommodation and Food Services,Small business,46,289
2013,Parkville,Arts and Recreation Services,Large business,1,
2013,Parkville,Arts and Recreation Services,Non employing,25,0
2013,Parkville,Education and Training,Large business,3,4209
2013,Parkville,Education and Training,Small business,9,86
2013,Parkville,"Electricity, Gas, Water and Waste Services",Non employing,8,0
2013,Parkville,Health Care and Social Assistance,Medium business,4,275
2013,Parkville,Health Care and Social Assistance,Non employing,1,
2013,Parkville,Manufacturing,Large business,1,
2013,Parkville,Manufacturing,Medium business,1,
2013,Parkville,Retail Trade,Medium business,1,
2013,Parkville,"Transport, Postal and Warehousing",Non employing,1,
2013,Port Melbourne,Administrative and Support Services,Medium business,2,
2013,Port Melbourne,"Agriculture, Forestry and Fishing",Small business,2,
2013,Port Melbourne,Arts and Recreation Services,Non employing,6,0
2013,Port Melbourne,Arts and Recreation Services,Small business,6,39
2013,Port Melbourne,Financial and Insurance Services,Medium business,1,
2013,Port Melbourne,Financial and Insurance Services,Non employing,1,
2013,Port Melbourne,Health Care and Social Assistance,Medium business,1,
2013,Port Melbourne,Other Services,Small business,9,44
2013,Port Melbourne,Public Administration and Safety,Small business,5,43
2013,Port Melbourne,"Rental, Hiring and Real Estate Services",Medium business,3,88
2013,Port Melbourne,"Transport, Postal and Warehousing",Medium business,11,670
2013,Port Melbourne,"Transport, Postal and Warehousing",Small business,24,190
2013,South Yarra,Accommodation and Food Services,Small business,11,120
2013,South Yarra,Administrative and Support Services,Non employing,1,
2013,South Yarra,Arts and Recreation Services,Small business,2,
2013,South Yarra,Education and Training,Large business,1,
2013,South Yarra,Health Care and Social Assistance,Medium business,1,
2013,South Yarra,Health Care and Social Assistance,Small business,2,
2013,Southbank,Administrative and Support Services,Large business,1,
2013,Southbank,Administrative and Support Services,Small business,16,101
2013,Southbank,"Agriculture, Forestry and Fishing",Medium business,3,229
2013,Southbank,Construction,Medium business,14,646
2013,Southbank,Education and Training,Large business,1,
2013,Southbank,Education and Training,Medium business,7,395
2013,Southbank,Education and Training,Small business,10,89
2013,Southbank,"Electricity, Gas, Water and Waste Services",Large business,1,
2013,Southbank,"Electricity, Gas, Water and Waste Services",Medium business,3,195
2013,Southbank,Financial and Insurance Services,Medium business,12,717
2013,Southbank,Financial and Insurance Services,Small business,16,83
2013,Southbank,Information Media and Telecommunications,Large business,3,1968
2013,Southbank,Information Media and Telecommunications,Small business,11,115
2013,Southbank,Manufacturing,Large business,5,4188
2013,Southbank,Manufacturing,Small business,4,28
2013,Southbank,Mining,Small business,2,
2013,Southbank,Other Services,Large business,1,
2013,Southbank,Other Services,Small business,25,145
2013,Southbank,Public Administration and Safety,Medium business,6,298
2013,Southbank,Retail Trade,Small business,232,1467
2013,Southbank,"Transport, Postal and Warehousing",Small business,7,52
2013,Southbank,Wholesale Trade,Medium business,5,203
2013,Southbank,Wholesale Trade,Small business,16,119
2013,West Melbourne (Industrial),Accommodation and Food Services,Medium business,2,
2013,West Melbourne (Industrial),Construction,Small business,3,21
2013,West Melbourne (Industrial),"Electricity, Gas, Water and Waste Services",Non employing,7,0
2013,West Melbourne (Industrial),Information Media and Telecommunications,Non employing,3,0
2013,West Melbourne (Industrial),"Professional, Scientific and Technical Services",Small business,2,
2013,West Melbourne (Industrial),"Transport, Postal and Warehousing",Non employing,13,0
2013,West Melbourne (Industrial),Wholesale Trade,Medium business,54,2023
2013,West Melbourne (Industrial),Wholesale Trade,Small business,168,1824
2013,West Melbourne (Residential),Accommodation and Food Services,Non employing,3,0
2013,West Melbourne (Residential),Accommodation and Food Services,Small business,58,297
2013,West Melbourne (Residential),Arts and Recreation Services,Non employing,8,0
2013,West Melbourne (Residential),Arts and Recreation Services,Small business,6,31
2013,West Melbourne (Residential),Education and Training,Small business,13,96
2013,West Melbourne (Residential),Financial and Insurance Services,Medium business,2,
2013,West Melbourne (Residential),Financial and Insurance Services,Small business,14,89
2013,West Melbourne (Residential),Manufacturing,Medium business,6,197
2013,West Melbourne (Residential),Other Services,Small business,48,224
2013,West Melbourne (Residential),"Professional, Scientific and Technical Services",Medium business,14,904
2013,West Melbourne (Residential),"Professional, Scientific and Technical Services",Non employing,2,
2013,West Melbourne (Residential),"Professional, Scientific and Technical Services",Small business,92,515
2013,West Melbourne (Residential),Public Administration and Safety,Small business,3,18
2013,West Melbourne (Residential),"Transport, Postal and Warehousing",Small business,18,116
2013,West Melbourne (Residential),Wholesale Trade,Medium business,4,171
2013,West Melbourne (Residential),Wholesale Trade,Small business,31,170
2014,Carlton,Accommodation and Food Services,Small business,223,1567
2014,Carlton,Administrative and Support Services,Non employing,2,
2014,Carlton,Administrative and Support Services,Small business,19,74
2014,Carlton,"Agriculture, Forestry and Fishing",Small business,2,
2014,Carlton,Arts and Recreation Services,Non employing,17,0
2014,Carlton,Arts and Recreation Services,Small business,20,105
2014,Carlton,Education and Training,Non employing,4,0
2014,Carlton,Education and Training,Small business,48,428
2014,Carlton,"Electricity, Gas, Water and Waste Services",Non employing,14,0
2014,Carlton,Health Care and Social Assistance,Large business,1,
2014,Carlton,Information Media and Telecommunications,Medium business,4,202
2014,Carlton,Other Services,Large business,1,
2014,Carlton,Public Administration and Safety,Medium business,7,766
2014,Carlton,Retail Trade,Small business,139,612
2014,Carlton,Wholesale Trade,Non employing,1,
2014,Docklands,Accommodation and Food Services,Medium business,20,907
2014,Docklands,Administrative and Support Services,Medium business,6,239
2014,Docklands,Arts and Recreation Services,Large business,2,
2014,Docklands,Arts and Recreation Services,Medium business,2,
2014,Docklands,Arts and Recreation Services,Non employing,12,0
2014,Docklands,Education and Training,Medium business,3,97
2014,Docklands,Health Care and Social Assistance,Medium business,3,143
2014,Docklands,Information Media and Telecommunications,Medium business,6,306
2014,Docklands,Information Media and Telecommunications,Non employing,2,
2014,Docklands,Information Media and Telecommunications,Small business,6,31
2014,Docklands,Manufacturing,Small business,15,67
2014,Docklands,Other Services,Medium business,3,316
2014,Docklands,"Professional, Scientific and Technical Services",Large business,6,5038
2014,Docklands,"Professional, Scientific and Technical Services",Small business,103,502
2014,Docklands,Public Administration and Safety,Large business,5,4833
2014,Docklands,Public Administration and Safety,Medium business,3,349
2014,Docklands,"Rental, Hiring and Real Estate Services",Medium business,2,
2014,Docklands,Retail Trade,Large business,2,
2014,Docklands,Retail Trade,Medium business,4,345
2014,Docklands,Retail Trade,Small business,226,1011
2014,Docklands,"Transport, Postal and Warehousing",Large business,5,1717
2014,East Melbourne,Accommodation and Food Services,Small business,59,415
2014,East Melbourne,Financial and Insurance Services,Large business,2,
2014,East Melbourne,Financial and Insurance Services,Small business,9,44
2014,East Melbourne,Information Media and Telecommunications,Medium business,1,
2014,East Melbourne,Information Media and Telecommunications,Non employing,1,
2014,East Melbourne,Manufacturing,Medium business,2,
2014,East Melbourne,Other Services,Large business,3,701
2014,East Melbourne,Other Services,Non employing,8,0
2014,East Melbourne,"Professional, Scientific and Technical Services",Medium business,16,741
2014,East Melbourne,"Professional, Scientific and Technical Services",Non employing,1,
2014,East Melbourne,Public Administration and Safety,Non employing,1,
2014,East Melbourne,"Rental, Hiring and Real Estate Services",Small business,10,76
2014,East Melbourne,"Transport, Postal and Warehousing",Small business,2,
2014,East Melbourne,Wholesale Trade,Medium business,2,
2014,Kensington,Accommodation and Food Services,Medium business,3,106
2014,Kensington,Accommodation and Food Services,Small business,36,171
2014,Kensington,Construction,Non employing,2,
2014,Kensington,Education and Training,Medium business,3,121
2014,Kensington,Financial and Insurance Services,Small business,3,11
2014,Kensington,Manufacturing,Non employing,4,0
2014,Kensington,"Transport, Postal and Warehousing",Medium business,2,
2014,Kensington,"Transport, Postal and Warehousing",Non employing,4,0
2014,Kensington,Wholesale Trade,Non employing,2,
2014,Melbourne (CBD),Accommodation and Food Services,Large business,4,1501
2014,Melbourne (CBD),Accommodation and Food Services,Non employing,13,0
2014,Melbourne (CBD),Administrative and Support Services,Medium business,78,3880
2014,Melbourne (CBD),Administrative and Support Services,Small business,378,2421
2014,Melbourne (CBD),Construction,Large business,3,1148
2014,Melbourne (CBD),Construction,Non employing,3,0
2014,Melbourne (CBD),"Electricity, Gas, Water and Waste Services",Large business,10,6392
2014,Melbourne (CBD),"Electricity, Gas, Water and Waste Services",Medium business,8,492
2014,Melbourne (CBD),"Electricity, Gas, Water and Waste Services",Small business,5,31
2014,Melbourne (CBD),Financial and Insurance Services,Medium business,155,9737
2014,Melbourne (CBD),Financial and Insurance Services,Small business,514,3412
2014,Melbourne (CBD),Health Care and Social Assistance,Medium business,41,1798
2014,Melbourne (CBD),Information Media and Telecommunications,Large business,18,16616
2014,Melbourne (CBD),Information Media and Telecommunications,Medium business,37,2146
2014,Melbourne (CBD),Information Media and Telecommunications,Non employing,4,0
2014,Melbourne (CBD),Manufacturing,Medium business,5,232
2014,Melbourne (CBD),Mining,Large business,1,
2014,Melbourne (CBD),Other Services,Large business,2,
2014,Melbourne (CBD),"Professional, Scientific and Technical Services",Medium business,350,18224
2014,Melbourne (CBD),"Professional, Scientific and Technical Services",Non employing,5,0
2014,Melbourne (CBD),Public Administration and Safety,Large business,32,18637
2014,Melbourne (CBD),"Rental, Hiring and Real Estate Services",Large business,1,
2014,Melbourne (CBD),"Rental, Hiring and Real Estate Services",Medium business,31,1734
2014,Melbourne (CBD),"Rental, Hiring and Real Estate Services",Non employing,12,0
2014,Melbourne (CBD),Wholesale Trade,Medium business,5,194
2014,Melbourne (CBD),Wholesale Trade,Non employing,1,
2014,Melbourne (CBD),Wholesale Trade,Small business,106,522
2014,Melbourne (Remainder),Administrative and Support Services,Non employing,1,
2014,Melbourne (Remainder),Administrative and Support Services,Small business,19,112
2014,Melbourne (Remainder),Construction,Non employing,1,
2014,Melbourne (Remainder),Construction,Small business,4,29
2014,Melbourne (Remainder),Education and Training,Small business,7,64
2014,Melbourne (Remainder),"Electricity, Gas, Water and Waste Services",Non employing,2,
2014,Melbourne (Remainder),Financial and Insurance Services,Medium business,8,300
2014,Melbourne (Remainder),Health Care and Social Assistance,Large business,3,5982
2014,Melbourne (Remainder),Other Services,Medium business,3,133
2014,Melbourne (Remainder),Other Services,Non employing,12,0
2014,Melbourne (Remainder),Other Services,Small business,20,97
2014,Melbourne (Remainder),"Professional, Scientific and Technical Services",Large business,5,2993
2014,Melbourne (Remainder),"Rental, Hiring and Real Estate Services",Medium business,2,
2014,North Melbourne,Accommodation and Food Services,Medium business,8,237
2014,North Melbourne,Accommodation and Food Services,Non employing,3,0
2014,North Melbourne,Education and Training,Medium business,9,308
2014,North Melbourne,Financial and Insurance Services,Medium business,3,76
2014,North Melbourne,Financial and Insurance Services,Non employing,1,
2014,North Melbourne,Health Care and Social Assistance,Medium business,8,371
2014,North Melbourne,Health Care and Social Assistance,Small business,90,469
2014,North Melbourne,Information Media and Telecommunications,Medium business,2,
2014,North Melbourne,Manufacturing,Medium business,12,415
2014,North Melbourne,Manufacturing,Non employing,5,0
2014,North Melbourne,Other Services,Medium business,8,255
2014,North Melbourne,"Professional, Scientific and Technical Services",Medium business,19,807
2014,North Melbourne,"Professional, Scientific and Technical Services",Small business,124,655
2014,North Melbourne,"Rental, Hiring and Real Estate Services",Medium business,3,183
2014,North Melbourne,"Rental, Hiring and Real Estate Services",Small business,19,108
2014,North Melbourne,Retail Trade,Small business,88,374
2014,North Melbourne,"Transport, Postal and Warehousing",Medium business,3,85
2014,Parkville,Administrative and Support Services,Small business,4,28
2014,Parkville,Arts and Recreation Services,Small business,8,54
2014,Parkville,Construction,Medium business,1,
2014,Parkville,"Electricity, Gas, Water and Waste Services",Non employing,6,0
2014,Parkville,Health Care and Social Assistance,Large business,7,14762
2014,Parkville,"Professional, Scientific and Technical Services",Large business,1,
2014,Parkville,Public Administration and Safety,Small business,1,
2014,Parkville,"Rental, Hiring and Real Estate Services",Non employing,1,
2014,Parkville,"Transport, Postal and Warehousing",Non employing,2,
2014,Port Melbourne,Accommodation and Food Services,Small business,17,123
2014,Port Melbourne,Construction,Medium business,11,489
2014,Port Melbourne,Construction,Non employing,5,0
2014,Port Melbourne,Construction,Small business,42,251
2014,Port Melbourne,Education and Training,Small business,5,15
2014,Port Melbourne,"Electricity, Gas, Water and Waste Services",Non employing,6,0
2014,Port Melbourne,"Electricity, Gas, Water and Waste Services",Small business,2,
2014,Port Melbourne,Information Media and Telecommunications,Medium business,4,136
2014,Port Melbourne,Information Media and Telecommunications,Small business,11,87
2014,Port Melbourne,Manufacturing,Large business,5,2956
2014,Port Melbourne,Manufacturing,Medium business,24,1522
2014,Port Melbourne,Manufacturing,Small business,58,394
2014,Port Melbourne,Other Services,Non employing,1,
2014,Port Melbourne,"Professional, Scientific and Technical Services",Large business,1,
2014,Port Melbourne,Public Administration and Safety,Large business,1,
2014,Port Melbourne,Public Administration and Safety,Medium business,3,139
2014,Port Melbourne,Public Administration and Safety,Small business,5,43
2014,Port Melbourne,"Transport, Postal and Warehousing",Large business,2,
2014,Port Melbourne,Wholesale Trade,Small business,61,452
2014,South Yarra,Administrative and Support Services,Non employing,1,
2014,South Yarra,Administrative and Support Services,Small business,1,
2014,South Yarra,Education and Training,Small business,4,50
2014,South Yarra,Public Administration and Safety,Small business,1,
2014,Southbank,Accommodation and Food Services,Large business,4,2446
2014,Southbank,Administrative and Support Services,Medium business,7,385
2014,Southbank,Administrative and Support Services,Non employing,1,
2014,Southbank,"Agriculture, Forestry and Fishing",Medium business,3,229
2014,Southbank,Arts and Recreation Services,Non employing,8,0
2014,Southbank,Arts and Recreation Services,Small business,18,93
2014,Southbank,Construction,Medium business,14,646
2014,Southbank,Construction,Small business,20,139
2014,Southbank,Manufacturing,Medium business,4,338
2014,Southbank,Other Services,Large business,1,
2014,Southbank,"Professional, Scientific and Technical Services",Medium business,59,3531
2014,Southbank,"Rental, Hiring and Real Estate Services",Medium business,3,231
2014,Southbank,"Rental, Hiring and Real Estate Services",Small business,29,187
2014,Southbank,"Transport, Postal and Warehousing",Large business,1,
2014,Southbank,"Transport, Postal and Warehousing",Non employing,1,
2014,Southbank,Wholesale Trade,Small business,16,119
2014,West Melbourne (Industrial),Arts and Recreation Services,Medium business,1,
2014,West Melbourne (Industrial),Arts and Recreation Services,Non employing,8,0
2014,West Melbourne (Industrial),Arts and Recreation Services,Small business,3,17
2014,West Melbourne (Industrial),Construction,Medium business,1,
2014,West Melbourne (Industrial),"Electricity, Gas, Water and Waste Services",Small business,3,20
2014,West Melbourne (Industrial),Manufacturing,Medium business,4,111
2014,West Melbourne (Industrial),"Professional, Scientific and Technical Services",Medium business,2,
2014,West Melbourne (Industrial),Public Administration and Safety,Medium business,1,
2014,West Melbourne (Industrial),"Rental, Hiring and Real Estate Services",Small business,7,71
2014,West Melbourne (Industrial),Wholesale Trade,Large business,1,
2014,West Melbourne (Industrial),Wholesale Trade,Non employing,1,
2014,West Melbourne (Residential),Accommodation and Food Services,Non employing,1,
2014,West Melbourne (Residential),Arts and Recreation Services,Non employing,8,0
2014,West Melbourne (Residential),Education and Training,Non employing,1,
2014,West Melbourne (Residential),Education and Training,Small business,14,136
2014,West Melbourne (Residential),Health Care and Social Assistance,Large business,1,
2014,West Melbourne (Residential),Manufacturing,Medium business,5,171
2014,West Melbourne (Residential),Other Services,Medium business,3,103
2014,West Melbourne (Residential),"Professional, Scientific and Technical Services",Medium business,15,692
2014,West Melbourne (Residential),Retail Trade,Medium business,1,
2014,West Melbourne (Residential),Retail Trade,Small business,39,145
2014,West Melbourne (Residential),Wholesale Trade,Small business,29,165
2015,Carlton,Accommodation and Food Services,Medium business,21,623
2015,Carlton,Arts and Recreation Services,Medium business,4,258
2015,Carlton,Arts and Recreation Services,Non employing,17,0
2015,Carlton,Construction,Medium business,2,
2015,Carlton,Construction,Small business,11,55
2015,Carlton,Education and Training,Medium business,28,2028
2015,Carlton,Education and Training,Non employing,4,0
2015,Carlton,Education and Training,Small business,48,428
2015,Carlton,"Electricity, Gas, Water and Waste Services",Non employing,14,0
2015,Carlton,Financial and Insurance Services,Medium business,5,315
2015,Carlton,Financial and Insurance Services,Small business,35,216
2015,Carlton,Information Media and Telecommunications,Medium business,4,202
2015,Carlton,Other Services,Small business,104,494
2015,Carlton,Public Administration and Safety,Large business,1,
2015,Carlton,Retail Trade,Small business,139,612
2015,Docklands,Accommodation and Food Services,Small business,204,1576
2015,Docklands,Administrative and Support Services,Large business,1,
2015,Docklands,Administrative and Support Services,Non employing,4,0
2015,Docklands,Arts and Recreation Services,Large business,2,
2015,Docklands,Arts and Recreation Services,Medium business,2,
2015,Docklands,Arts and Recreation Services,Small business,27,150
2015,Docklands,Construction,Medium business,5,251
2015,Docklands,"Electricity, Gas, Water and Waste Services",Non employing,9,0
2015,Docklands,Financial and Insurance Services,Large business,9,22411
2015,Docklands,Financial and Insurance Services,Medium business,5,470
2015,Docklands,Health Care and Social Assistance,Small business,17,94
2015,Docklands,Information Media and Telecommunications,Non employing,2,
2015,Docklands,Information Media and Telecommunications,Small business,6,31
2015,Docklands,Manufacturing,Small business,15,67
2015,Docklands,"Professional, Scientific and Technical Services",Small business,103,502
2015,Docklands,Public Administration and Safety,Large business,5,4833
2015,Docklands,"Transport, Postal and Warehousing",Medium business,4,143
2015,Docklands,"Transport, Postal and Warehousing",Non employing,4,0
2015,Docklands,"Transport, Postal and Warehousing",Small business,25,162
2015,Docklands,Wholesale Trade,Small business,18,87
2015,East Melbourne,Accommodation and Food Services,Large business,3,3242
2015,East Melbourne,Accommodation and Food Services,Small business,59,415
2015,East Melbourne,Arts and Recreation Services,Large business,1,
2015,East Melbourne,Construction,Small business,5,29
2015,East Melbourne,Education and Training,Large business,1,
2015,East Melbourne,"Electricity, Gas, Water and Waste Services",Non employing,6,0
2015,East Melbourne,Financial and Insurance Services,Large business,2,
2015,East Melbourne,Financial and Insurance Services,Small business,9,44
2015,East Melbourne,Health Care and Social Assistance,Medium business,24,1134
2015,East Melbourne,Health Care and Social Assistance,Non employing,1,
2015,East Melbourne,Health Care and Social Assistance,Small business,205,1158
2015,East Melbourne,Information Media and Telecommunications,Small business,3,27
2015,East Melbourne,Manufacturing,Large business,1,
2015,East Melbourne,Other Services,Medium business,9,524
2015,East Melbourne,Other Services,Non employing,8,0
2015,East Melbourne,"Professional, Scientific and Technical Services",Large business,2,
2015,East Melbourne,"Professional, Scientific and Technical Services",Small business,55,446
2015,East Melbourne,Public Administration and Safety,Large business,6,3851
2015,East Melbourne,Public Administration and Safety,Non employing,1,
2015,East Melbourne,Public Administration and Safety,Small business,4,39
2015,East Melbourne,Retail Trade,Small business,13,70
2015,East Melbourne,Wholesale Trade,Medium business,2,
2015,East Melbourne,Wholesale Trade,Small business,2,
2015,Kensington,Administrative and Support Services,Small business,9,49
2015,Kensington,Arts and Recreation Services,Small business,20,96
2015,Kensington,Construction,Medium business,3,116
2015,Kensington,Education and Training,Medium business,4,130
2015,Kensington,Financial and Insurance Services,Small business,4,8
2015,Kensington,Health Care and Social Assistance,Small business,17,119
2015,Kensington,Manufacturing,Medium business,10,458
2015,Kensington,Other Services,Non employing,3,0
2015,Kensington,Public Administration and Safety,Small business,3,21
2015,Kensington,Retail Trade,Medium business,2,
2015,Kensington,Wholesale Trade,Medium business,2,
2015,Melbourne (CBD),Administrative and Support Services,Non employing,5,0
2015,Melbourne (CBD),Administrative and Support Services,Small business,341,2140
2015,Melbourne (CBD),Arts and Recreation Services,Medium business,26,1516
2015,Melbourne (CBD),Arts and Recreation Services,Non employing,17,0
2015,Melbourne (CBD),Arts and Recreation Services,Small business,109,542
2015,Melbourne (CBD),Construction,Large business,3,929
2015,Melbourne (CBD),Construction,Non employing,3,0
2015,Melbourne (CBD),Education and Training,Medium business,107,6325
2015,Melbourne (CBD),"Electricity, Gas, Water and Waste Services",Large business,10,8519
2015,Melbourne (CBD),"Electricity, Gas, Water and Waste Services",Non employing,37,0
2015,Melbourne (CBD),Financial and Insurance Services,Non employing,3,0
2015,Melbourne (CBD),Financial and Insurance Services,Small business,491,3368
2015,Melbourne (CBD),Information Media and Telecommunications,Large business,15,16702
2015,Melbourne (CBD),Information Media and Telecommunications,Medium business,39,2305
2015,Melbourne (CBD),Information Media and Telecommunications,Non employing,6,0
2015,Melbourne (CBD),Manufacturing,Medium business,6,296
2015,Melbourne (CBD),Manufacturing,Small business,241,855
2015,Melbourne (CBD),Mining,Large business,1,
2015,Melbourne (CBD),Other Services,Medium business,44,1943
2015,Melbourne (CBD),Other Services,Non employing,83,0
2015,Melbourne (CBD),"Professional, Scientific and Technical Services",Large business,44,21977
2015,Melbourne (CBD),"Professional, Scientific and Technical Services",Medium business,366,18663
2015,Melbourne (CBD),"Transport, Postal and Warehousing",Small business,53,376
2015,Melbourne (Remainder),Administrative and Support Services,Non employing,2,
2015,Melbourne (Remainder),Administrative and Support Services,Small business,18,125
2015,Melbourne (Remainder),Arts and Recreation Services,Medium business,11,1170
2015,Melbourne (Remainder),Construction,Medium business,4,224
2015,Melbourne (Remainder),Education and Training,Medium business,4,347
2015,Melbourne (Remainder),Education and Training,Small business,6,64
2015,Melbourne (Remainder),"Electricity, Gas, Water and Waste Services",Medium business,1,
2015,Melbourne (Remainder),"Electricity, Gas, Water and Waste Services",Non employing,2,
2015,Melbourne (Remainder),Financial and Insurance Services,Medium business,6,243
2015,Melbourne (Remainder),Financial and Insurance Services,Small business,27,191
2015,Melbourne (Remainder),Health Care and Social Assistance,Large business,2,
2015,Melbourne (Remainder),Other Services,Medium business,3,205
2015,Melbourne (Remainder),Other Services,Non employing,14,0
2015,Melbourne (Remainder),Other Services,Small business,16,79
2015,Melbourne (Remainder),"Professional, Scientific and Technical Services",Medium business,19,973
2015,Melbourne (Remainder),"Rental, Hiring and Real Estate Services",Medium business,2,
2015,Melbourne (Remainder),"Transport, Postal and Warehousing",Non employing,2,
2015,Melbourne (Remainder),Wholesale Trade,Medium business,3,244
2015,North Melbourne,Accommodation and Food Services,Medium business,8,237
2015,North Melbourne,Accommodation and Food Services,Small business,110,631
2015,North Melbourne,Administrative and Support Services,Small business,34,220
2015,North Melbourne,"Agriculture, Forestry and Fishing",Small business,1,
2015,North Melbourne,Education and Training,Medium business,9,308
2015,North Melbourne,Financial and Insurance Services,Small business,17,117
2015,North Melbourne,Health Care and Social Assistance,Medium business,8,371
2015,North Melbourne,Health Care and Social Assistance,Non employing,2,
2015,North Melbourne,Information Media and Telecommunications,Medium business,2,
2015,North Melbourne,Information Media and Telecommunications,Non employing,2,
2015,North Melbourne,Other Services,Non employing,13,0
2015,North Melbourne,"Professional, Scientific and Technical Services",Small business,124,655
2015,North Melbourne,"Rental, Hiring and Real Estate Services",Small business,19,108
2015,North Melbourne,"Transport, Postal and Warehousing",Small business,23,169
2015,Parkville,Accommodation and Food Services,Small business,55,388
2015,Parkville,Arts and Recreation Services,Large business,1,
2015,Parkville,Arts and Recreation Services,Medium business,2,
2015,Parkville,Arts and Recreation Services,Non employing,28,0
2015,Parkville,Education and Training,Medium business,8,382
2015,Parkville,Financial and Insurance Services,Small business,8,25
2015,Parkville,Health Care and Social Assistance,Medium business,9,363
2015,Parkville,Health Care and Social Assistance,Small business,61,304
2015,Parkville,Manufacturing,Large business,1,
2015,Parkville,Retail Trade,Small business,20,122
2015,Port Melbourne,"Agriculture, Forestry and Fishing",Small business,1,
2015,Port Melbourne,Arts and Recreation Services,Non employing,5,0
2015,Port Melbourne,Arts and Recreation Services,Small business,6,39
2015,Port Melbourne,Construction,Medium business,11,499
2015,Port Melbourne,Construction,Non employing,3,0
2015,Port Melbourne,Education and Training,Medium business,1,
2015,Port Melbourne,Education and Training,Non employing,2,
2015,Port Melbourne,Financial and Insurance Services,Medium business,2,
2015,Port Melbourne,Information Media and Telecommunications,Large business,1,
2015,Port Melbourne,Information Media and Telecommunications,Medium business,4,148
2015,Port Melbourne,Information Media and Telecommunications,Non employing,2,
2015,Port Melbourne,Information Media and Telecommunications,Small business,10,82
2015,Port Melbourne,Other Services,Non employing,1,
2015,Port Melbourne,Public Administration and Safety,Large business,1,
2015,Port Melbourne,Public Administration and Safety,Non employing,1,
2015,Port Melbourne,"Transport, Postal and Warehousing",Medium business,11,636
2015,Port Melbourne,"Transport, Postal and Warehousing",Non employing,8,0
2015,Port Melbourne,"Transport, Postal and Warehousing",Small business,25,211
2015,South Yarra,Accommodation and Food Services,Medium business,3,114
2015,South Yarra,Accommodation and Food Services,Small business,9,97
2015,South Yarra,Administrative and Support Services,Small business,1,
2015,South Yarra,Arts and Recreation Services,Non employing,4,0
2015,South Yarra,Arts and Recreation Services,Small business,1,
2015,South Yarra,Education and Training,Large business,1,
2015,South Yarra,Information Media and Telecommunications,Small business,1,
2015,Southbank,Administrative and Support Services,Large business,1,
2015,Southbank,"Agriculture, Forestry and Fishing",Medium business,3,334
2015,Southbank,Arts and Recreation Services,Large business,6,7224
2015,Southbank,Arts and Recreation Services,Medium business,16,994
2015,Southbank,Education and Training,Small business,4,27
2015,Southbank,"Electricity, Gas, Water and Waste Services",Large business,1,
2015,Southbank,"Electricity, Gas, Water and Waste Services",Medium business,2,
2015,Southbank,Health Care and Social Assistance,Medium business,7,333
2015,Southbank,Information Media and Telecommunications,Medium business,11,866
2015,Southbank,Information Media and Telecommunications,Small business,7,84
2015,Southbank,Manufacturing,Large business,3,3385
2015,Southbank,Manufacturing,Medium business,4,437
2015,Southbank,Manufacturing,Small business,4,28
2015,Southbank,Other Services,Small business,19,124
2015,Southbank,"Professional, Scientific and Technical Services",Medium business,64,3613
2015,Southbank,"Professional, Scientific and Technical Services",Small business,66,561
2015,Southbank,Public Administration and Safety,Large business,2,
2015,Southbank,Public Administration and Safety,Medium business,4,161
2015,Southbank,Retail Trade,Medium business,10,516
2015,Southbank,Retail Trade,Non employing,3,0
2015,Southbank,"Transport, Postal and Warehousing",Small business,7,54
2015,Southbank,Wholesale Trade,Large business,3,1251
2015,West Melbourne (Industrial),Construction,Medium business,1,
2015,West Melbourne (Industrial),"Electricity, Gas, Water and Waste Services",Medium business,3,164
2015,West Melbourne (Industrial),"Electricity, Gas, Water and Waste Services",Non employing,7,0
2015,West Melbourne (Industrial),Financial and Insurance Services,Small business,1,
2015,West Melbourne (Industrial),Information Media and Telecommunications,Non employing,4,0
2015,West Melbourne (Industrial),"Professional, Scientific and Technical Services",Medium business,2,
2015,West Melbourne (Industrial),Public Administration and Safety,Medium business,1,
2015,West Melbourne (Industrial),"Transport, Postal and Warehousing",Medium business,20,1450
2015,West Melbourne (Industrial),"Transport, Postal and Warehousing",Non employing,10,0
2015,West Melbourne (Residential),Arts and Recreation Services,Small business,5,27
2015,West Melbourne (Residential),Education and Training,Medium business,7,309
2015,West Melbourne (Residential),Education and Training,Small business,14,136
2015,West Melbourne (Residential),"Electricity, Gas, Water and Waste Services",Non employing,8,0
2015,West Melbourne (Residential),Information Media and Telecommunications,Medium business,3,94
2015,West Melbourne (Residential),Other Services,Medium business,3,103
2015,West Melbourne (Residential),Other Services,Small business,48,243
2015,West Melbourne (Residential),"Transport, Postal and Warehousing",Medium business,3,182
2015,West Melbourne (Residential),Wholesale Trade,Small business,29,165
2016,Carlton,Accommodation and Food Services,Non employing,19,0
2016,Carlton,Accommodation and Food Services,Small business,253,1800
2016,Carlton,Administrative and Support Services,Medium business,6,176
2016,Carlton,Administrative and Support Services,Non employing,2,
2016,Carlton,Administrative and Support Services,Small business,20,80
2016,Carlton,"Agriculture, Forestry and Fishing",Medium business,1,
2016,Carlton,Arts and Recreation Services,Large business,1,
2016,Carlton,Education and Training,Large business,5,1151
2016,Carlton,Education and Training,Non employing,11,0
2016,Carlton,Health Care and Social Assistance,Large business,3,1094
2016,Carlton,Health Care and Social Assistance,Non employing,1,
2016,Carlton,Manufacturing,Small business,21,124
2016,Carlton,"Professional, Scientific and Technical Services",Medium business,16,715
2016,Carlton,"Professional, Scientific and Technical Services",Small business,127,787
2016,Carlton,Public Administration and Safety,Large business,1,
2016,Carlton,Retail Trade,Medium business,4,210
2016,Carlton,"Transport, Postal and Warehousing",Small business,4,18
2016,Carlton,Wholesale Trade,Small business,14,61
2016,Docklands,Administrative and Support Services,Large business,1,
2016,Docklands,Administrative and Support Services,Medium business,9,419
2016,Docklands,Administrative and Support Services,Small business,27,154
2016,Docklands,Arts and Recreation Services,Medium business,4,215
2016,Docklands,Construction,Medium business,3,209
2016,Docklands,Education and Training,Medium business,6,334
2016,Docklands,Financial and Insurance Services,Small business,35,169
2016,Docklands,Health Care and Social Assistance,Small business,25,146
2016,Docklands,Mining,Large business,1,
2016,Docklands,"Professional, Scientific and Technical Services",Medium business,20,716
2016,Docklands,Public Administration and Safety,Large business,6,6546
2016,Docklands,Public Administration and Safety,Small business,4,17
2016,Docklands,"Rental, Hiring and Real Estate Services",Medium business,5,151
2016,Docklands,Retail Trade,Medium business,8,422
2016,Docklands,"Transport, Postal and Warehousing",Medium business,6,250
2016,Docklands,Wholesale Trade,Large business,2,
2016,East Melbourne,Accommodation and Food Services,Non employing,8,0
2016,East Melbourne,Administrative and Support Services,Medium business,2,
2016,East Melbourne,Administrative and Support Services,Non employing,3,0
2016,East Melbourne,Arts and Recreation Services,Non employing,22,0
2016,East Melbourne,Construction,Medium business,1,
2016,East Melbourne,Construction,Small business,4,21
2016,East Melbourne,Education and Training,Large business,3,687
2016,East Melbourne,"Electricity, Gas, Water and Waste Services",Non employing,6,0
2016,East Melbourne,Health Care and Social Assistance,Non employing,3,0
2016,East Melbourne,Manufacturing,Medium business,2,
2016,East Melbourne,Public Administration and Safety,Small business,4,24
2016,East Melbourne,"Rental, Hiring and Real Estate Services",Small business,9,63
2016,Kensington,Administrative and Support Services,Small business,9,49
2016,Kensington,Arts and Recreation Services,Small business,20,96
2016,Kensington,Construction,Medium business,3,116
2016,Kensington,Education and Training,Small business,5,27
2016,Kensington,Information Media and Telecommunications,Medium business,1,
2016,Kensington,Information Media and Telecommunications,Non employing,4,0
2016,Kensington,Manufacturing,Non employing,3,0
2016,Kensington,Other Services,Small business,37,177
2016,Kensington,"Rental, Hiring and Real Estate Services",Medium business,1,
2016,Kensington,"Transport, Postal and Warehousing",Medium business,4,155
2016,Kensington,"Transport, Postal and Warehousing",Non employing,6,0
2016,Kensington,"Transport, Postal and Warehousing",Small business,9,44
2016,Kensington,Wholesale Trade,Non employing,4,0
2016,Melbourne (CBD),Accommodation and Food Services,Medium business,260,10366
2016,Melbourne (CBD),Administrative and Support Services,Large business,5,3150
2016,Melbourne (CBD),Administrative and Support Services,Medium business,78,4358
2016,Melbourne (CBD),Administrative and Support Services,Non employing,4,0
2016,Melbourne (CBD),"Agriculture, Forestry and Fishing",Small business,5,30
2016,Melbourne (CBD),Arts and Recreation Services,Large business,3,973
2016,Melbourne (CBD),Arts and Recreation Services,Non employing,20,0
2016,Melbourne (CBD),Construction,Small business,73,513
2016,Melbourne (CBD),Financial and Insurance Services,Large business,31,22408
2016,Melbourne (CBD),Financial and Insurance Services,Medium business,153,9797
2016,Melbourne (CBD),Financial and Insurance Services,Non employing,2,
2016,Melbourne (CBD),Health Care and Social Assistance,Medium business,40,1747
2016,Melbourne (CBD),Health Care and Social Assistance,Non employing,4,0
2016,Melbourne (CBD),Health Care and Social Assistance,Small business,374,2035
2016,Melbourne (CBD),Information Media and Telecommunications,Medium business,41,2105
2016,Melbourne (CBD),Manufacturing,Non employing,1,
2016,Melbourne (CBD),Mining,Medium business,8,449
2016,Melbourne (CBD),Other Services,Medium business,48,2167
2016,Melbourne (CBD),Other Services,Non employing,87,0
2016,Melbourne (CBD),Public Administration and Safety,Medium business,77,6517
2016,Melbourne (CBD),Retail Trade,Non employing,14,0
2016,Melbourne (CBD),"Transport, Postal and Warehousing",Medium business,22,1264
2016,Melbourne (Remainder),Accommodation and Food Services,Non employing,2,
2016,Melbourne (Remainder),Accommodation and Food Services,Small business,42,284
2016,Melbourne (Remainder),Administrative and Support Services,Non employing,2,
2016,Melbourne (Remainder),Arts and Recreation Services,Large business,2,
2016,Melbourne (Remainder),Arts and Recreation Services,Medium business,11,1170
2016,Melbourne (Remainder),Arts and Recreation Services,Non employing,28,0
2016,Melbourne (Remainder),Construction,Medium business,4,224
2016,Melbourne (Remainder),Construction,Non employing,1,
2016,Melbourne (Remainder),"Electricity, Gas, Water and Waste Services",Medium business,1,
2016,Melbourne (Remainder),"Electricity, Gas, Water and Waste Services",Non employing,2,
2016,Melbourne (Remainder),Financial and Insurance Services,Small business,27,191
2016,Melbourne (Remainder),Health Care and Social Assistance,Large business,2,
2016,Melbourne (Remainder),Health Care and Social Assistance,Small business,61,279
2016,Melbourne (Remainder),Manufacturing,Large business,1,
2016,Melbourne (Remainder),Other Services,Non employing,14,0
2016,Melbourne (Remainder),"Professional, Scientific and Technical Services",Large business,6,3322
2016,Melbourne (Remainder),"Professional, Scientific and Technical Services",Medium business,19,973
2016,Melbourne (Remainder),Public Administration and Safety,Small business,5,63
2016,Melbourne (Remainder),"Rental, Hiring and Real Estate Services",Medium business,2,
2016,Melbourne (Remainder),"Rental, Hiring and Real Estate Services",Small business,9,52
2016,Melbourne (Remainder),Retail Trade,Small business,17,69
2016,Melbourne (Remainder),"Transport, Postal and Warehousing",Non employing,2,
2016,Melbourne (Remainder),Wholesale Trade,Medium business,3,244
2016,North Melbourne,Accommodation and Food Services,Non employing,6,0
2016,North Melbourne,Construction,Medium business,8,459
2016,North Melbourne,Health Care and Social Assistance,Non employing,2,
2016,North Melbourne,Other Services,Non employing,10,0
2016,North Melbourne,Other Services,Small business,121,529
2016,North Melbourne,"Professional, Scientific and Technical Services",Medium business,18,796
2016,North Melbourne,"Professional, Scientific and Technical Services",Non employing,1,
2016,North Melbourne,Retail Trade,Medium business,4,206
2016,North Melbourne,Retail Trade,Non employing,1,
2016,North Melbourne,"Transport, Postal and Warehousing",Small business,23,126
2016,North Melbourne,Wholesale Trade,Medium business,4,149
2016,North Melbourne,Wholesale Trade,Non employing,1,
2016,Parkville,Accommodation and Food Services,Small business,74,532
2016,Parkville,Arts and Recreation Services,Non employing,28,0
2016,Parkville,Arts and Recreation Services,Small business,9,62
2016,Parkville,Financial and Insurance Services,Small business,5,18
2016,Parkville,Health Care and Social Assistance,Large business,7,15772
2016,Parkville,Health Care and Social Assistance,Small business,70,334
2016,Parkville,Manufacturing,Large business,1,
2016,Parkville,Other Services,Small business,17,87
2016,Parkville,Public Administration and Safety,Medium business,3,270
2016,Parkville,"Rental, Hiring and Real Estate Services",Medium business,1,
2016,Parkville,"Rental, Hiring and Real Estate Services",Non employing,1,
2016,Parkville,"Transport, Postal and Warehousing",Small business,3,10
2016,Port Melbourne,Accommodation and Food Services,Small business,17,98
2016,Port Melbourne,Arts and Recreation Services,Non employing,5,0
2016,Port Melbourne,Education and Training,Small business,4,21
2016,Port Melbourne,"Electricity, Gas, Water and Waste Services",Non employing,6,0
2016,Port Melbourne,Information Media and Telecommunications,Medium business,4,148
2016,Port Melbourne,Information Media and Telecommunications,Non employing,2,
2016,Port Melbourne,Manufacturing,Small business,58,410
2016,Port Melbourne,Other Services,Small business,12,78
2016,Port Melbourne,"Professional, Scientific and Technical Services",Medium business,11,415
2016,Port Melbourne,"Professional, Scientific and Technical Services",Small business,70,461
2016,Port Melbourne,Public Administration and Safety,Large business,1,
2016,Port Melbourne,"Rental, Hiring and Real Estate Services",Small business,12,77
2016,Port Melbourne,Retail Trade,Medium business,3,174
2016,Port Melbourne,Wholesale Trade,Medium business,15,824
2016,Port Melbourne,Wholesale Trade,Non employing,1,
2016,Port Melbourne,Wholesale Trade,Small business,58,475
2016,South Yarra,Accommodation and Food Services,Medium business,3,114
2016,South Yarra,Arts and Recreation Services,Non employing,4,0
2016,South Yarra,Arts and Recreation Services,Small business,1,
2016,South Yarra,Education and Training,Medium business,3,105
2016,South Yarra,Education and Training,Non employing,6,0
2016,South Yarra,Education and Training,Small business,4,32
2016,South Yarra,"Electricity, Gas, Water and Waste Services",Non employing,5,0
2016,South Yarra,Information Media and Telecommunications,Small business,1,
2016,South Yarra,Other Services,Non employing,1,
2016,South Yarra,Public Administration and Safety,Small business,1,
2016,Southbank,Accommodation and Food Services,Large business,4,2351
2016,Southbank,Administrative and Support Services,Medium business,9,410
2016,Southbank,Administrative and Support Services,Small business,15,100
2016,Southbank,Arts and Recreation Services,Medium business,16,994
2016,Southbank,Arts and Recreation Services,Non employing,8,0
2016,Southbank,Arts and Recreation Services,Small business,15,73
2016,Southbank,Construction,Medium business,14,676
2016,Southbank,Construction,Small business,21,150
2016,Southbank,Education and Training,Medium business,12,768
2016,Southbank,Financial and Insurance Services,Medium business,11,723
2016,Southbank,Health Care and Social Assistance,Medium business,7,333
2016,Southbank,Health Care and Social Assistance,Small business,21,140
2016,Southbank,Mining,Large business,2,
2016,Southbank,Mining,Small business,2,
2016,Southbank,Other Services,Large business,1,
2016,Southbank,"Professional, Scientific and Technical Services",Small business,66,561
2016,Southbank,Public Administration and Safety,Small business,2,
2016,Southbank,"Transport, Postal and Warehousing",Small business,7,54
2016,West Melbourne (Industrial),Arts and Recreation Services,Non employing,8,0
2016,West Melbourne (Industrial),Arts and Recreation Services,Small business,2,
2016,West Melbourne (Industrial),Construction,Medium business,1,
2016,West Melbourne (Industrial),Construction,Non employing,1,
2016,West Melbourne (Industrial),Information Media and Telecommunications,Medium business,1,
2016,West Melbourne (Industrial),Information Media and Telecommunications,Non employing,2,
2016,West Melbourne (Industrial),Other Services,Medium business,1,
2016,West Melbourne (Industrial),"Professional, Scientific and Technical Services",Small business,2,
2016,West Melbourne (Industrial),Public Administration and Safety,Medium business,1,
2016,West Melbourne (Industrial),"Transport, Postal and Warehousing",Large business,5,1968
2016,West Melbourne (Industrial),"Transport, Postal and Warehousing",Small business,20,177
2016,West Melbourne (Residential),Accommodation and Food Services,Medium business,2,
2016,West Melbourne (Residential),Accommodation and Food Services,Small business,47,227
2016,West Melbourne (Residential),Arts and Recreation Services,Medium business,5,433
2016,West Melbourne (Residential),Construction,Medium business,2,
2016,West Melbourne (Residential),Education and Training,Small business,13,94
2016,West Melbourne (Residential),"Electricity, Gas, Water and Waste Services",Non employing,9,0
2016,West Melbourne (Residential),Other Services,Non employing,4,0
2016,West Melbourne (Residential),"Professional, Scientific and Technical Services",Medium business,12,725
2016,West Melbourne (Residential),Retail Trade,Small business,41,169
2016,West Melbourne (Residential),Wholesale Trade,Medium business,2,
2016,West Melbourne (Residential),Wholesale Trade,Non employing,2,
2017,Carlton,Accommodation and Food Services,Non employing,19,0
2017,Carlton,Accommodation and Food Services,Small business,253,1800
2017,Carlton,Arts and Recreation Services,Medium business,4,274
2017,Carlton,Construction,Small business,16,80
2017,Carlton,Education and Training,Medium business,28,2161
2017,Carlton,"Electricity, Gas, Water and Waste Services",Non employing,14,0
2017,Carlton,Financial and Insurance Services,Medium business,6,245
2017,Carlton,Financial and Insurance Services,Small business,25,186
2017,Carlton,Information Media and Telecommunications,Small business,12,82
2017,Carlton,Public Administration and Safety,Large business,1,
2017,Carlton,Public Administration and Safety,Medium business,7,708
2017,Carlton,Public Administration and Safety,Small business,8,56
2017,Carlton,"Rental, Hiring and Real Estate Services",Non employing,1,
2017,Carlton,"Rental, Hiring and Real Estate Services",Small business,19,103
2017,Carlton,"Transport, Postal and Warehousing",Small business,4,18
2017,Carlton,Wholesale Trade,Small business,14,61
2017,Docklands,Accommodation and Food Services,Non employing,6,0
2017,Docklands,Accommodation and Food Services,Small business,234,1757
2017,Docklands,Construction,Large business,1,
2017,Docklands,Construction,Small business,18,107
2017,Docklands,"Electricity, Gas, Water and Waste Services",Large business,2,
2017,Docklands,Financial and Insurance Services,Large business,10,22315
2017,Docklands,Financial and Insurance Services,Small business,35,169
2017,Docklands,Manufacturing,Medium business,1,
2017,Docklands,Manufacturing,Non employing,2,
2017,Docklands,Mining,Small business,1,
2017,Docklands,Other Services,Small business,54,199
2017,Docklands,"Professional, Scientific and Technical Services",Medium business,20,716
2017,Docklands,Retail Trade,Medium business,8,422
2017,Docklands,Wholesale Trade,Small business,23,85
2017,East Melbourne,Administrative and Support Services,Medium business,2,
2017,East Melbourne,Arts and Recreation Services,Small business,13,61
2017,East Melbourne,Construction,Small business,4,21
2017,East Melbourne,Education and Training,Large business,3,687
2017,East Melbourne,Education and Training,Small business,4,56
2017,East Melbourne,Financial and Insurance Services,Small business,9,35
2017,East Melbourne,Manufacturing,Medium business,2,
2017,East Melbourne,Other Services,Large business,1,
2017,East Melbourne,Other Services,Medium business,10,621
2017,East Melbourne,Other Services,Small business,31,168
2017,East Melbourne,"Professional, Scientific and Technical Services",Large business,2,
2017,East Melbourne,Public Administration and Safety,Large business,6,3846
2017,East Melbourne,Public Administration and Safety,Non employing,1,
2017,East Melbourne,Public Administration and Safety,Small business,4,24
2017,East Melbourne,"Rental, Hiring and Real Estate Services",Small business,9,63
2017,East Melbourne,Wholesale Trade,Medium business,2,
2017,Kensington,Administrative and Support Services,Non employing,1,
2017,Kensington,Education and Training,Medium business,4,132
2017,Kensington,Education and Training,Small business,6,34
2017,Kensington,Financial and Insurance Services,Small business,3,7
2017,Kensington,Health Care and Social Assistance,Medium business,6,310
2017,Kensington,Health Care and Social Assistance,Small business,17,136
2017,Kensington,Manufacturing,Medium business,9,456
2017,Kensington,"Transport, Postal and Warehousing",Small business,9,35
2017,Kensington,Wholesale Trade,Medium business,2,
2017,Kensington,Wholesale Trade,Small business,22,150
2017,Melbourne (CBD),Construction,Medium business,23,984
2017,Melbourne (CBD),Construction,Small business,91,637
2017,Melbourne (CBD),"Electricity, Gas, Water and Waste Services",Medium business,10,538
2017,Melbourne (CBD),"Electricity, Gas, Water and Waste Services",Small business,10,70
2017,Melbourne (CBD),Financial and Insurance Services,Large business,27,19594
2017,Melbourne (CBD),Financial and Insurance Services,Non employing,1,
2017,Melbourne (CBD),Information Media and Telecommunications,Small business,73,531
2017,Melbourne (CBD),Manufacturing,Medium business,5,228
2017,Melbourne (CBD),Other Services,Non employing,91,0
2017,Melbourne (CBD),Other Services,Small business,820,3720
2017,Melbourne (CBD),Public Administration and Safety,Large business,27,16658
2017,Melbourne (CBD),"Rental, Hiring and Real Estate Services",Medium business,45,2370
2017,Melbourne (CBD),Retail Trade,Small business,1421,7815
2017,Melbourne (CBD),"Transport, Postal and Warehousing",Non employing,6,0
2017,Melbourne (CBD),"Transport, Postal and Warehousing",Small business,58,379
2017,Melbourne (Remainder),Administrative and Support Services,Medium business,1,
2017,Melbourne (Remainder),Construction,Medium business,3,130
2017,Melbourne (Remainder),Construction,Small business,5,22
2017,Melbourne (Remainder),Education and Training,Large business,4,1437
2017,Melbourne (Remainder),Education and Training,Medium business,3,136
2017,Melbourne (Remainder),"Electricity, Gas, Water and Waste Services",Non employing,2,
2017,Melbourne (Remainder),Health Care and Social Assistance,Small business,55,247
2017,Melbourne (Remainder),Manufacturing,Large business,1,
2017,Melbourne (Remainder),Manufacturing,Small business,6,21
2017,Melbourne (Remainder),Other Services,Medium business,2,
2017,Melbourne (Remainder),Other Services,Small business,13,63
2017,Melbourne (Remainder),"Professional, Scientific and Technical Services",Large business,4,2720
2017,Melbourne (Remainder),Public Administration and Safety,Small business,5,51
2017,Melbourne (Remainder),Retail Trade,Small business,16,77
2017,Melbourne (Remainder),Wholesale Trade,Medium business,4,296
2017,Melbourne (Remainder),Wholesale Trade,Small business,4,31
2017,North Melbourne,Accommodation and Food Services,Medium business,8,233
2017,North Melbourne,Administrative and Support Services,Medium business,4,236
2017,North Melbourne,Administrative and Support Services,Small business,28,232
2017,North Melbourne,"Agriculture, Forestry and Fishing",Small business,1,
2017,North Melbourne,Construction,Medium business,8,459
2017,North Melbourne,Education and Training,Non employing,1,
2017,North Melbourne,Education and Training,Small business,33,234
2017,North Melbourne,Financial and Insurance Services,Medium business,2,
2017,North Melbourne,Financial and Insurance Services,Non employing,2,
2017,North Melbourne,Financial and Insurance Services,Small business,19,133
2017,North Melbourne,Manufacturing,Small business,42,182
2017,North Melbourne,Other Services,Non employing,10,0
2017,North Melbourne,"Rental, Hiring and Real Estate Services",Small business,17,105
2017,Parkville,Arts and Recreation Services,Medium business,3,86
2017,Parkville,Education and Training,Medium business,43,2686
2017,Parkville,Health Care and Social Assistance,Small business,70,334
2017,Parkville,Other Services,Non employing,7,0
2017,Parkville,"Professional, Scientific and Technical Services",Large business,1,
2017,Parkville,"Professional, Scientific and Technical Services",Small business,13,99
2017,Parkville,Public Administration and Safety,Medium business,3,270
2017,Parkville,"Rental, Hiring and Real Estate Services",Medium business,1,
2017,Parkville,"Transport, Postal and Warehousing",Non employing,2,
2017,Port Melbourne,"Agriculture, Forestry and Fishing",Small business,1,
2017,Port Melbourne,Arts and Recreation Services,Non employing,4,0
2017,Port Melbourne,Construction,Non employing,4,0
2017,Port Melbourne,Construction,Small business,52,323
2017,Port Melbourne,Education and Training,Non employing,2,
2017,Port Melbourne,Education and Training,Small business,5,40
2017,Port Melbourne,Financial and Insurance Services,Small business,8,52
2017,Port Melbourne,Health Care and Social Assistance,Small business,2,
2017,Port Melbourne,Information Media and Telecommunications,Non employing,2,
2017,Port Melbourne,Public Administration and Safety,Medium business,5,171
2017,Port Melbourne,Public Administration and Safety,Non employing,2,
2017,Port Melbourne,"Transport, Postal and Warehousing",Non employing,5,0
2017,Port Melbourne,Wholesale Trade,Non employing,1,
2017,South Yarra,Accommodation and Food Services,Non employing,1,
2017,South Yarra,Education and Training,Medium business,5,192
2017,South Yarra,Education and Training,Non employing,7,0
2017,South Yarra,Education and Training,Small business,1,
2017,South Yarra,Other Services,Small business,7,37
2017,South Yarra,Public Administration and Safety,Small business,1,
2017,South Yarra,Retail Trade,Small business,4,16
2017,Southbank,Accommodation and Food Services,Small business,128,1096
2017,Southbank,Administrative and Support Services,Medium business,16,821
2017,Southbank,"Agriculture, Forestry and Fishing",Medium business,3,321
2017,Southbank,"Agriculture, Forestry and Fishing",Small business,1,
2017,Southbank,Arts and Recreation Services,Medium business,16,1136
2017,Southbank,Arts and Recreation Services,Small business,17,84
2017,Southbank,Construction,Medium business,13,655
2017,Southbank,Education and Training,Medium business,9,662
2017,Southbank,Manufacturing,Medium business,6,581
2017,Southbank,Mining,Medium business,2,
2017,Southbank,"Professional, Scientific and Technical Services",Medium business,61,3403
2017,Southbank,Public Administration and Safety,Medium business,4,247
2017,Southbank,Retail Trade,Medium business,10,503
2017,Southbank,"Transport, Postal and Warehousing",Non employing,1,
2017,Southbank,Wholesale Trade,Medium business,4,225
2017,West Melbourne (Industrial),Arts and Recreation Services,Medium business,1,
2017,West Melbourne (Industrial),Arts and Recreation Services,Non employing,8,0
2017,West Melbourne (Industrial),Construction,Medium business,1,
2017,West Melbourne (Industrial),Construction,Small business,2,
2017,West Melbourne (Industrial),"Electricity, Gas, Water and Waste Services",Medium business,3,127
2017,West Melbourne (Industrial),"Electricity, Gas, Water and Waste Services",Non employing,7,0
2017,West Melbourne (Industrial),Manufacturing,Medium business,2,
2017,West Melbourne (Industrial),Other Services,Small business,5,30
2017,West Melbourne (Industrial),"Professional, Scientific and Technical Services",Medium business,2,
2017,West Melbourne (Industrial),"Transport, Postal and Warehousing",Large business,4,1541
2017,West Melbourne (Residential),Accommodation and Food Services,Medium business,2,
2017,West Melbourne (Residential),Administrative and Support Services,Medium business,3,310
2017,West Melbourne (Residential),Construction,Medium business,2,
2017,West Melbourne (Residential),Construction,Small business,10,88
2017,West Melbourne (Residential),Education and Training,Small business,13,94
2017,West Melbourne (Residential),Financial and Insurance Services,Medium business,2,
2017,West Melbourne (Residential),Financial and Insurance Services,Small business,11,48
2017,West Melbourne (Residential),Information Media and Telecommunications,Medium business,4,138
2017,West Melbourne (Residential),Manufacturing,Small business,10,90
2017,West Melbourne (Residential),Other Services,Medium business,5,231
2017,West Melbourne (Residential),"Professional, Scientific and Technical Services",Small business,80,535
2017,West Melbourne (Residential),Public Administration and Safety,Medium business,1,
2017,West Melbourne (Residential),"Transport, Postal and Warehousing",Non employing,1,
2017,West Melbourne (Residential),"Transport, Postal and Warehousing",Small business,14,92
2018,Carlton,Accommodation and Food Services,Medium business,18,595
2018,Carlton,Arts and Recreation Services,Large business,1,
2018,Carlton,Arts and Recreation Services,Medium business,4,233
2018,Carlton,Arts and Recreation Services,Non employing,21,0
2018,Carlton,Arts and Recreation Services,Small business,20,107
2018,Carlton,Construction,Non employing,2,
2018,Carlton,Construction,Small business,13,71
2018,Carlton,Education and Training,Medium business,32,2187
2018,Carlton,Education and Training,Non employing,14,0
2018,Carlton,Education and Training,Small business,41,258
2018,Carlton,"Electricity, Gas, Water and Waste Services",Non employing,11,0
2018,Carlton,Financial and Insurance Services,Medium business,5,197
2018,Carlton,Health Care and Social Assistance,Large business,4,1394
2018,Carlton,Information Media and Telecommunications,Small business,13,89
2018,Carlton,Manufacturing,Medium business,2,
2018,Carlton,Manufacturing,Small business,20,137
2018,Carlton,Other Services,Medium business,21,1035
2018,Carlton,"Professional, Scientific and Technical Services",Medium business,21,922
2018,Carlton,"Professional, Scientific and Technical Services",Small business,125,762
2018,Carlton,Public Administration and Safety,Large business,3,931
2018,Carlton,Public Administration and Safety,Medium business,3,244
2018,Carlton,Public Administration and Safety,Small business,9,62
2018,Carlton,Retail Trade,Small business,115,531
2018,Docklands,Accommodation and Food Services,Large business,1,
2018,Docklands,Administrative and Support Services,Medium business,13,682
2018,Docklands,Arts and Recreation Services,Medium business,3,194
2018,Docklands,Construction,Large business,1,
2018,Docklands,Education and Training,Medium business,4,365
2018,Docklands,"Electricity, Gas, Water and Waste Services",Large business,2,
2018,Docklands,"Electricity, Gas, Water and Waste Services",Medium business,1,
2018,Docklands,Financial and Insurance Services,Medium business,5,341
2018,Docklands,Information Media and Telecommunications,Large business,10,4720
2018,Docklands,Information Media and Telecommunications,Medium business,5,156
2018,Docklands,Other Services,Medium business,4,335
2018,Docklands,Other Services,Non employing,21,0
2018,Docklands,"Professional, Scientific and Technical Services",Medium business,21,1079
2018,Docklands,Public Administration and Safety,Medium business,10,902
2018,Docklands,Public Administration and Safety,Small business,9,40
2018,Docklands,"Rental, Hiring and Real Estate Services",Medium business,5,300
2018,Docklands,Retail Trade,Medium business,10,589
2018,East Melbourne,Accommodation and Food Services,Large business,3,3383
2018,East Melbourne,Administrative and Support Services,Medium business,3,162
2018,East Melbourne,Administrative and Support Services,Non employing,3,0
2018,East Melbourne,Administrative and Support Services,Small business,8,38
2018,East Melbourne,Arts and Recreation Services,Large business,2,
2018,East Melbourne,Arts and Recreation Services,Small business,10,48
2018,East Melbourne,Education and Training,Large business,3,702
2018,East Melbourne,Education and Training,Small business,3,45
2018,East Melbourne,"Electricity, Gas, Water and Waste Services",Non employing,6,0
2018,East Melbourne,Financial and Insurance Services,Small business,10,32
2018,East Melbourne,Health Care and Social Assistance,Large business,4,2372
2018,East Melbourne,Health Care and Social Assistance,Small business,204,1183
2018,East Melbourne,Information Media and Telecommunications,Small business,5,59
2018,East Melbourne,Manufacturing,Large business,2,
2018,East Melbourne,Mining,Small business,1,
2018,East Melbourne,Other Services,Non employing,11,0
2018,East Melbourne,"Professional, Scientific and Technical Services",Large business,1,
2018,East Melbourne,"Professional, Scientific and Technical Services",Small business,60,438
2018,East Melbourne,Public Administration and Safety,Large business,6,4048
2018,East Melbourne,"Rental, Hiring and Real Estate Services",Small business,6,39
2018,East Melbourne,"Transport, Postal and Warehousing",Small business,3,11
2018,East Melbourne,Wholesale Trade,Medium business,3,132
2018,Kensington,Administrative and Support Services,Non employing,1,
2018,Kensington,"Agriculture, Forestry and Fishing",Small business,2,
2018,Kensington,Information Media and Telecommunications,Medium business,1,
2018,Kensington,Information Media and Telecommunications,Non employing,1,
2018,Kensington,Manufacturing,Non employing,4,0
2018,Kensington,Other Services,Small business,37,176
2018,Kensington,"Professional, Scientific and Technical Services",Medium business,6,280
2018,Kensington,Public Administration and Safety,Small business,3,12
2018,Kensington,"Rental, Hiring and Real Estate Services",Medium business,1,
2018,Kensington,"Rental, Hiring and Real Estate Services",Small business,14,68
2018,Kensington,Retail Trade,Small business,36,160
2018,Kensington,Wholesale Trade,Non employing,1,
2018,Kensington,Wholesale Trade,Small business,22,150
2018,Melbourne (CBD),Administrative and Support Services,Large business,7,2487
2018,Melbourne (CBD),Administrative and Support Services,Small business,299,2075
2018,Melbourne (CBD),Arts and Recreation Services,Large business,2,
2018,Melbourne (CBD),Arts and Recreation Services,Non employing,20,0
2018,Melbourne (CBD),Arts and Recreation Services,Small business,125,669
2018,Melbourne (CBD),Construction,Large business,3,754
2018,Melbourne (CBD),Construction,Medium business,29,1143
2018,Melbourne (CBD),Education and Training,Medium business,111,6307
2018,Melbourne (CBD),"Electricity, Gas, Water and Waste Services",Small business,9,63
2018,Melbourne (CBD),Health Care and Social Assistance,Medium business,46,1948
2018,Melbourne (CBD),Manufacturing,Non employing,1,
2018,Melbourne (CBD),Other Services,Large business,2,
2018,Melbourne (CBD),Other Services,Non employing,86,0
2018,Melbourne (CBD),Public Administration and Safety,Medium business,73,5843
2018,Melbourne (CBD),"Rental, Hiring and Real Estate Services",Large business,4,1680
2018,Melbourne (CBD),"Rental, Hiring and Real Estate Services",Non employing,11,0
2018,Melbourne (CBD),"Transport, Postal and Warehousing",Large business,5,4694
2018,Melbourne (CBD),"Transport, Postal and Warehousing",Medium business,22,1217
2018,Melbourne (CBD),"Transport, Postal and Warehousing",Non employing,6,0
2018,Melbourne (CBD),Wholesale Trade,Medium business,7,298
2018,Melbourne (Remainder),Accommodation and Food Services,Medium business,6,217
2018,Melbourne (Remainder),Administrative and Support Services,Large business,1,
2018,Melbourne (Remainder),Arts and Recreation Services,Small business,7,67
2018,Melbourne (Remainder),Construction,Medium business,3,130
2018,Melbourne (Remainder),Construction,Small business,5,22
2018,Melbourne (Remainder),Education and Training,Medium business,3,136
2018,Melbourne (Remainder),"Electricity, Gas, Water and Waste Services",Non employing,2,
2018,Melbourne (Remainder),Financial and Insurance Services,Large business,2,
2018,Melbourne (Remainder),Health Care and Social Assistance,Large business,3,6113
2018,Melbourne (Remainder),Information Media and Telecommunications,Medium business,3,123
2018,Melbourne (Remainder),Manufacturing,Large business,1,
2018,Melbourne (Remainder),Manufacturing,Medium business,1,
2018,Melbourne (Remainder),Other Services,Medium business,2,
2018,Melbourne (Remainder),Other Services,Non employing,14,0
2018,Melbourne (Remainder),Public Administration and Safety,Medium business,2,
2018,Melbourne (Remainder),"Rental, Hiring and Real Estate Services",Medium business,2,
2018,Melbourne (Remainder),"Transport, Postal and Warehousing",Small business,4,31
2018,North Melbourne,Accommodation and Food Services,Medium business,8,251
2018,North Melbourne,Accommodation and Food Services,Non employing,8,0
2018,North Melbourne,Administrative and Support Services,Medium business,5,265
2018,North Melbourne,Administrative and Support Services,Small business,29,170
2018,North Melbourne,Arts and Recreation Services,Large business,1,
2018,North Melbourne,Arts and Recreation Services,Medium business,1,
2018,North Melbourne,Arts and Recreation Services,Non employing,12,0
2018,North Melbourne,Education and Training,Non employing,1,
2018,North Melbourne,"Electricity, Gas, Water and Waste Services",Non employing,21,0
2018,North Melbourne,Financial and Insurance Services,Non employing,2,
2018,North Melbourne,Health Care and Social Assistance,Medium business,12,552
2018,North Melbourne,Health Care and Social Assistance,Small business,91,472
2018,North Melbourne,Information Media and Telecommunications,Small business,12,81
2018,North Melbourne,Manufacturing,Medium business,6,201
2018,North Melbourne,Other Services,Small business,119,563
2018,North Melbourne,Public Administration and Safety,Medium business,4,217
2018,North Melbourne,Public Administration and Safety,Non employing,1,
2018,North Melbourne,"Rental, Hiring and Real Estate Services",Medium business,2,
2018,North Melbourne,Retail Trade,Medium business,5,226
2018,North Melbourne,Retail Trade,Non employing,1,
2018,North Melbourne,"Transport, Postal and Warehousing",Non employing,4,0
2018,Parkville,Accommodation and Food Services,Large business,1,
2018,Parkville,Accommodation and Food Services,Non employing,5,0
2018,Parkville,Arts and Recreation Services,Non employing,30,0
2018,Parkville,Health Care and Social Assistance,Large business,8,19653
2018,Parkville,Health Care and Social Assistance,Medium business,16,627
2018,Parkville,Information Media and Telecommunications,Small business,1,
2018,Parkville,"Transport, Postal and Warehousing",Small business,2,
2018,Parkville,Wholesale Trade,Medium business,1,
2018,Port Melbourne,Accommodation and Food Services,Medium business,5,160
2018,Port Melbourne,Administrative and Support Services,Small business,22,133
2018,Port Melbourne,Arts and Recreation Services,Small business,5,35
2018,Port Melbourne,Education and Training,Non employing,2,
2018,Port Melbourne,"Electricity, Gas, Water and Waste Services",Non employing,6,0
2018,Port Melbourne,"Electricity, Gas, Water and Waste Services",Small business,1,
2018,Port Melbourne,Financial and Insurance Services,Medium business,1,
2018,Port Melbourne,Manufacturing,Medium business,23,1322
2018,Port Melbourne,Manufacturing,Small business,57,403
2018,Port Melbourne,Other Services,Medium business,5,127
2018,Port Melbourne,Other Services,Small business,12,63
2018,Port Melbourne,"Professional, Scientific and Technical Services",Medium business,14,689
2018,Port Melbourne,"Professional, Scientific and Technical Services",Non employing,1,
2018,Port Melbourne,"Professional, Scientific and Technical Services",Small business,61,412
2018,Port Melbourne,Public Administration and Safety,Small business,3,13
2018,Port Melbourne,"Rental, Hiring and Real Estate Services",Medium business,4,83
2018,Port Melbourne,Retail Trade,Medium business,3,234
2018,Port Melbourne,"Transport, Postal and Warehousing",Medium business,12,753
2018,Port Melbourne,"Transport, Postal and Warehousing",Non employing,5,0
2018,Port Melbourne,Wholesale Trade,Small business,50,411
2018,South Yarra,Accommodation and Food Services,Small business,8,87
2018,South Yarra,Arts and Recreation Services,Non employing,4,0
2018,South Yarra,Education and Training,Small business,1,
2018,South Yarra,"Electricity, Gas, Water and Waste Services",Non employing,5,0
2018,South Yarra,Information Media and Telecommunications,Small business,1,
2018,South Yarra,Manufacturing,Small business,1,
2018,South Yarra,Public Administration and Safety,Small business,1,
2018,Southbank,Arts and Recreation Services,Medium business,16,1136
2018,Southbank,Arts and Recreation Services,Small business,17,84
2018,Southbank,Construction,Small business,25,232
2018,Southbank,Education and Training,Medium business,9,662
2018,Southbank,"Electricity, Gas, Water and Waste Services",Non employing,18,0
2018,Southbank,Financial and Insurance Services,Small business,16,96
2018,Southbank,Health Care and Social Assistance,Medium business,6,517
2018,Southbank,Information Media and Telecommunications,Medium business,12,910
2018,Southbank,Mining,Small business,2,
2018,Southbank,Other Services,Medium business,2,
2018,Southbank,"Professional, Scientific and Technical Services",Medium business,61,3403
2018,Southbank,Public Administration and Safety,Medium business,4,247
2018,Southbank,"Rental, Hiring and Real Estate Services",Non employing,1,
2018,Southbank,"Rental, Hiring and Real Estate Services",Small business,30,180
2018,Southbank,Retail Trade,Small business,227,1577
2018,Southbank,"Transport, Postal and Warehousing",Medium business,4,192
2018,Southbank,"Transport, Postal and Warehousing",Small business,6,42
2018,West Melbourne (Industrial),Accommodation and Food Services,Small business,6,19
2018,West Melbourne (Industrial),Arts and Recreation Services,Non employing,8,0
2018,West Melbourne (Industrial),Manufacturing,Medium business,3,83
2018,West Melbourne (Industrial),"Professional, Scientific and Technical Services",Small business,5,53
2018,West Melbourne (Industrial),"Rental, Hiring and Real Estate Services",Small business,2,
2018,West Melbourne (Industrial),"Transport, Postal and Warehousing",Non employing,14,0
2018,West Melbourne (Industrial),Wholesale Trade,Medium business,4,143
2018,West Melbourne (Industrial),Wholesale Trade,Small business,27,177
2018,West Melbourne (Residential),Administrative and Support Services,Medium business,4,258
2018,West Melbourne (Residential),Construction,Small business,9,64
2018,West Melbourne (Residential),Education and Training,Small business,15,123
2018,West Melbourne (Residential),Financial and Insurance Services,Medium business,2,
2018,West Melbourne (Residential),Health Care and Social Assistance,Medium business,4,235
2018,West Melbourne (Residential),Health Care and Social Assistance,Small business,21,102
2018,West Melbourne (Residential),"Professional, Scientific and Technical Services",Medium business,11,702
2018,West Melbourne (Residential),Public Administration and Safety,Small business,2,
2018,West Melbourne (Residential),"Rental, Hiring and Real Estate Services",Small business,8,62
2018,West Melbourne (Residential),Retail Trade,Medium business,2,
2018,West Melbourne (Residential),Wholesale Trade,Non employing,1,
2019,Carlton,Accommodation and Food Services,Small business,249,1680
2019,Carlton,Arts and Recreation Services,Large business,1,
2019,Carlton,Arts and Recreation Services,Medium business,4,233
2019,Carlton,Arts and Recreation Services,Small business,20,107
2019,Carlton,Construction,Non employing,2,
2019,Carlton,Construction,Small business,13,71
2019,Carlton,Education and Training,Large business,6,1668
2019,Carlton,Education and Training,Non employing,14,0
2019,Carlton,Education and Training,Small business,41,258
2019,Carlton,Other Services,Medium business,21,1035
2019,Carlton,Other Services,Non employing,13,0
2019,Carlton,"Professional, Scientific and Technical Services",Medium business,21,922
2019,Carlton,"Professional, Scientific and Technical Services",Small business,125,762
2019,Carlton,Public Administration and Safety,Small business,9,62
2019,Carlton,"Rental, Hiring and Real Estate Services",Medium business,3,124
2019,Carlton,Retail Trade,Medium business,4,210
2019,Docklands,Accommodation and Food Services,Large business,1,
2019,Docklands,Accommodation and Food Services,Medium business,28,1072
2019,Docklands,Accommodation and Food Services,Small business,247,1850
2019,Docklands,"Agriculture, Forestry and Fishing",Medium business,1,
2019,Docklands,Arts and Recreation Services,Non employing,18,0
2019,Docklands,Education and Training,Large business,1,
2019,Docklands,Health Care and Social Assistance,Small business,29,174
2019,Docklands,Information Media and Telecommunications,Medium business,5,156
2019,Docklands,Information Media and Telecommunications,Small business,13,80
2019,Docklands,Mining,Large business,1,
2019,Docklands,Other Services,Medium business,4,335
2019,Docklands,Retail Trade,Medium business,10,589
2019,Docklands,"Transport, Postal and Warehousing",Large business,6,3103
2019,Docklands,"Transport, Postal and Warehousing",Medium business,5,325
2019,Docklands,Wholesale Trade,Large business,2,
2019,Docklands,Wholesale Trade,Small business,21,91
2019,East Melbourne,Accommodation and Food Services,Large business,3,3383
2019,East Melbourne,Administrative and Support Services,Medium business,3,162
2019,East Melbourne,Administrative and Support Services,Small business,8,38
2019,East Melbourne,Arts and Recreation Services,Large business,2,
2019,East Melbourne,Arts and Recreation Services,Small business,10,48
2019,East Melbourne,Education and Training,Small business,3,45
2019,East Melbourne,Health Care and Social Assistance,Large business,4,2372
2019,East Melbourne,Health Care and Social Assistance,Small business,204,1183
2019,East Melbourne,Manufacturing,Medium business,2,
2019,East Melbourne,Manufacturing,Small business,1,
2019,East Melbourne,Mining,Small business,1,
2019,East Melbourne,Other Services,Large business,1,
2019,East Melbourne,Other Services,Medium business,10,702
2019,East Melbourne,Other Services,Non employing,11,0
2019,East Melbourne,"Professional, Scientific and Technical Services",Large business,1,
2019,East Melbourne,"Professional, Scientific and Technical Services",Small business,60,438
2019,East Melbourne,Public Administration and Safety,Medium business,9,725
2019,East Melbourne,Public Administration and Safety,Small business,4,50
2019,East Melbourne,"Rental, Hiring and Real Estate Services",Medium business,1,
2019,Kensington,Arts and Recreation Services,Large business,1,
2019,Kensington,Arts and Recreation Services,Medium business,12,691
2019,Kensington,Arts and Recreation Services,Non employing,63,0
2019,Kensington,Construction,Non employing,1,
2019,Kensington,Health Care and Social Assistance,Small business,19,152
2019,Kensington,Manufacturing,Medium business,6,337
2019,Kensington,Other Services,Non employing,2,
2019,Kensington,"Professional, Scientific and Technical Services",Small business,28,170
2019,Kensington,Public Administration and Safety,Small business,3,13
2019,Melbourne (CBD),Administrative and Support Services,Medium business,96,5474
2019,Melbourne (CBD),Arts and Recreation Services,Medium business,28,1615
2019,Melbourne (CBD),Construction,Medium business,37,1490
2019,Melbourne (CBD),"Electricity, Gas, Water and Waste Services",Large business,9,7943
2019,Melbourne (CBD),"Electricity, Gas, Water and Waste Services",Medium business,9,409
2019,Melbourne (CBD),"Electricity, Gas, Water and Waste Services",Small business,12,94
2019,Melbourne (CBD),Health Care and Social Assistance,Large business,2,
2019,Melbourne (CBD),Health Care and Social Assistance,Non employing,4,0
2019,Melbourne (CBD),Health Care and Social Assistance,Small business,356,2130
2002,Carlton,Arts and Recreation Services,Medium business,3,90
2002,Carlton,Education and Training,Large business,3,926
2002,Carlton,Education and Training,Small business,43,323
2002,Carlton,Financial and Insurance Services,Small business,33,222
2002,Carlton,Health Care and Social Assistance,Medium business,8,376
2002,Carlton,Information Media and Telecommunications,Non employing,1,
2002,Carlton,Manufacturing,Medium business,1,
2002,Carlton,Other Services,Non employing,6,0
2002,Carlton,"Professional, Scientific and Technical Services",Medium business,13,530
2002,Carlton,Retail Trade,Non employing,4,0
2002,Carlton,Wholesale Trade,Medium business,2,
2002,Carlton,Wholesale Trade,Small business,21,98
2002,Docklands,Accommodation and Food Services,Medium business,6,403
2002,Docklands,Administrative and Support Services,Small business,4,25
2002,Docklands,Arts and Recreation Services,Large business,1,
2002,Docklands,Financial and Insurance Services,Small business,1,
2002,Docklands,Information Media and Telecommunications,Medium business,2,
2002,Docklands,Manufacturing,Non employing,2,
2002,Docklands,Other Services,Non employing,2,
2002,Docklands,"Professional, Scientific and Technical Services",Medium business,1,
2002,Docklands,Public Administration and Safety,Large business,3,2729
2002,Docklands,Public Administration and Safety,Small business,1,
2002,Docklands,"Rental, Hiring and Real Estate Services",Small business,4,26
2002,Docklands,Retail Trade,Small business,10,36
2002,East Melbourne,Accommodation and Food Services,Large business,3,1869
2002,East Melbourne,Accommodation and Food Services,Medium business,3,150
2002,East Melbourne,Accommodation and Food Services,Small business,42,302
2002,East Melbourne,Arts and Recreation Services,Small business,20,123
2002,East Melbourne,Education and Training,Small business,5,46
2002,East Melbourne,"Electricity, Gas, Water and Waste Services",Medium business,2,
2002,East Melbourne,"Electricity, Gas, Water and Waste Services",Non employing,5,0
2002,East Melbourne,Health Care and Social Assistance,Medium business,10,484
2002,East Melbourne,Manufacturing,Medium business,1,
2002,East Melbourne,"Rental, Hiring and Real Estate Services",Medium business,1,
2002,East Melbourne,Retail Trade,Non employing,1,
2002,East Melbourne,"Transport, Postal and Warehousing",Small business,4,32
2002,East Melbourne,Wholesale Trade,Small business,7,74
2002,Kensington,Accommodation and Food Services,Medium business,1,
2002,Kensington,Accommodation and Food Services,Small business,11,55
2002,Kensington,Administrative and Support Services,Small business,1,
2002,Kensington,Arts and Recreation Services,Non employing,39,0
2002,Kensington,Arts and Recreation Services,Small business,13,80
2002,Kensington,Construction,Medium business,1,
2002,Kensington,Education and Training,Medium business,1,
2002,Kensington,"Rental, Hiring and Real Estate Services",Small business,1,
2002,Kensington,"Transport, Postal and Warehousing",Medium business,1,
2002,Melbourne (CBD),Accommodation and Food Services,Medium business,124,5752
2002,Melbourne (CBD),Accommodation and Food Services,Non employing,13,0
2002,Melbourne (CBD),"Agriculture, Forestry and Fishing",Medium business,1,
2002,Melbourne (CBD),"Agriculture, Forestry and Fishing",Small business,6,30
2002,Melbourne (CBD),Arts and Recreation Services,Medium business,16,1032
2002,Melbourne (CBD),Construction,Medium business,10,616
2002,Melbourne (CBD),Education and Training,Non employing,4,0
2002,Melbourne (CBD),Financial and Insurance Services,Non employing,6,0
2002,Melbourne (CBD),Financial and Insurance Services,Small business,428,2952
2002,Melbourne (CBD),Health Care and Social Assistance,Medium business,20,696
2002,Melbourne (CBD),Manufacturing,Non employing,2,
2002,Melbourne (CBD),Mining,Medium business,3,137
2002,Melbourne (CBD),Mining,Small business,25,148
2002,Melbourne (CBD),Other Services,Large business,3,725
2002,Melbourne (CBD),"Professional, Scientific and Technical Services",Non employing,5,0
2002,Melbourne (CBD),Public Administration and Safety,Large business,25,13185
2002,Melbourne (CBD),Public Administration and Safety,Medium business,70,4842
2002,Melbourne (CBD),Public Administration and Safety,Non employing,1,
2002,Melbourne (CBD),"Transport, Postal and Warehousing",Large business,7,4836
2002,Melbourne (CBD),"Transport, Postal and Warehousing",Medium business,24,1289
2002,Melbourne (CBD),Wholesale Trade,Large business,1,
2002,Melbourne (CBD),Wholesale Trade,Non employing,2,
2002,Melbourne (Remainder),Administrative and Support Services,Medium business,1,
2002,Melbourne (Remainder),"Agriculture, Forestry and Fishing",Small business,1,
2002,Melbourne (Remainder),Arts and Recreation Services,Large business,1,
2002,Melbourne (Remainder),Arts and Recreation Services,Medium business,4,203
2002,Melbourne (Remainder),Education and Training,Medium business,1,
2002,Melbourne (Remainder),Education and Training,Small business,5,51
2002,Melbourne (Remainder),"Electricity, Gas, Water and Waste Services",Non employing,3,0
2002,Melbourne (Remainder),"Electricity, Gas, Water and Waste Services",Small business,1,
2002,Melbourne (Remainder),Health Care and Social Assistance,Large business,2,
2002,Melbourne (Remainder),Health Care and Social Assistance,Small business,49,224
2002,Melbourne (Remainder),Mining,Large business,1,
2002,Melbourne (Remainder),"Professional, Scientific and Technical Services",Small business,75,583
2002,Melbourne (Remainder),Retail Trade,Medium business,1,
2002,Melbourne (Remainder),Wholesale Trade,Medium business,3,147
2002,Melbourne (Remainder),Wholesale Trade,Small business,5,23
2002,North Melbourne,Accommodation and Food Services,Non employing,4,0
2002,North Melbourne,Arts and Recreation Services,Medium business,6,313
2002,North Melbourne,Arts and Recreation Services,Non employing,8,0
2002,North Melbourne,Construction,Medium business,4,208
2002,North Melbourne,Construction,Small business,15,136
2002,North Melbourne,"Electricity, Gas, Water and Waste Services",Medium business,1,
2002,North Melbourne,Financial and Insurance Services,Medium business,1,
2002,North Melbourne,Health Care and Social Assistance,Small business,29,163
2002,North Melbourne,Information Media and Telecommunications,Small business,22,93
2002,North Melbourne,Other Services,Non employing,15,0
2002,North Melbourne,Other Services,Small business,114,543
2002,North Melbourne,"Professional, Scientific and Technical Services",Non employing,1,
2002,North Melbourne,Public Administration and Safety,Medium business,5,176
2002,North Melbourne,"Rental, Hiring and Real Estate Services",Medium business,1,
2002,North Melbourne,Retail Trade,Non employing,2,
2002,North Melbourne,"Transport, Postal and Warehousing",Medium business,6,199
2002,Parkville,Arts and Recreation Services,Medium business,2,
2002,Parkville,Arts and Recreation Services,Non employing,13,0
2002,Parkville,Arts and Recreation Services,Small business,8,31
2002,Parkville,Education and Training,Large business,1,
2002,Parkville,Education and Training,Medium business,3,359
2002,Parkville,Financial and Insurance Services,Small business,4,27
2002,Parkville,Health Care and Social Assistance,Large business,5,9505
2002,Parkville,Health Care and Social Assistance,Medium business,4,235
2002,Parkville,"Professional, Scientific and Technical Services",Large business,1,
2002,Parkville,"Professional, Scientific and Technical Services",Small business,3,20
2002,Parkville,Public Administration and Safety,Large business,1,
2002,Parkville,Retail Trade,Medium business,1,
2002,Port Melbourne,Administrative and Support Services,Medium business,1,
2002,Port Melbourne,Mining,Small business,1,
2002,Port Melbourne,Other Services,Medium business,2,
2002,Port Melbourne,"Professional, Scientific and Technical Services",Small business,13,126
2002,Port Melbourne,Public Administration and Safety,Non employing,1,
2002,Port Melbourne,"Rental, Hiring and Real Estate Services",Small business,2,
2002,Port Melbourne,"Transport, Postal and Warehousing",Small business,7,70
2002,Port Melbourne,Wholesale Trade,Small business,21,162
2002,South Yarra,Education and Training,Non employing,3,0
2002,South Yarra,"Professional, Scientific and Technical Services",Small business,2,
2002,South Yarra,Retail Trade,Small business,10,47
2002,Southbank,Administrative and Support Services,Large business,3,969
2002,Southbank,Administrative and Support Services,Small business,12,76
2002,Southbank,Arts and Recreation Services,Medium business,8,585
2002,Southbank,Arts and Recreation Services,Small business,20,100
2002,Southbank,Construction,Small business,4,41
2002,Southbank,Education and Training,Small business,5,30
2002,Southbank,"Electricity, Gas, Water and Waste Services",Non employing,18,0
2002,Southbank,Health Care and Social Assistance,Small business,9,30
2002,Southbank,Information Media and Telecommunications,Small business,11,110
2002,Southbank,Manufacturing,Small business,9,62
2002,Southbank,Mining,Medium business,1,
2002,Southbank,Other Services,Medium business,2,
2002,Southbank,Other Services,Small business,38,182
2002,Southbank,"Professional, Scientific and Technical Services",Medium business,29,1622
2002,Southbank,"Professional, Scientific and Technical Services",Small business,60,464
2002,Southbank,"Rental, Hiring and Real Estate Services",Medium business,2,
2002,Southbank,Retail Trade,Small business,88,481
2002,Southbank,"Transport, Postal and Warehousing",Small business,11,61
2002,West Melbourne (Industrial),Administrative and Support Services,Medium business,1,
2002,West Melbourne (Industrial),Construction,Medium business,1,
2002,West Melbourne (Industrial),Financial and Insurance Services,Small business,1,
2002,West Melbourne (Industrial),Manufacturing,Non employing,1,
2002,West Melbourne (Industrial),Public Administration and Safety,Small business,1,
2002,West Melbourne (Industrial),"Rental, Hiring and Real Estate Services",Small business,11,37
2002,West Melbourne (Industrial),Retail Trade,Medium business,1,
2002,West Melbourne (Industrial),"Transport, Postal and Warehousing",Non employing,36,0
2002,West Melbourne (Residential),Arts and Recreation Services,Small business,8,39
2002,West Melbourne (Residential),Education and Training,Small business,5,44
2002,West Melbourne (Residential),Health Care and Social Assistance,Small business,10,46
2002,West Melbourne (Residential),Manufacturing,Non employing,1,
2002,West Melbourne (Residential),Manufacturing,Small business,33,200
2002,West Melbourne (Residential),Other Services,Non employing,6,0
2002,West Melbourne (Residential),"Professional, Scientific and Technical Services",Small business,62,293
2002,West Melbourne (Residential),"Transport, Postal and Warehousing",Large business,1,
2002,West Melbourne (Residential),"Transport, Postal and Warehousing",Medium business,1,
2002,West Melbourne (Residential),Wholesale Trade,Medium business,5,176
2003,Carlton,Accommodation and Food Services,Small business,180,1297
2003,Carlton,Construction,Medium business,4,157
2003,Carlton,Construction,Non employing,1,
2003,Carlton,Education and Training,Large business,4,1097
2003,Carlton,Education and Training,Medium business,15,1123
2003,Carlton,"Electricity, Gas, Water and Waste Services",Non employing,15,0
2003,Carlton,Financial and Insurance Services,Medium business,8,491
2003,Carlton,Financial and Insurance Services,Small business,36,233
2003,Carlton,Information Media and Telecommunications,Large business,1,
2003,Carlton,Information Media and Telecommunications,Small business,18,129
2003,Carlton,Manufacturing,Small business,29,155
2003,Carlton,Other Services,Medium business,18,900
2003,Carlton,Other Services,Small business,134,658
2003,Carlton,"Professional, Scientific and Technical Services",Large business,1,
2003,Carlton,"Professional, Scientific and Technical Services",Non employing,5,0
2003,Carlton,"Rental, Hiring and Real Estate Services",Medium business,1,
2003,Carlton,Retail Trade,Small business,156,678
2003,Carlton,Wholesale Trade,Non employing,1,
2003,Docklands,"Agriculture, Forestry and Fishing",Small business,1,
2003,Docklands,Arts and Recreation Services,Large business,1,
2003,Docklands,Arts and Recreation Services,Non employing,3,0
2003,Docklands,"Electricity, Gas, Water and Waste Services",Medium business,1,
2003,Docklands,"Electricity, Gas, Water and Waste Services",Non employing,5,0
2003,Docklands,Financial and Insurance Services,Large business,1,
2003,Docklands,Information Media and Telecommunications,Large business,1,
2003,Docklands,Information Media and Telecommunications,Medium business,2,
2003,Docklands,Information Media and Telecommunications,Small business,2,
2003,Docklands,"Professional, Scientific and Technical Services",Medium business,1,
2003,Docklands,"Professional, Scientific and Technical Services",Small business,4,29
2003,Docklands,"Transport, Postal and Warehousing",Medium business,5,334
2003,Docklands,"Transport, Postal and Warehousing",Non employing,2,
2003,East Melbourne,Accommodation and Food Services,Non employing,5,0
2003,East Melbourne,Arts and Recreation Services,Medium business,5,248
2003,East Melbourne,Construction,Small business,4,31
2003,East Melbourne,Education and Training,Medium business,7,533
2003,East Melbourne,"Electricity, Gas, Water and Waste Services",Large business,1,
2003,East Melbourne,Health Care and Social Assistance,Medium business,12,728
2003,East Melbourne,Information Media and Telecommunications,Non employing,1,
2003,East Melbourne,Information Media and Telecommunications,Small business,6,39
2003,East Melbourne,Other Services,Large business,1,
2003,East Melbourne,Other Services,Small business,38,177
2003,East Melbourne,"Professional, Scientific and Technical Services",Non employing,1,
2003,East Melbourne,"Professional, Scientific and Technical Services",Small business,57,389
2003,East Melbourne,Retail Trade,Small business,15,50
2003,Kensington,Administrative and Support Services,Small business,1,
2003,Kensington,Arts and Recreation Services,Large business,1,
2003,Kensington,Arts and Recreation Services,Small business,13,80
2003,Kensington,Construction,Medium business,1,
2003,Kensington,Education and Training,Medium business,1,
2003,Kensington,Education and Training,Small business,1,
2003,Kensington,"Electricity, Gas, Water and Waste Services",Non employing,4,0
2003,Kensington,Health Care and Social Assistance,Medium business,1,
2003,Kensington,Manufacturing,Large business,1,
2003,Kensington,"Rental, Hiring and Real Estate Services",Small business,1,
2003,Kensington,Wholesale Trade,Small business,23,169
2003,Melbourne (CBD),Accommodation and Food Services,Non employing,13,0
2003,Melbourne (CBD),Administrative and Support Services,Large business,3,877
2003,Melbourne (CBD),Administrative and Support Services,Medium business,78,3771
2003,Melbourne (CBD),Arts and Recreation Services,Non employing,7,0
2003,Melbourne (CBD),"Electricity, Gas, Water and Waste Services",Large business,4,1495
2003,Melbourne (CBD),"Electricity, Gas, Water and Waste Services",Non employing,33,0
2003,Melbourne (CBD),Financial and Insurance Services,Large business,39,25934
2003,Melbourne (CBD),Financial and Insurance Services,Small business,428,2952
2003,Melbourne (CBD),Health Care and Social Assistance,Small business,312,1318
2003,Melbourne (CBD),Information Media and Telecommunications,Large business,19,14366
2003,Melbourne (CBD),Manufacturing,Small business,275,892
2003,Melbourne (CBD),Mining,Small business,25,148
2003,Melbourne (CBD),Other Services,Small business,501,2132
2003,Melbourne (CBD),"Professional, Scientific and Technical Services",Medium business,228,11826
2003,Melbourne (CBD),"Rental, Hiring and Real Estate Services",Small business,123,682
2003,Melbourne (CBD),Retail Trade,Large business,7,4160
2003,Melbourne (CBD),Retail Trade,Non employing,13,0
2003,Melbourne (CBD),"Transport, Postal and Warehousing",Large business,7,4836
2003,Melbourne (CBD),Wholesale Trade,Large business,1,
2003,Melbourne (CBD),Wholesale Trade,Medium business,10,403
2003,Melbourne (CBD),Wholesale Trade,Non employing,2,
2003,Melbourne (CBD),Wholesale Trade,Small business,115,447
2003,Melbourne (Remainder),Accommodation and Food Services,Small business,17,99
2003,Melbourne (Remainder),Administrative and Support Services,Small business,23,147
2003,Melbourne (Remainder),"Agriculture, Forestry and Fishing",Small business,1,
2003,Melbourne (Remainder),Arts and Recreation Services,Medium business,4,203
2003,Melbourne (Remainder),Education and Training,Large business,2,
2003,Melbourne (Remainder),Education and Training,Medium business,1,
2003,Melbourne (Remainder),Education and Training,Small business,5,51
2003,Melbourne (Remainder),Financial and Insurance Services,Small business,25,140
2003,Melbourne (Remainder),Health Care and Social Assistance,Large business,2,
2003,Melbourne (Remainder),Manufacturing,Large business,1,
2003,Melbourne (Remainder),Mining,Small business,2,
2003,Melbourne (Remainder),"Professional, Scientific and Technical Services",Small business,75,583
2003,Melbourne (Remainder),Public Administration and Safety,Small business,2,
2003,Melbourne (Remainder),"Rental, Hiring and Real Estate Services",Small business,5,28
2003,Melbourne (Remainder),Retail Trade,Medium business,1,
2003,Melbourne (Remainder),Retail Trade,Small business,15,66
2003,Melbourne (Remainder),Wholesale Trade,Medium business,3,147
2003,North Melbourne,Accommodation and Food Services,Medium business,4,177
2003,North Melbourne,Accommodation and Food Services,Non employing,5,0
2003,North Melbourne,"Agriculture, Forestry and Fishing",Small business,1,
2003,North Melbourne,Construction,Medium business,4,198
2003,North Melbourne,Education and Training,Medium business,5,198
2003,North Melbourne,"Electricity, Gas, Water and Waste Services",Non employing,20,0
2003,North Melbourne,Financial and Insurance Services,Medium business,3,97
2003,North Melbourne,Health Care and Social Assistance,Non employing,1,
2003,North Melbourne,Information Media and Telecommunications,Medium business,3,153
2003,North Melbourne,Information Media and Telecommunications,Non employing,1,
2003,North Melbourne,Information Media and Telecommunications,Small business,26,122
2003,North Melbourne,Manufacturing,Non employing,2,
2003,North Melbourne,Other Services,Medium business,4,192
2003,North Melbourne,Other Services,Non employing,11,0
2003,Parkville,Accommodation and Food Services,Medium business,11,421
2003,Parkville,Accommodation and Food Services,Small business,37,270
2003,Parkville,"Agriculture, Forestry and Fishing",Small business,1,
2003,Parkville,Arts and Recreation Services,Medium business,1,
2003,Parkville,Arts and Recreation Services,Small business,5,35
2003,Parkville,"Electricity, Gas, Water and Waste Services",Non employing,7,0
2003,Parkville,Health Care and Social Assistance,Medium business,2,
2003,Parkville,Health Care and Social Assistance,Small business,37,193
2003,Parkville,Information Media and Telecommunications,Non employing,1,
2003,Parkville,Other Services,Medium business,2,
2003,Parkville,"Professional, Scientific and Technical Services",Large business,1,
2003,Parkville,"Professional, Scientific and Technical Services",Small business,9,65
2003,Parkville,"Rental, Hiring and Real Estate Services",Medium business,1,
2003,Parkville,Retail Trade,Small business,17,83
2003,Port Melbourne,Arts and Recreation Services,Medium business,1,
2003,Port Melbourne,Arts and Recreation Services,Non employing,5,0
2003,Port Melbourne,Arts and Recreation Services,Small business,3,14
2003,Port Melbourne,Financial and Insurance Services,Small business,2,
2003,Port Melbourne,Manufacturing,Small business,19,179
2003,Port Melbourne,"Professional, Scientific and Technical Services",Small business,13,126
2003,Port Melbourne,Public Administration and Safety,Non employing,1,
2003,Port Melbourne,"Rental, Hiring and Real Estate Services",Medium business,1,
2003,Port Melbourne,"Transport, Postal and Warehousing",Small business,7,70
2003,South Yarra,Accommodation and Food Services,Non employing,1,
2003,Southbank,Accommodation and Food Services,Large business,1,
2003,Southbank,Accommodation and Food Services,Medium business,39,1642
2003,Southbank,Administrative and Support Services,Small business,12,76
2003,Southbank,"Agriculture, Forestry and Fishing",Medium business,2,
2003,Southbank,Arts and Recreation Services,Large business,4,8684
2003,Southbank,Arts and Recreation Services,Small business,20,100
2003,Southbank,Construction,Small business,4,41
2003,Southbank,Health Care and Social Assistance,Large business,1,
2003,Southbank,Information Media and Telecommunications,Medium business,22,1616
2003,Southbank,Information Media and Telecommunications,Small business,11,110
2003,Southbank,Manufacturing,Medium business,1,
2003,Southbank,Mining,Large business,2,
2003,Southbank,Mining,Small business,2,
2003,Southbank,Other Services,Medium business,2,
2003,Southbank,Other Services,Non employing,8,0
2003,Southbank,"Professional, Scientific and Technical Services",Medium business,29,1622
2003,Southbank,Public Administration and Safety,Medium business,7,309
2003,Southbank,Retail Trade,Medium business,8,358
2003,Southbank,Retail Trade,Small business,88,481
2003,Southbank,"Transport, Postal and Warehousing",Small business,11,61
2003,Southbank,Wholesale Trade,Small business,19,109
2003,West Melbourne (Industrial),Accommodation and Food Services,Small business,10,43
2003,West Melbourne (Industrial),Administrative and Support Services,Small business,4,24
2003,West Melbourne (Industrial),Construction,Non employing,1,
2003,West Melbourne (Industrial),Financial and Insurance Services,Small business,1,
2003,West Melbourne (Industrial),Information Media and Telecommunications,Small business,2,
2003,West Melbourne (Industrial),Other Services,Medium business,1,
2003,West Melbourne (Industrial),Other Services,Small business,6,46
2003,West Melbourne (Industrial),"Professional, Scientific and Technical Services",Small business,3,19
2003,West Melbourne (Industrial),Public Administration and Safety,Small business,2,
2003,West Melbourne (Industrial),"Rental, Hiring and Real Estate Services",Medium business,1,
2003,West Melbourne (Industrial),Retail Trade,Small business,6,34
2003,West Melbourne (Industrial),"Transport, Postal and Warehousing",Large business,2,
2003,West Melbourne (Industrial),"Transport, Postal and Warehousing",Small business,25,212
2003,West Melbourne (Industrial),Wholesale Trade,Medium business,31,1113
2003,West Melbourne (Residential),Accommodation and Food Services,Non employing,1,
2003,West Melbourne (Residential),Administrative and Support Services,Large business,1,
2003,West Melbourne (Residential),Arts and Recreation Services,Non employing,7,0
2003,West Melbourne (Residential),Education and Training,Medium business,3,93
2003,West Melbourne (Residential),"Electricity, Gas, Water and Waste Services",Small business,1,
2003,West Melbourne (Residential),Financial and Insurance Services,Large business,2,
2003,West Melbourne (Residential),Health Care and Social Assistance,Medium business,5,258
2003,West Melbourne (Residential),Information Media and Telecommunications,Medium business,4,157
2003,West Melbourne (Residential),Manufacturing,Medium business,8,230
2003,West Melbourne (Residential),"Professional, Scientific and Technical Services",Medium business,7,447
2003,West Melbourne (Residential),"Professional, Scientific and Technical Services",Small business,80,412
2003,West Melbourne (Residential),Retail Trade,Medium business,4,224
2003,West Melbourne (Residential),Retail Trade,Non employing,1,
2003,West Melbourne (Residential),"Transport, Postal and Warehousing",Large business,1,
2003,West Melbourne (Residential),"Transport, Postal and Warehousing",Non employing,1,
2004,Carlton,Accommodation and Food Services,Medium business,17,589
2004,Carlton,Administrative and Support Services,Medium business,4,164
2004,Carlton,Arts and Recreation Services,Large business,1,
2004,Carlton,Arts and Recreation Services,Medium business,2,
2004,Carlton,Arts and Recreation Services,Small business,16,70
2004,Carlton,Construction,Medium business,4,157
2004,Carlton,Construction,Non employing,1,
2004,Carlton,Other Services,Medium business,18,900
2004,Carlton,Other Services,Non employing,13,0
2004,Carlton,Public Administration and Safety,Medium business,8,446
2004,Carlton,Retail Trade,Large business,1,
2004,Carlton,Retail Trade,Medium business,7,333
2004,Carlton,"Transport, Postal and Warehousing",Small business,7,30
2004,Docklands,Accommodation and Food Services,Small business,25,266
2004,Docklands,Administrative and Support Services,Large business,1,
2004,Docklands,Administrative and Support Services,Small business,3,18
2004,Docklands,"Agriculture, Forestry and Fishing",Small business,1,
2004,Docklands,Arts and Recreation Services,Small business,3,14
2004,Docklands,"Electricity, Gas, Water and Waste Services",Non employing,5,0
2004,Docklands,Financial and Insurance Services,Large business,1,
2004,Docklands,Information Media and Telecommunications,Medium business,2,
2004,Docklands,Manufacturing,Non employing,2,
2004,Docklands,"Professional, Scientific and Technical Services",Medium business,1,
2004,Docklands,"Professional, Scientific and Technical Services",Non employing,1,
2004,Docklands,Public Administration and Safety,Large business,3,2931
2004,Docklands,"Rental, Hiring and Real Estate Services",Small business,2,
2004,East Melbourne,Accommodation and Food Services,Non employing,5,0
2004,East Melbourne,Accommodation and Food Services,Small business,43,258
2004,East Melbourne,Administrative and Support Services,Small business,16,91
2004,East Melbourne,"Agriculture, Forestry and Fishing",Small business,1,
2004,East Melbourne,Arts and Recreation Services,Medium business,5,248
2004,East Melbourne,Construction,Small business,4,31
2004,East Melbourne,Education and Training,Small business,6,62
2004,East Melbourne,Financial and Insurance Services,Medium business,6,464
2004,East Melbourne,Health Care and Social Assistance,Medium business,12,728
2004,East Melbourne,Health Care and Social Assistance,Non employing,1,
2004,East Melbourne,Health Care and Social Assistance,Small business,85,461
2004,East Melbourne,Retail Trade,Non employing,1,
2004,East Melbourne,Retail Trade,Small business,15,50
2004,East Melbourne,"Transport, Postal and Warehousing",Medium business,1,
2004,East Melbourne,"Transport, Postal and Warehousing",Small business,2,
2004,Kensington,Accommodation and Food Services,Medium business,1,
2004,Kensington,Administrative and Support Services,Small business,2,
2004,Kensington,Arts and Recreation Services,Non employing,40,0
2004,Kensington,Arts and Recreation Services,Small business,11,83
2004,Kensington,Construction,Medium business,1,
2004,Kensington,Construction,Non employing,1,
2004,Kensington,Health Care and Social Assistance,Medium business,2,
2004,Kensington,Health Care and Social Assistance,Small business,9,42
2004,Kensington,Manufacturing,Non employing,1,
2004,Kensington,Manufacturing,Small business,15,92
2004,Kensington,"Professional, Scientific and Technical Services",Medium business,1,
2004,Kensington,"Professional, Scientific and Technical Services",Small business,8,42
2004,Kensington,"Rental, Hiring and Real Estate Services",Medium business,1,
2004,Kensington,"Transport, Postal and Warehousing",Medium business,1,
2004,Kensington,Wholesale Trade,Medium business,1,
2004,Melbourne (CBD),Accommodation and Food Services,Non employing,9,0
2004,Melbourne (CBD),Accommodation and Food Services,Small business,941,6639
2004,Melbourne (CBD),"Agriculture, Forestry and Fishing",Medium business,2,
2004,Melbourne (CBD),"Agriculture, Forestry and Fishing",Small business,7,13
2004,Melbourne (CBD),Construction,Large business,1,
2004,Melbourne (CBD),Construction,Small business,56,367
2004,Melbourne (CBD),"Electricity, Gas, Water and Waste Services",Large business,6,2626
2004,Melbourne (CBD),Financial and Insurance Services,Medium business,144,8172
2004,Melbourne (CBD),Financial and Insurance Services,Non employing,3,0
2004,Melbourne (CBD),Information Media and Telecommunications,Large business,16,13743
2004,Melbourne (CBD),Information Media and Telecommunications,Medium business,41,2369
2004,Melbourne (CBD),Information Media and Telecommunications,Non employing,6,0
2004,Melbourne (CBD),Manufacturing,Medium business,7,319
2004,Melbourne (CBD),Other Services,Large business,2,
2004,Melbourne (CBD),Other Services,Medium business,34,1811
2004,Melbourne (CBD),Other Services,Non employing,37,0
2004,Melbourne (CBD),Public Administration and Safety,Large business,26,13575
2004,Melbourne (CBD),Public Administration and Safety,Non employing,2,
2004,Melbourne (CBD),"Rental, Hiring and Real Estate Services",Non employing,7,0
2004,Melbourne (CBD),Retail Trade,Large business,6,4425
2004,Melbourne (CBD),Retail Trade,Medium business,64,3065
2004,Melbourne (CBD),Retail Trade,Non employing,20,0
2004,Melbourne (CBD),Wholesale Trade,Non employing,1,
2004,Melbourne (CBD),Wholesale Trade,Small business,122,533
2004,Melbourne (Remainder),Accommodation and Food Services,Large business,1,
2004,Melbourne (Remainder),Arts and Recreation Services,Large business,2,
2004,Melbourne (Remainder),Education and Training,Small business,2,
2004,Melbourne (Remainder),"Electricity, Gas, Water and Waste Services",Non employing,3,0
2004,Melbourne (Remainder),Health Care and Social Assistance,Medium business,4,242
2004,Melbourne (Remainder),Information Media and Telecommunications,Small business,6,35
2004,Melbourne (Remainder),Other Services,Small business,22,73
2004,Melbourne (Remainder),"Professional, Scientific and Technical Services",Medium business,20,1305
2004,Melbourne (Remainder),"Professional, Scientific and Technical Services",Small business,53,376
2004,Melbourne (Remainder),Retail Trade,Small business,18,89
2004,Melbourne (Remainder),Wholesale Trade,Medium business,4,135
2004,North Melbourne,Accommodation and Food Services,Medium business,4,177
2004,North Melbourne,Accommodation and Food Services,Non employing,5,0
2004,North Melbourne,Accommodation and Food Services,Small business,81,478
2004,North Melbourne,Administrative and Support Services,Small business,27,146
2004,North Melbourne,Arts and Recreation Services,Medium business,7,327
2004,North Melbourne,Arts and Recreation Services,Non employing,9,0
2004,North Melbourne,Construction,Medium business,4,198
2004,North Melbourne,"Electricity, Gas, Water and Waste Services",Medium business,1,
2004,North Melbourne,Financial and Insurance Services,Medium business,3,97
2004,North Melbourne,Financial and Insurance Services,Small business,20,129
2004,North Melbourne,Health Care and Social Assistance,Large business,1,
2004,North Melbourne,Health Care and Social Assistance,Non employing,1,
2004,North Melbourne,Health Care and Social Assistance,Small business,32,162
2004,North Melbourne,Other Services,Medium business,4,192
2004,North Melbourne,Other Services,Non employing,11,0
2004,North Melbourne,"Professional, Scientific and Technical Services",Small business,127,546
2004,North Melbourne,Public Administration and Safety,Small business,1,
2004,North Melbourne,"Rental, Hiring and Real Estate Services",Medium business,2,
2004,North Melbourne,Wholesale Trade,Non employing,2,
2004,Parkville,Administrative and Support Services,Small business,3,13
2004,Parkville,Education and Training,Medium business,6,499
2004,Parkville,Education and Training,Small business,4,34
2004,Parkville,"Electricity, Gas, Water and Waste Services",Medium business,1,
2004,Parkville,"Electricity, Gas, Water and Waste Services",Non employing,7,0
2004,Parkville,Health Care and Social Assistance,Large business,5,9409
2004,Parkville,Health Care and Social Assistance,Non employing,1,
2004,Parkville,Information Media and Telecommunications,Small business,1,
2004,Parkville,Manufacturing,Large business,1,
2004,Parkville,Public Administration and Safety,Small business,3,26
2004,Parkville,"Rental, Hiring and Real Estate Services",Medium business,1,
2004,Parkville,Retail Trade,Non employing,1,
2004,Parkville,"Transport, Postal and Warehousing",Non employing,1,
2004,Port Melbourne,Accommodation and Food Services,Medium business,2,
2004,Port Melbourne,Administrative and Support Services,Large business,1,
2004,Port Melbourne,Administrative and Support Services,Medium business,1,
2004,Port Melbourne,Arts and Recreation Services,Medium business,1,
2004,Port Melbourne,Arts and Recreation Services,Small business,2,
2004,Port Melbourne,Construction,Medium business,4,113
2004,Port Melbourne,Manufacturing,Large business,5,4669
2004,Port Melbourne,Mining,Small business,1,
2004,Port Melbourne,Other Services,Medium business,2,
2004,Port Melbourne,Other Services,Small business,1,
2004,Port Melbourne,Wholesale Trade,Medium business,13,528
2004,South Yarra,Accommodation and Food Services,Small business,12,74
2004,South Yarra,Arts and Recreation Services,Non employing,4,0
2004,South Yarra,Education and Training,Medium business,4,263
2004,South Yarra,Education and Training,Small business,5,38
2004,South Yarra,Other Services,Non employing,1,
2004,South Yarra,Other Services,Small business,9,37
2004,South Yarra,Public Administration and Safety,Small business,1,
2004,Southbank,Accommodation and Food Services,Medium business,45,1744
2004,Southbank,Administrative and Support Services,Large business,3,691
2004,Southbank,Administrative and Support Services,Medium business,6,206
2004,Southbank,Administrative and Support Services,Small business,13,70
2004,Southbank,Arts and Recreation Services,Small business,22,126
2004,Southbank,Construction,Medium business,4,202
2004,Southbank,Education and Training,Small business,5,52
2004,Southbank,"Electricity, Gas, Water and Waste Services",Medium business,2,
2004,Southbank,Health Care and Social Assistance,Small business,12,50
2004,Southbank,Information Media and Telecommunications,Medium business,19,1682
2004,Southbank,Information Media and Telecommunications,Small business,12,106
2004,Southbank,Manufacturing,Large business,3,2210
2004,Southbank,Manufacturing,Medium business,4,253
2004,Southbank,Mining,Medium business,1,
2004,Southbank,"Professional, Scientific and Technical Services",Medium business,29,1623
2004,Southbank,"Professional, Scientific and Technical Services",Non employing,1,
2004,Southbank,Public Administration and Safety,Large business,2,
2004,Southbank,"Rental, Hiring and Real Estate Services",Small business,15,119
2004,Southbank,Retail Trade,Small business,90,478
2004,Southbank,Wholesale Trade,Medium business,3,279
2004,West Melbourne (Industrial),"Agriculture, Forestry and Fishing",Small business,1,
2004,West Melbourne (Industrial),Information Media and Telecommunications,Small business,2,
2004,West Melbourne (Industrial),Manufacturing,Medium business,5,294
2004,West Melbourne (Industrial),Public Administration and Safety,Small business,2,
2004,West Melbourne (Industrial),"Transport, Postal and Warehousing",Large business,2,
2004,West Melbourne (Industrial),Wholesale Trade,Small business,187,1206
2004,West Melbourne (Residential),Accommodation and Food Services,Medium business,1,
2004,West Melbourne (Residential),Accommodation and Food Services,Non employing,1,
2004,West Melbourne (Residential),Arts and Recreation Services,Medium business,3,109
2004,West Melbourne (Residential),Arts and Recreation Services,Small business,10,49
2004,West Melbourne (Residential),Construction,Small business,6,39
2004,West Melbourne (Residential),Education and Training,Medium business,3,93
2004,West Melbourne (Residential),Education and Training,Small business,5,46
2004,West Melbourne (Residential),"Electricity, Gas, Water and Waste Services",Non employing,7,0
2004,West Melbourne (Residential),Financial and Insurance Services,Large business,2,
2004,West Melbourne (Residential),Health Care and Social Assistance,Small business,13,67
2004,West Melbourne (Residential),Manufacturing,Medium business,8,230
2004,West Melbourne (Residential),Other Services,Medium business,2,
2004,West Melbourne (Residential),Other Services,Small business,61,314
2004,West Melbourne (Residential),"Professional, Scientific and Technical Services",Medium business,7,447
2004,West Melbourne (Residential),Public Administration and Safety,Large business,2,
2004,West Melbourne (Residential),"Transport, Postal and Warehousing",Large business,1,
2004,West Melbourne (Residential),"Transport, Postal and Warehousing",Small business,21,129
2005,Carlton,Administrative and Support Services,Non employing,1,
2005,Carlton,Arts and Recreation Services,Medium business,4,207
2005,Carlton,Construction,Non employing,1,
2005,Carlton,Education and Training,Large business,6,1945
2005,Carlton,Education and Training,Medium business,19,1176
2005,Carlton,"Electricity, Gas, Water and Waste Services",Non employing,16,0
2005,Carlton,Health Care and Social Assistance,Small business,86,495
2005,Carlton,Information Media and Telecommunications,Medium business,8,313
2005,Carlton,Information Media and Telecommunications,Non employing,1,
2005,Carlton,Other Services,Large business,2,
2005,Carlton,Other Services,Small business,123,630
2005,Carlton,"Professional, Scientific and Technical Services",Medium business,12,425
2005,Carlton,"Professional, Scientific and Technical Services",Small business,139,783
2005,Carlton,Retail Trade,Small business,155,721
2005,Carlton,Wholesale Trade,Medium business,3,150
2005,Carlton,Wholesale Trade,Small business,24,101
2005,Docklands,Accommodation and Food Services,Non employing,1,
2005,Docklands,Administrative and Support Services,Non employing,1,
2005,Docklands,Arts and Recreation Services,Medium business,1,
2005,Docklands,Arts and Recreation Services,Small business,12,48
2005,Docklands,Construction,Medium business,1,
2005,Docklands,Education and Training,Small business,2,
2005,Docklands,Financial and Insurance Services,Small business,5,30
2005,Docklands,Manufacturing,Non employing,2,
2005,Docklands,"Professional, Scientific and Technical Services",Large business,1,
2005,Docklands,"Professional, Scientific and Technical Services",Medium business,3,78
2005,Docklands,Public Administration and Safety,Non employing,2,
2005,Docklands,Public Administration and Safety,Small business,4,32
2005,Docklands,Retail Trade,Medium business,1,
2005,Docklands,"Transport, Postal and Warehousing",Medium business,8,333
2005,Docklands,"Transport, Postal and Warehousing",Non employing,4,0
2005,Docklands,Wholesale Trade,Medium business,1,
2005,Docklands,Wholesale Trade,Small business,2,
2005,East Melbourne,Accommodation and Food Services,Small business,46,304
2005,East Melbourne,Administrative and Support Services,Medium business,3,118
2005,East Melbourne,Arts and Recreation Services,Small business,21,105
2005,East Melbourne,Information Media and Telecommunications,Medium business,3,185
2005,East Melbourne,Information Media and Telecommunications,Small business,7,57
2005,East Melbourne,Manufacturing,Large business,1,
2005,East Melbourne,Other Services,Small business,36,168
2005,East Melbourne,Public Administration and Safety,Medium business,7,553
2005,East Melbourne,Public Administration and Safety,Small business,6,41
2005,East Melbourne,"Transport, Postal and Warehousing",Medium business,1,
2005,East Melbourne,"Transport, Postal and Warehousing",Small business,2,
2005,East Melbourne,Wholesale Trade,Small business,5,34
2005,Kensington,Accommodation and Food Services,Medium business,1,
2005,Kensington,Arts and Recreation Services,Medium business,8,371
2005,Kensington,Construction,Medium business,1,
2005,Kensington,Construction,Small business,1,
2005,Kensington,Education and Training,Small business,1,
2005,Kensington,"Electricity, Gas, Water and Waste Services",Non employing,5,0
2005,Kensington,Financial and Insurance Services,Small business,2,
2005,Kensington,Other Services,Medium business,1,
2005,Kensington,"Professional, Scientific and Technical Services",Medium business,1,
2005,Kensington,"Professional, Scientific and Technical Services",Small business,8,42
2005,Kensington,"Rental, Hiring and Real Estate Services",Medium business,1,
2005,Kensington,"Rental, Hiring and Real Estate Services",Small business,1,
2005,Kensington,"Transport, Postal and Warehousing",Medium business,1,
2005,Kensington,"Transport, Postal and Warehousing",Non employing,1,
2005,Kensington,Wholesale Trade,Medium business,1,
2005,Kensington,Wholesale Trade,Non employing,2,
2005,Melbourne (CBD),Accommodation and Food Services,Non employing,7,0
2005,Melbourne (CBD),Accommodation and Food Services,Small business,985,7193
2005,Melbourne (CBD),Administrative and Support Services,Large business,3,1111
2005,Melbourne (CBD),Administrative and Support Services,Medium business,81,3680
2005,Melbourne (CBD),Administrative and Support Services,Small business,407,2412
2005,Melbourne (CBD),Construction,Non employing,1,
2005,Melbourne (CBD),Construction,Small business,57,374
2005,Melbourne (CBD),Health Care and Social Assistance,Medium business,21,813
2005,Melbourne (CBD),Information Media and Telecommunications,Large business,16,14520
2005,Melbourne (CBD),Manufacturing,Medium business,9,360
2005,Melbourne (CBD),Manufacturing,Non employing,2,
2005,Melbourne (CBD),Manufacturing,Small business,261,813
2005,Melbourne (CBD),Mining,Small business,30,163
2005,Melbourne (CBD),"Professional, Scientific and Technical Services",Large business,33,17825
2005,Melbourne (CBD),"Professional, Scientific and Technical Services",Medium business,213,11234
2005,Melbourne (CBD),Public Administration and Safety,Large business,27,14270
2005,Melbourne (CBD),Public Administration and Safety,Medium business,77,5560
2005,Melbourne (CBD),"Rental, Hiring and Real Estate Services",Small business,124,698
2005,Melbourne (Remainder),Accommodation and Food Services,Large business,1,
2005,Melbourne (Remainder),Accommodation and Food Services,Small business,21,118
2005,Melbourne (Remainder),Administrative and Support Services,Medium business,1,
2005,Melbourne (Remainder),"Agriculture, Forestry and Fishing",Small business,1,
2005,Melbourne (Remainder),Arts and Recreation Services,Large business,2,
2005,Melbourne (Remainder),Construction,Small business,5,40
2005,Melbourne (Remainder),Education and Training,Small business,2,
2005,Melbourne (Remainder),Financial and Insurance Services,Small business,18,108
2005,Melbourne (Remainder),Health Care and Social Assistance,Medium business,4,242
2005,Melbourne (Remainder),Manufacturing,Large business,1,
2005,Melbourne (Remainder),Mining,Small business,2,
2005,Melbourne (Remainder),Other Services,Non employing,7,0
2005,Melbourne (Remainder),Public Administration and Safety,Small business,2,
2005,Melbourne (Remainder),Retail Trade,Non employing,1,
2005,Melbourne (Remainder),"Transport, Postal and Warehousing",Large business,1,
2005,Melbourne (Remainder),"Transport, Postal and Warehousing",Small business,7,61
2005,Melbourne (Remainder),Wholesale Trade,Medium business,4,135
2005,Melbourne (Remainder),Wholesale Trade,Small business,3,12
2005,North Melbourne,Administrative and Support Services,Medium business,7,300
2005,North Melbourne,Administrative and Support Services,Small business,17,79
2005,North Melbourne,Construction,Non employing,1,
2005,North Melbourne,Construction,Small business,14,95
2005,North Melbourne,Education and Training,Medium business,4,167
2005,North Melbourne,Education and Training,Small business,13,112
2005,North Melbourne,"Electricity, Gas, Water and Waste Services",Non employing,20,0
2005,North Melbourne,Financial and Insurance Services,Small business,19,109
2005,North Melbourne,Health Care and Social Assistance,Medium business,5,313
2005,North Melbourne,Health Care and Social Assistance,Small business,41,193
2005,North Melbourne,Mining,Small business,1,
2005,North Melbourne,Other Services,Medium business,6,281
2005,North Melbourne,Other Services,Small business,118,537
2005,North Melbourne,"Professional, Scientific and Technical Services",Non employing,1,
2005,North Melbourne,"Professional, Scientific and Technical Services",Small business,122,550
2005,North Melbourne,Public Administration and Safety,Small business,3,18
2005,North Melbourne,"Transport, Postal and Warehousing",Small business,31,217
2005,Parkville,Accommodation and Food Services,Medium business,12,494
2005,Parkville,"Agriculture, Forestry and Fishing",Medium business,1,
2005,Parkville,Arts and Recreation Services,Large business,1,
2005,Parkville,Manufacturing,Large business,1,
2005,Parkville,Other Services,Medium business,2,
2005,Parkville,"Professional, Scientific and Technical Services",Small business,7,67
